# marine_perception_tools coastline v1 (milli-degree deltas; see README.md)
# dataset: Natural Earth 1:50m physical coastline
# version: 4.1.0
# source: https://naturalearth.s3.amazonaws.com/50m_physical/ne_50m_coastline.zip
# terms: public domain (Natural Earth)
# retrieved: 2026-09-09
# generated by encode_coastline.py from coastline.json
# polylines: 1429  points: 60416
> -16153 180000
-61 -152
-7 -59
13 -74
-15 -80
-27 -83
-44 -77
-86 -116
-19 -65
-6 -69
-33 -134
-45 -130
-57 -95
-91 -61
-3 -60
-32 -59
17 -52
27 -50
-42 -16
-36 -26
-26 -28
-62 -17
-13 107
-50 34
-69 27
-56 42
24 96
66 81
-18 66
4 57
86 48
101 147
3 98
-8 23
-52 23
-22 29
-15 44
1 46
19 124
43 126
7 106
-7 107
77 -38
83 16
32 21
33 3
1 -45
-20 -44
-94 -144
-115 -129
110 -4
109 55
82 129
76 46
68 54
133 151
> -17054 177258
5 29
-56 -11
-42 -42
-17 -51
80 27
25 29
5 19
> 791 127373
56 -19
15 -34
-20 -27
-30 -7
-43 20
-11 32
33 35
> 24685 -81322
65 -98
-17 -2
-67 43
-30 0
-6 14
20 30
18 15
17 -2
> 24846 -80799
-28 -40
-14 -9
0 19
17 42
14 2
11 -14
> 24941 -80626
-43 -39
5 27
35 23
3 -11
> -31627 129569
-33 -381
-43 -242
-185 -400
-179 -478
-84 -390
-113 -358
-33 -236
-14 -305
54 -642
-40 -220
-209 -350
-51 -103
-57 -197
-269 -508
-57 -234
-18 -152
-57 -129
-114 -118
-317 -159
-150 -99
-240 -218
-80 -143
11 -142
-83 -157
87 -140
17 -112
-7 -178
-101 -627
118 -90
17 -115
-5 -216
35 -325
-44 -590
-49 -284
-43 -113
28 -209
-40 -355
-67 -125
-59 -94
-267 -184
-88 -203
-3 -167
-21 -186
-257 -375
-250 -384
-26 -130
-42 -143
-20 -188
-23 -93
64 -438
7 -279
39 -348
122 -300
71 -230
269 -261
100 -161
122 -287
-4 -83
-34 -67
86 -119
111 -3
94 -33
247 3
289 18
-65 105
-63 83
3 177
109 156
159 89
179 79
191 -12
335 -52
70 35
29 54
167 17
513 13
193 -40
392 -243
341 -161
154 -117
248 -99
344 -83
174 -26
320 -27
182 29
106 -12
291 -102
271 -229
100 -37
106 1
123 -55
248 -183
214 -189
105 -32
432 -35
197 -70
499 -319
431 -376
176 -102
59 -46
8 26
-23 42
-43 47
-4 23
36 22
82 -2
46 13
-26 33
-92 38
-239 120
-121 35
-37 152
32 46
62 56
169 17
76 -77
32 -70
125 -117
201 -76
185 -118
66 2
48 54
-26 88
-107 82
-99 92
-173 -15
-48 -14
-40 8
-38 32
-30 42
44 46
102 42
-14 26
-231 62
-62 50
-73 98
56 86
49 40
163 -13
157 26
117 -15
307 -221
379 -201
189 -121
284 -102
98 -65
159 -86
182 -5
122 8
262 69
137 63
315 204
135 10
103 -2
156 30
109 0
102 -27
175 -85
306 112
393 163
58 65
52 101
-81 19
-271 -50
-142 71
-160 -22
27 63
31 99
83 74
81 39
319 186
119 106
87 150
105 303
139 294
134 140
116 175
125 123
87 117
317 595
59 101
7 129
-11 159
17 144
-72 154
-8 113
78 278
70 148
154 255
44 112
48 259
65 293
267 353
-17 255
-26 227
80 182
49 428
67 238
177 444
61 120
126 182
158 158
214 156
191 95
98 42
157 91
124 63
59 49
83 172
235 256
47 83
75 16
42 -55
26 -69
249 -46
171 -44
121 -4
114 17
178 101
77 72
89 99
27 91
78 75
77 122
78 52
158 76
119 69
-4 54
-278 103
-148 68
-174 124
-256 117
-117 96
-76 46
-35 38
49 8
57 -9
195 46
137 -22
53 8
22 24
-15 46
-77 90
-27 45
6 32
124 -2
78 45
54 -18
-3 -78
67 -33
77 -65
56 -73
127 -89
50 -28
23 35
-3 56
55 45
73 20
119 -39
44 40
-12 82
-190 130
18 56
77 46
22 83
-14 86
-55 56
-54 114
6 153
-13 77
9 162
-17 80
30 -15
34 -88
7 -99
-3 -116
36 -49
96 -17
70 28
29 19
-12 75
2 67
94 8
82 24
68 40
65 -1
-18 -41
-149 -103
121 -49
93 -73
132 15
132 43
19 66
-21 56
77 82
59 47
49 -11
37 13
-11 57
-119 222
-63 44
25 47
67 15
68 -5
-10 -49
7 -115
38 -26
31 10
80 -54
51 75
3 65
35 44
48 1
20 14
-28 35
-13 116
-62 113
-13 54
33 20
71 8
71 -141
70 -4
81 -59
79 -1
67 88
64 18
26 50
1 101
55 68
19 76
121 18
84 -1
21 31
-34 77
-97 -24
-92 0
-49 -19
4 29
20 17
61 30
-25 82
-65 20
-63 10
-21 41
98 55
25 75
124 -4
88 28
66 9
33 47
70 10
48 -38
89 -19
19 65
-44 65
-111 44
-51 30
28 41
74 24
43 80
-60 79
-82 88
72 109
134 102
82 -17
85 12
44 127
-33 103
-90 93
-68 194
-96 165
-64 73
-100 142
-104 90
-186 125
-227 292
-40 19
-75 -39
-97 -36
-164 -44
-241 -11
17 43
86 43
-17 47
-56 53
53 4
32 -32
112 -54
59 2
47 43
57 67
37 73
33 45
40 7
41 67
13 99
-6 60
-103 422
-104 107
-127 10
-45 41
80 22
174 -4
35 34
-27 113
-35 78
-114 108
-56 21
-37 47
53 15
75 -22
86 -15
75 24
6 126
16 86
29 -41
10 -54
69 -91
74 -58
72 94
18 -1
-3 -90
70 -124
98 -105
179 80
175 161
58 90
59 8
109 44
92 27
72 8
75 42
71 99
26 135
28 63
65 63
81 61
156 -125
87 10
102 23
74 150
195 82
29 54
-5 118
17 45
156 -7
60 13
24 49
-21 64
-67 41
-63 90
34 31
69 -15
88 -9
19 83
5 66
72 7
57 -10
24 26
12 174
59 45
51 27
-28 22
-114 28
-67 96
-1 288
46 162
-27 69
-22 107
54 118
41 71
-53 119
-56 39
119 31
41 69
25 73
-20 92
7 37
88 -83
80 5
119 -5
109 15
78 29
157 -199
24 -197
-33 -144
26 -61
126 -128
47 -123
31 -10
90 150
-15 57
-85 87
-30 49
6 43
66 27
35 38
-20 71
-143 223
-139 126
37 64
78 110
-16 104
-46 64
-169 89
-84 71
-22 171
-32 87
-56 90
5 121
-21 250
-108 235
-68 98
-18 114
-27 66
-8 121
77 192
-71 86
-48 39
-91 175
-28 188
93 134
68 197
105 137
49 102
85 97
-4 37
-79 -78
-46 -10
-19 62
-23 -7
-62 -85
-97 -101
-58 1
-32 40
14 47
49 66
27 81
-39 70
-140 23
-91 51
-13 111
1 68
128 68
110 -37
23 -42
41 20
181 173
-7 97
-176 70
-92 109
7 117
-25 61
-106 50
-434 -410
-49 -19
-79 55
-92 21
-221 -133
-11 -49
60 -47
38 -71
-27 -62
-16 -66
-123 -239
-318 2
-188 61
-125 -36
-218 -71
-81 -77
-53 -61
-298 -206
-72 -66
-101 -68
-98 23
-67 25
-77 78
-160 302
-110 137
-133 235
-92 54
-75 32
-85 171
-52 122
14 35
17 25
1 31
-10 30
-67 -5
-36 -13
-47 11
-59 87
2 138
14 79
-63 88
-41 79
-84 130
-101 227
-66 178
-244 209
-140 159
-101 173
-72 261
12 120
-83 194
-38 190
-115 100
-87 35
-67 9
-161 94
-52 193
-160 249
-70 205
-43 51
-49 90
-1 174
79 301
81 137
130 182
221 86
178 50
369 253
183 72
242 65
151 56
165 -19
300 59
410 129
138 44
204 -21
383 -81
132 36
185 35
134 -59
92 -54
129 -8
244 61
129 55
166 56
316 -31
110 121
54 47
1 94
-25 44
63 10
59 -37
68 -15
34 -26
12 -57
38 -48
38 -69
140 11
271 117
104 65
-43 42
-35 48
78 7
80 -16
264 89
359 98
326 29
63 158
82 81
95 49
0 89
-41 60
-71 -40
-55 -12
-136 170
-105 57
-99 23
-93 34
-125 16
-200 -2
-189 22
-60 61
-38 54
-5 78
-30 113
-122 -26
-94 -48
-56 -6
-78 11
-57 81
-37 63
-101 36
-141 112
-96 -4
-120 60
-239 54
-209 17
-140 58
-297 -39
-122 41
-101 54
-201 64
-184 49
-52 66
-62 140
68 144
93 104
23 112
47 151
-123 113
-137 62
-182 268
-117 148
-66 116
-86 108
-86 -11
-68 -25
-107 24
-123 17
-150 -21
-225 78
-179 25
-175 83
-181 -6
-68 -16
-101 -10
-126 64
-93 60
-101 88
-153 117
-31 83
-2 74
-158 -10
-311 148
-254 76
-342 -52
-199 -51
-97 9
-237 191
-44 110
-113 -21
-174 -15
-136 86
-102 98
-60 106
-48 105
-49 137
-20 174
-77 90
-60 46
-21 139
11 64
25 77
-41 52
-55 39
-149 76
-147 156
-25 111
-74 63
-21 88
-9 77
-57 109
-132 177
-21 160
-36 73
-145 159
-76 62
-115 64
-11 -80
24 -75
-112 -46
-156 105
-109 123
-116 149
-164 144
-125 36
-50 39
-176 49
-103 125
-186 6
-259 64
-234 72
-70 49
-113 59
15 68
36 50
-111 98
-50 54
29 32
214 -64
124 39
16 40
4 55
-101 67
-108 92
-96 170
-90 136
3 39
70 -16
102 5
17 54
-51 49
-158 92
-327 19
-274 0
-281 60
-74 88
-70 58
-94 99
-88 66
-41 82
-187 265
-22 74
-4 116
-85 141
-78 71
-293 152
-104 75
-101 152
-34 71
-69 103
-102 37
-60 9
-108 61
-130 91
-72 135
-158 124
-257 8
-127 64
-54 43
-53 97
-41 40
-340 -81
-679 78
-211 -45
-211 81
-364 188
-129 42
-150 27
-193 121
-292 -7
-140 48
-181 -12
-196 -143
-240 -114
-207 -1
-395 -75
-107 -48
-165 -36
-399 -157
-157 -7
-187 24
-180 -26
-122 -40
-226 -38
-351 -158
-260 -227
-197 -14
-87 -28
-109 -47
-119 -139
-51 -84
-69 -31
0 -79
-22 -2
-22 53
-35 -24
-63 -210
-81 -141
-198 -145
-103 -60
-99 -78
-46 -46
-50 -21
-125 -31
-22 -74
-37 -66
-118 31
-136 -35
-92 -8
-58 -35
21 -43
-9 -34
-32 -43
-10 66
-15 41
-132 -142
-135 -130
-90 -33
-112 -56
-250 -49
-143 -41
-102 28
-19 -4
-7 -30
13 -19
-35 -59
-35 -16
-43 25
-15 16
-20 -7
-23 -25
0 -56
-36 -67
-370 -193
-98 -82
-152 -97
-137 -37
-149 -29
-253 -34
-177 -32
-173 -75
-123 -28
-234 -9
-178 35
-95 -23
-91 -1
-85 -29
-19 -124
-69 -100
-113 -144
-41 -84
-31 -183
14 -354
-43 -682
-25 -131
-78 -254
-122 -246
-163 -235
-444 -539
-49 -421
0 -80
12 -63
-27 -76
-56 -1
-57 70
-54 51
74 90
-20 40
-138 15
-87 2
-47 -27
-34 -57
22 -60
47 -8
113 -78
98 -96
32 -88
-33 -52
-35 -83
126 -69
109 -75
11 -99
-1 -86
47 -71
75 -138
58 27
61 39
22 79
83 -24
67 -42
18 -110
-12 -73
-53 -44
-93 -58
-117 -231
65 -113
96 -129
-7 62
3 131
86 109
53 47
114 53
80 -70
59 -65
52 -94
-177 -353
-26 -73
-34 -69
-29 122
8 71
-52 76
-74 -121
-20 -96
-44 -119
-114 -227
-237 -290
-68 -125
-54 -148
63 -201
15 -112
97 -143
65 -243
129 -228
66 -156
14 -111
-27 -157
115 -263
13 -200
-117 -131
8 -102
17 -68
191 -210
95 -203
49 -384
131 -237
255 -178
290 -337
106 -91
104 -42
82 -4
157 46
155 63
86 10
291 -128
274 -180
87 -83
183 -221
138 -207
71 -53
37 -16
-17 98
56 45
19 66
-75 53
-13 58
125 3
59 33
28 -22
24 -20
28 -90
-43 -99
-53 -76
-46 -103
-48 -40
-1 -104
-13 -41
-91 -208
-3 -133
32 -205
126 68
75 81
86 67
302 111
260 -21
108 -54
216 -172
133 -78
137 -97
-80 -48
-84 -29
-122 -93
-271 -45
-416 -182
-5 -126
17 -106
-48 -188
-57 -128
-1 -114
-18 -63
15 -83
324 130
-9 114
13 124
-5 56
4 83
149 63
166 39
108 -24
111 -10
127 25
91 10
302 156
156 131
124 151
118 -18
147 -48
113 -14
36 72
71 69
323 -80
97 -50
96 -80
-124 -1
-121 9
-155 -111
-111 -144
-105 -94
-236 -88
-199 -117
-74 -107
-17 -96
-30 -97
-80 -154
-67 -147
-87 -110
-46 -95
-399 -310
-133 -141
-54 -29
-45 -60
-63 12
-43 48
-177 48
-38 -29
20 -51
99 -127
-36 -80
-41 -64
182 -167
42 -69
73 -88
63 -93
7 -40
-13 -68
49 7
40 46
10 41
-59 75
-52 87
-4 48
21 23
205 -82
180 -56
54 -26
182 -67
53 -34
129 -143
152 -153
181 -42
117 -56
73 -72
65 -111
25 -307
186 -127
230 -74
16 58
2 69
72 22
110 -15
137 -304
143 -143
62 -122
24 -114
-5 -150
4 -189
228 -455
7 -108
-71 -325
13 -109
311 -494
147 -328
28 -108
25 -141
-36 -115
-34 -81
-38 -165
25 -653
-48 -561
> -17749 178575
50 21
48 -4
55 -69
73 -112
85 -72
3 -30
19 -29
44 0
43 -33
16 -59
-26 -60
-56 -188
7 -122
-73 -200
-79 -114
-92 -103
-50 5
-55 17
-17 -12
-8 -25
-24 -20
-34 -6
-26 -44
-17 -52
-52 -9
-54 8
-109 58
-43 62
-27 74
-33 179
-39 135
-35 76
-9 108
14 109
0 96
66 84
49 88
11 91
-15 38
27 26
3 110
28 71
148 -50
94 -14
90 -29
> -22090 166942
73 -122
64 -130
80 -102
90 -95
146 -190
153 -245
42 -108
53 -65
25 -62
52 -48
45 -112
87 -81
99 -135
38 -26
62 -9
45 -31
49 -74
69 -55
49 -60
24 -80
64 -136
300 -388
99 -152
-27 -121
63 -113
104 -142
-31 -19
-61 -4
-45 28
-26 59
-43 34
-67 -6
-65 18
-153 143
-106 62
-90 80
-77 104
-86 97
-210 199
-88 72
-37 83
-198 232
-55 87
-35 99
-109 192
-53 124
-77 79
-54 110
-49 163
-32 28
-55 19
-45 34
-66 115
-41 124
-36 22
-24 30
7 54
-17 49
-110 203
21 61
2 65
30 70
61 34
172 -62
> -80 127687
115 -6
114 4
139 24
49 -40
46 -53
107 -61
121 -18
70 5
62 25
53 34
52 7
76 -88
216 -91
112 -9
215 117
105 -2
62 23
66 13
144 61
122 99
171 169
38 64
24 72
-42 7
-37 -12
-174 -124
-40 -17
-73 -3
-43 59
-89 65
-118 13
-125 2
-126 -14
-42 -24
-127 -103
-149 -232
-37 -20
-41 1
-49 43
-39 56
-22 72
6 76
45 38
58 10
108 38
73 88
11 62
31 44
80 -8
79 4
84 65
117 202
41 115
14 149
-45 17
-64 -17
-97 29
-261 -14
-37 -34
-90 -154
-72 -169
-30 -47
-72 -42
-71 4
-95 137
-89 213
-42 44
-70 29
-78 8
-37 51
-18 72
-37 48
-52 37
122 -360
54 -94
6 -113
16 -112
47 -115
11 -123
-34 -59
-66 -23
-74 -14
-92 28
-55 -3
-101 -23
-298 89
-237 111
-247 165
-84 81
-77 90
23 -147
82 -45
82 -187
49 -35
233 -122
44 -36
80 -112
58 -49
79 -17
83 12
> -49059 70320
-17 -35
-59 -77
-1 -147
-24 -77
-62 -130
-26 -83
-17 -104
-1 -56
10 -69
74 -137
58 31
-5 136
12 72
45 -57
101 6
-3 -58
-132 -221
-9 -49
5 -80
28 -133
64 -19
80 66
38 5
39 32
95 -13
13 -51
29 21
45 -12
23 -24
-5 -55
-33 -43
-82 -59
-73 -68
-77 5
-69 -40
-71 -27
-38 20
-31 27
-6 37
-24 29
-27 -69
-40 -15
-53 42
-69 -23
-38 44
-52 10
-56 -24
-50 -37
-50 -20
-51 -8
-49 32
-10 58
5 120
52 93
123 67
-13 122
-20 78
-54 125
-34 135
9 69
40 65
-12 57
-31 22
-44 93
-20 156
5 49
39 83
36 9
28 43
18 48
52 -59
22 -82
-9 -93
-71 -10
7 -77
38 -130
54 -76
42 -31
18 11
-8 58
17 43
32 41
40 14
4 77
2 173
-29 72
-53 60
-10 40
1 48
23 25
45 -21
38 95
62 52
65 18
64 -24
53 -47
23 -78
2 -86
> 80967 63116
14 499
0 241
17 240
38 70
70 44
38 46
31 54
23 265
-1 227
-28 226
-25 144
-48 138
-39 72
-49 -22
-40 12
-37 65
-112 -440
-64 -449
-55 -1174
-2 -186
15 -186
50 -242
59 -240
31 73
41 226
73 297
> 80139 57392
19 -60
36 -51
134 -67
40 -2
28 -26
49 -103
23 -72
26 64
-19 447
-10 958
-49 492
-28 144
-45 139
-24 -857
-21 -114
-50 2
-46 -31
-5 -92
-74 -207
-19 -156
35 -408
> 70780 -25468
15 47
16 20
24 7
27 -3
59 -35
22 -26
33 -154
22 -49
44 -66
2 -92
-125 -518
-43 -285
-13 -354
5 -263
8 -149
38 -229
-17 -92
-107 -35
-77 30
-71 -91
-27 -135
-20 -28
-81 -69
-27 2
-20 32
-13 105
25 208
52 585
22 500
-42 266
-57 65
0 56
55 168
64 139
26 110
54 399
40 56
21 -6
27 -28
39 -88
> -9692 160682
103 -57
53 -100
114 -170
3 -290
-14 -94
160 -221
4 -64
-42 -60
-43 -19
-117 5
-61 10
-105 58
-89 75
-37 48
-29 51
-20 148
-9 319
-74 161
-34 167
15 64
36 89
15 17
96 -25
52 -43
23 -69
> 10751 119297
-64 16
-113 -26
-97 -63
-38 -38
-30 -43
-23 -63
-32 -56
-223 -179
-26 -25
-70 -92
-241 -195
-191 -189
-256 -229
-77 -91
-17 -41
-2 -51
-10 -47
-143 -140
-130 -152
-65 -63
-136 -112
-53 -68
-173 -94
-84 -27
-90 -10
73 92
56 101
15 57
27 48
58 23
46 32
36 108
51 100
69 109
79 101
107 79
117 65
67 95
33 121
55 85
77 69
90 66
344 204
95 -19
54 27
33 53
44 114
68 243
40 27
51 13
100 53
75 84
27 53
25 119
28 54
93 92
52 -3
155 -68
246 -89
93 35
56 -29
55 2
110 25
47 -7
32 -52
-52 -36
-261 -124
-59 -35
-129 -45
-94 36
> 11541 123103
-100 -208
46 6
42 30
67 -93
12 -112
-44 -113
51 -117
87 -97
70 -108
83 -204
40 -58
2 -65
-43 -48
-63 -25
-33 50
-34 126
-43 34
-38 3
-317 -44
-229 -9
-118 -30
-107 -57
-115 -14
-58 22
-60 8
-145 -46
-23 4
-27 16
14 34
56 64
62 57
47 89
69 324
109 151
23 97
56 21
61 -2
49 14
32 44
36 92
59 78
80 58
90 45
77 24
79 12
93 2
5 -55
> 10923 123511
71 -254
-5 -35
-77 -198
-25 -41
-51 -13
-70 -1
-68 -11
-95 -52
-50 -50
-49 -39
-109 35
-111 15
-159 -1
-38 -10
-97 -143
-8 -65
-3 -125
-17 -52
-66 -45
-73 -26
-129 11
-211 151
-40 48
-33 55
-39 107
-51 95
-212 81
-49 47
-6 70
11 66
24 61
33 37
96 64
56 28
44 1
40 -14
249 -158
53 -1
56 14
149 -1
69 25
126 79
66 30
200 48
134 63
123 86
80 35
119 40
35 -6
107 -51
> 10457 125197
128 -9
52 -24
48 -36
37 -44
29 -50
35 -21
166 27
183 4
77 -17
44 -33
117 -64
28 -109
-79 -97
-14 -80
35 -69
52 -27
29 -37
33 -75
58 -62
20 -43
-49 -23
-59 23
-56 35
-221 46
-226 34
-20 57
58 113
0 47
-82 76
-99 48
-49 10
-50 2
-242 -61
-112 52
-53 2
-107 -11
-33 32
-39 116
-63 98
82 -3
82 -19
171 -17
-45 56
-105 61
-29 38
46 -3
37 8
-8 105
44 15
42 -8
107 -63
> 11234 125627
4 -53
41 8
44 27
55 -16
166 -87
50 -14
61 8
59 -3
58 -33
181 -7
102 56
81 -10
55 33
61 -55
33 -72
8 -57
29 -32
65 8
59 -18
82 -70
45 -90
-38 -310
-9 -274
43 -271
-165 31
-160 59
-91 61
-74 83
-24 43
-34 105
-88 73
-37 46
-44 25
-77 63
-20 52
10 59
-63 3
-64 -19
-80 -62
-79 28
-138 89
-54 54
-20 68
-122 77
-3 79
-29 120
19 196
-11 46
-71 62
24 13
91 -45
69 -77
> 12837 121480
95 -5
88 15
69 49
42 -16
57 -81
77 -85
109 -73
58 -81
-51 -81
30 -43
18 -54
57 -44
15 -66
-30 -160
8 -51
19 -51
24 -185
-5 -67
-44 -48
-61 -15
-10 50
3 50
-11 17
-83 26
-51 27
-51 65
-40 78
-38 29
-161 84
-129 5
-50 7
-43 20
-44 59
-58 44
-65 22
-69 1
-65 40
-87 87
-21 34
-35 25
-51 9
-17 38
-17 82
58 52
27 33
9 35
-12 37
60 6
28 18
34 -6
85 46
76 61
54 22
199 -61
> -6380 155823
84 -89
75 -96
25 -57
14 -62
37 -52
171 -94
42 -50
67 -95
37 -30
51 -11
157 -93
80 -97
19 -126
27 -53
40 -45
10 -44
-101 12
-202 -32
-70 12
-114 38
-40 23
-90 88
-45 70
-104 70
-24 35
-74 157
-104 32
-115 -25
-99 52
-96 83
-61 83
-47 94
-26 96
-7 102
29 44
38 42
34 87
-35 23
17 18
93 25
122 -30
95 -46
90 -59
> -4106 153017
524 -637
61 -51
111 -150
130 -114
29 -32
78 -226
100 -117
70 -104
61 -111
67 -160
5 -89
81 -51
101 -180
115 -170
-71 18
-69 -17
-26 -80
-41 102
0 120
-49 99
-208 338
-64 60
-53 114
-184 214
-62 87
-53 93
-16 50
-18 113
-19 56
-76 87
-86 77
-327 242
-137 70
-150 29
-74 -4
-73 -15
-69 3
-138 59
-63 47
-63 59
-70 46
76 74
90 57
90 23
100 -2
84 68
40 21
100 -9
146 -107
> -7390 138770
10 -226
-58 -248
-57 -111
-71 -103
-76 -74
-290 -175
-330 -148
-124 -35
-26 38
32 184
-2 111
-23 313
131 239
76 77
139 174
177 107
186 96
108 -26
76 -64
97 -97
25 -32
> -3419 130773
8 -55
19 -47
80 -29
84 -16
97 -56
142 -191
10 -75
-14 -201
16 -119
111 -229
60 -155
16 -57
4 -59
-5 -57
-30 -56
-68 -91
-44 -106
-4 -58
42 -42
57 -16
9 -67
-21 -80
-7 -120
15 -221
-24 -371
-69 -86
-287 -235
-60 19
-59 31
-56 0
-99 -26
-10 18
62 50
103 60
38 14
64 12
55 26
27 50
-15 49
-31 52
-38 47
-175 139
-24 47
-9 51
16 122
36 38
97 74
34 51
31 61
6 62
-12 33
-31 6
-32 -12
-22 15
-23 141
-44 104
-16 121
-44 135
19 54
71 -2
34 -8
10 33
2 82
-10 217
-65 109
-47 28
-36 39
-104 250
-46 93
-124 217
-109 225
288 55
37 -14
114 -73
> -3338 127163
27 -38
33 -33
61 -29
51 -38
78 -164
19 -53
4 -253
-38 -249
-45 -86
43 -132
-23 -38
-43 -24
-185 8
-65 23
-102 90
-56 31
-26 37
-106 196
-61 136
-52 139
10 54
25 54
6 76
18 71
94 144
24 70
14 75
162 14
80 -17
53 -64
> -8152 122978
46 -61
13 -71
-34 -54
-59 -33
-36 160
-82 -69
-49 -100
-49 -146
-30 -48
-38 -42
-44 -30
-52 -17
-35 -34
-27 -110
3 -60
128 -196
25 -47
17 -53
-27 -55
-12 -49
-13 -116
1 -64
-20 -73
-49 -62
-10 -50
7 -53
27 -73
73 -95
54 -159
58 -109
39 -123
6 -135
13 -41
68 -100
-20 -63
-6 -61
17 -61
-9 -71
-32 -123
-88 -132
-58 -135
-9 -46
25 -43
-53 -9
-50 -18
-48 -30
-52 -11
-75 1
-66 33
-44 38
-50 30
48 103
33 109
-43 199
18 230
-47 231
-79 201
-7 53
9 51
22 52
8 53
-21 137
102 87
3 85
-9 85
-33 36
-45 30
29 87
10 101
115 255
15 92
-8 135
3 96
10 53
44 84
34 88
35 141
16 37
34 27
81 -36
65 91
35 22
27 31
25 51
177 -28
> -9903 120700
97 -67
87 -77
45 -52
28 -60
-9 -79
7 -74
45 -33
60 -10
37 -27
86 -163
45 -46
53 -38
21 -32
-59 -91
-20 -56
28 -180
-18 -191
3 -128
-17 -110
-56 -155
-32 -37
-47 -35
-54 18
-48 31
-48 34
-38 43
-65 278
1 54
10 53
-13 131
-143 212
-50 118
-73 67
-83 54
-77 93
-42 110
-21 140
-31 44
58 123
8 78
21 58
99 106
70 29
81 -49
54 -84
> -8457 119044
119 -56
40 -62
5 -80
-13 -52
-25 -46
-84 -34
22 -22
70 -21
42 -59
11 -60
-1 -61
-22 -58
-61 -95
-3 -46
39 -50
51 -39
117 -52
28 -34
33 -196
-12 -53
-49 -113
-55 -17
-74 28
-63 49
-117 164
-8 39
3 43
-11 39
-53 74
-64 61
-60 -29
2 -102
-78 -134
24 -77
-7 -87
128 -94
20 -39
27 -30
76 -21
34 -55
-9 -132
6 -78
54 -133
8 -59
-77 -101
-59 -111
-5 -67
-24 -51
-66 -34
-67 -18
-146 24
-83 -35
-61 -4
-51 20
-40 83
-30 87
-23 103
30 100
35 49
8 55
-8 61
2 62
24 120
88 224
0 63
-11 66
80 210
-5 61
15 58
33 44
133 145
-29 21
-109 -2
-42 29
-1 52
44 195
7 54
-33 80
5 25
24 4
18 -19
17 -62
39 -10
23 75
9 82
-10 36
-28 32
-9 35
20 73
20 25
42 26
40 -29
28 -39
39 -20
104 2
> -8204 116402
-34 -98
-57 -84
-142 -159
-174 17
-134 -2
-20 -44
7 -118
15 -45
-45 -12
-38 18
-47 152
-39 212
6 51
-23 87
43 210
32 -28
33 -45
207 127
227 93
51 -15
32 -31
21 -41
79 -245
> -8208 115549
53 -101
40 -108
48 -149
1 -37
-108 -156
-13 -60
4 -105
55 -213
11 -116
-2 -29
-47 -7
-49 11
-46 23
-84 69
-33 42
-16 118
-35 111
-67 110
-77 103
-56 51
-68 36
-72 -2
-60 -48
-20 53
14 49
15 26
22 16
40 11
94 48
48 39
102 226
66 101
41 43
43 -13
156 -142
> -2465 106366
276 -157
322 -47
67 -35
62 -47
69 -34
76 -19
54 -46
34 -71
-1 -94
-28 -96
-125 34
-72 -53
51 -33
70 -28
83 -55
-48 -125
-36 -47
-46 -40
-48 -9
-46 23
-62 -12
-48 -59
-56 -125
-56 -53
-70 -5
-36 115
-35 45
-11 50
46 210
-24 46
-30 106
-48 81
-126 21
-108 55
-37 46
-41 31
-150 -31
-101 29
-81 62
-30 127
-39 124
-55 92
-18 55
-27 52
-35 47
-27 51
-15 64
-1 56
71 -9
65 -39
40 -7
192 67
46 28
40 37
45 74
108 -452
> 58606 22964
16 -144
-17 -66
-8 -66
24 -71
6 -70
-22 -73
-24 -146
-73 -61
13 -61
-5 -37
-38 -88
32 -79
4 -78
-17 -62
-110 122
-38 -19
-33 -41
-11 -33
-3 -37
-40 28
-49 153
-41 69
-18 84
-39 -35
-120 -167
-32 -8
-32 19
5 79
31 76
85 75
109 42
56 103
19 126
-5 232
30 27
50 128
53 95
8 55
26 48
38 44
15 196
32 -30
123 -329
> 77899 24238
-34 -355
10 -199
83 -353
34 -214
96 35
33 213
28 87
37 -100
53 -233
13 -130
-12 -254
-25 -286
13 -149
180 -93
169 -164
-5 -297
24 -138
2 -153
-41 -408
-42 -684
-37 -135
-66 145
7 187
-93 -32
-74 258
-86 59
-107 190
-53 175
-82 443
-8 -45
-104 -177
-40 -97
-61 -83
-92 -50
-54 -328
-105 55
-19 122
53 806
7 201
28 198
41 142
1 51
-21 172
4 65
-15 48
-39 -54
-71 -237
-69 45
-29 -18
-15 -42
-49 127
9 248
35 98
50 97
24 104
-5 280
21 124
61 231
36 105
60 114
73 107
27 68
99 772
77 -331
65 -333
> 80867 62103
19 -252
7 -254
-30 -284
-36 -493
-23 -338
-3 -204
37 -43
11 -140
-13 -379
-19 -124
-33 -43
-17 -54
-54 -108
-95 -81
-45 -18
-51 16
-17 42
-74 304
15 250
48 378
-59 444
-16 329
86 234
30 312
51 84
15 88
16 307
67 39
46 77
64 36
41 -60
32 -65
> 80562 47011
47 134
6 53
-9 106
69 110
13 98
54 88
23 105
-9 72
-88 267
-39 581
4 59
85 3
61 -140
27 -101
13 -101
4 -102
-10 -343
41 -458
-1 -90
-39 -331
-59 -222
-20 -472
-83 -1202
-41 -220
-12 244
-39 240
-23 252
32 328
-28 55
-57 36
-37 81
10 237
19 136
65 110
20 54
1 333
> 80745 51455
145 -537
24 -117
-3 -370
16 -153
-3 -154
-59 -616
-44 -264
-109 -97
-56 46
-97 -8
-43 -97
-8 -463
50 -160
11 -62
-7 -97
-18 -98
-15 -312
-28 -240
-56 -253
-145 -759
-42 94
-21 108
-54 145
-3 258
9 94
41 101
15 198
-6 251
-26 85
-62 -255
-39 -91
-30 105
7 203
10 86
23 70
11 71
-37 219
14 81
48 66
25 22
12 27
-34 215
-6 95
8 86
44 33
35 -20
24 -31
11 -38
13 -233
10 -12
54 134
15 85
8 690
48 208
47 -44
26 96
29 434
13 681
64 185
84 558
53 -113
4 -136
> 69511 49225
-2 -272
-14 -108
-59 -214
-90 -217
-77 -94
-85 -24
-87 -16
-57 -1
-56 15
-42 22
-137 123
-72 228
10 243
35 270
82 446
114 214
79 81
73 173
-28 47
-60 23
11 57
40 62
97 -18
71 -98
52 -171
202 -771
> 69962 60393
61 -221
85 -216
89 -320
52 -107
62 -103
51 -116
75 -222
23 -40
5 -43
-32 -211
-73 -116
-9 -63
-33 -95
-51 -47
-111 95
-27 38
-41 28
-37 46
-158 273
-10 51
28 79
11 61
-24 124
-8 114
-24 121
-75 78
-52 -3
-18 59
-15 88
-10 88
1 107
20 106
-29 190
27 111
11 113
68 37
91 4
50 -31
27 -57
> 73342 71445
30 -94
76 -119
30 -91
26 -118
10 -83
-36 -590
-33 -200
-86 -154
-135 23
-55 -33
-42 -56
-42 -10
-48 121
19 78
-12 179
4 82
47 294
25 213
42 469
12 270
51 4
58 -40
59 -145
> 79997 92593
48 -420
7 -421
-3 -326
-18 -197
-50 -159
-76 56
-70 250
-44 308
-106 470
-10 287
10 242
19 243
34 229
46 227
33 222
88 199
36 -321
56 -889
> 74549 112084
-22 -76
-31 -19
-40 -6
-67 -34
-25 -69
10 -242
-6 -68
-15 -67
-80 140
-54 269
-56 193
-17 91
-51 586
8 29
94 167
42 212
34 69
44 40
36 54
47 34
41 -101
39 -334
69 -868
> 74243 141039
22 -95
9 -95
-8 -442
-9 -107
-20 -106
-53 -92
-179 81
-83 226
-3 98
80 503
51 37
118 50
41 -18
34 -40
> 35215 26168
0 -140
-36 -135
-46 -56
-10 -46
20 -46
41 -10
142 21
23 -26
-21 -160
-22 -94
33 -179
8 -193
63 -101
15 -282
-15 -94
-29 -92
-15 -90
-7 -91
5 -41
22 -38
37 -17
46 -3
-9 -76
24 -56
12 -14
15 15
26 74
58 -32
-1 -73
-59 -59
-6 -21
-1 -92
7 -69
21 -59
78 -22
22 -34
-51 -22
-55 0
-36 -42
16 -46
36 -18
-31 -39
-119 -22
-121 14
-38 31
-22 45
-2 66
13 180
-24 110
-62 470
-45 119
-26 126
-31 26
-44 9
-63 1
-17 55
25 406
48 405
18 219
-11 217
5 119
26 78
50 12
64 25
110 18
46 21
-5 -34
-95 -118
> 38145 24464
17 -104
58 -84
119 -56
124 -32
41 23
37 -11
47 -45
60 -27
23 -29
16 -221
78 -190
5 -52
43 -111
37 -53
109 -57
76 -102
-4 -55
-28 -112
-87 -160
-45 -116
-23 11
-8 55
33 93
-28 115
-44 108
-66 112
-79 101
-43 40
-31 48
-29 64
-110 34
-42 108
0 127
-11 154
-16 2
-37 22
-20 39
-74 41
-39 45
-52 4
-34 19
-58 106
-41 41
-2 58
-12 29
-24 27
-11 29
10 35
40 42
104 9
24 -25
-3 -99
> 35570 34272
-24 -80
-72 -129
-120 -455
-18 -149
6 -151
16 -185
32 -181
-112 -16
-97 -46
-21 -108
11 -59
12 -61
-27 -96
-66 -81
-40 -84
33 -90
-130 16
-175 97
-49 35
-23 57
-57 187
-1 57
13 117
-26 47
-59 28
-6 66
30 16
37 1
38 37
21 54
2 60
20 121
33 118
55 99
164 185
3 60
-7 63
5 115
17 113
58 -26
19 -20
75 -73
62 -23
90 34
302 521
68 93
-33 -145
-59 -139
> 57900 18841
-67 -36
31 -83
-33 -185
-74 -132
-102 -122
-44 -78
-54 -68
-108 -8
-110 23
-67 -47
-60 59
-79 46
-50 75
-73 -78
-89 -61
11 103
46 91
110 47
75 90
34 61
46 162
81 43
37 42
25 59
12 64
85 -117
223 23
24 64
12 67
70 49
24 82
64 -120
15 -55
-15 -60
> 54977 12073
93 -7
118 24
49 232
49 91
100 -28
28 -110
53 -60
71 28
50 78
28 86
21 100
19 38
29 26
100 -2
133 -44
41 18
74 65
31 -29
19 -53
23 -98
16 -105
-3 -104
-67 -179
-84 -174
-31 47
-41 22
-68 -13
-20 -37
-36 -27
-74 -38
4 -36
27 -93
100 -9
79 14
49 -68
-14 -153
-36 -15
-28 4
-126 -142
-17 -47
-5 -51
9 -174
-18 -71
-78 30
-15 61
-28 51
-35 -1
-31 8
-69 62
-137 -19
-125 115
-6 24
17 97
-3 69
-25 178
-91 43
-57 7
-67 36
-57 1
-142 121
42 188
94 19
68 4
> 55133 10785
70 23
67 -23
52 34
124 -81
112 -51
52 -42
3 -22
-55 -118
2 -81
39 -70
12 -68
-76 -292
-20 -133
-158 -2
-128 71
-24 37
-42 22
-75 266
-39 188
3 181
81 161
> 39757 3241
33 -96
47 14
24 32
29 8
18 -32
16 -3
37 34
10 -39
-63 -254
-53 -120
-242 -414
-41 -1
-32 24
-10 65
-52 41
53 76
25 58
-14 67
-32 45
-100 24
-25 30
-17 100
-67 173
32 82
54 90
90 48
79 56
71 66
71 47
63 -13
16 -53
10 -54
-30 -101
> -73752 -120722
19 -775
21 -470
30 -469
2 -474
7 -102
-9 -100
-57 -137
-64 -43
-40 -54
-6 155
11 156
-6 43
-23 41
-99 326
-28 -85
-105 -171
-42 6
-49 81
-29 29
-8 -126
-13 -65
-62 18
-41 79
-60 572
66 1225
11 60
33 -3
14 -31
19 -18
87 35
16 29
168 718
67 -40
66 -66
100 -178
4 -166
> -73586 -127233
-127 1
-11 20
-10 90
8 116
49 104
20 64
3 127
-16 128
-10 45
-20 42
-46 30
-66 -6
-79 228
-64 357
-80 204
-28 134
-7 128
-112 331
-26 217
-18 674
-30 217
0 45
30 100
58 -2
51 28
41 11
19 -51
49 -81
37 -197
27 -23
37 51
27 59
46 -87
94 -411
5 -77
-15 -77
-80 -299
4 -116
25 -115
5 -103
-24 -225
-2 -122
20 -125
22 -58
31 -3
31 32
15 105
-8 111
20 336
25 12
48 -62
56 -178
26 -57
83 -66
47 -109
18 -121
31 -119
42 -89
29 -265
7 -267
-12 -233
-17 -148
14 -146
-10 -144
-78 -126
-65 -35
-69 15
-51 82
-19 99
> -79608 -66785
26 -96
13 -98
9 -459
32 -250
-18 -121
-43 38
-31 52
-142 642
-31 83
-80 32
-36 58
-64 494
-81 43
-21 48
-6 52
3 93
24 185
13 90
87 395
117 -36
66 -39
33 -291
114 -144
12 -260
4 -511
> -64367 -57295
49 -43
22 -76
58 86
17 106
55 -51
69 24
86 -268
49 37
-5 -113
-48 -117
-33 -31
-14 -33
-6 -35
14 -37
105 19
42 46
39 2
64 -52
-2 -95
-29 -45
-12 -99
-31 -76
-38 -129
-78 -67
-74 -83
-45 -13
-22 40
4 46
24 102
10 103
-64 -15
-45 24
-36 118
-73 -284
-55 90
1 45
47 147
2 51
-11 50
-63 -31
-16 42
9 39
99 48
9 120
-18 32
-46 -12
7 102
-29 193
12 93
> -64572 -63131
-1 -146
103 96
89 -90
57 41
58 -104
5 -152
-12 -48
-41 -72
-29 -77
-41 15
-37 -6
-36 -242
-30 19
-23 30
-72 -304
-53 -55
-63 -46
-12 88
-23 85
-36 92
-23 203
-16 34
-26 30
31 93
69 89
7 100
-7 103
17 80
37 72
69 177
39 189
53 -91
-16 -104
-37 -99
> -70924 -74205
130 510
71 145
88 -157
57 -172
17 -79
8 -80
-24 -75
-78 -2
40 -110
39 -176
-11 -55
-140 -13
-43 -58
-22 -63
161 -200
40 -108
1 -56
-19 -53
-42 -31
-55 -22
-46 -67
-21 -83
-63 -825
-28 -214
-30 -129
-47 -122
-50 -12
-99 91
-27 57
-16 93
1 95
120 1370
39 301
49 300
> -70179 -74849
47 177
134 94
26 118
22 22
33 -27
56 -85
109 -260
24 -177
-13 -149
6 -43
-14 -86
-68 -49
-23 -26
-42 -341
-34 -79
-68 -53
-54 9
-47 40
-11 37
-53 459
-30 419
> -72033 -99735
-11 -49
-2 -49
107 -152
102 -100
4 -134
-33 -182
-119 -1727
-24 -109
-23 -51
-49 -26
-54 49
-50 243
-5 119
12 118
2 183
-102 1245
5 162
-14 91
-25 90
-68 342
-27 238
-65 285
-1 267
-17 241
-58 233
-8 245
-1 335
9 232
26 230
1 116
-53 222
-4 113
20 111
10 111
-29 641
23 22
29 16
71 -64
15 252
29 251
161 44
74 -79
107 1
11 -76
-65 -221
-86 -576
-47 -236
-4 -81
12 -91
25 -89
90 264
87 417
149 173
60 -258
-15 -486
-93 -220
-101 -66
-46 -41
-41 -46
-57 -103
1 -115
39 -66
54 -56
95 109
117 -112
-36 -231
-198 -107
-6 -245
105 -8
106 85
92 -98
38 -205
18 -221
-90 -350
-79 -117
-39 -172
27 -309
-88 -172
> -72820 -75377
-59 -354
-32 29
-42 102
-41 161
-15 195
-41 -32
-2 -141
-49 -51
-8 -38
55 -269
-2 -123
-29 -120
-24 -44
-41 -34
-53 6
-52 37
-33 50
-45 102
-278 1326
46 123
101 86
37 -101
58 -84
41 -24
17 -40
36 -53
31 146
15 23
131 145
101 130
46 -52
32 -60
25 -138
74 -903
> -67744 -68901
-9 83
7 84
23 70
0 42
-10 42
26 73
51 68
101 58
23 56
-8 75
-18 75
19 82
65 105
24 19
32 -38
36 -137
10 -91
28 60
44 145
45 74
36 108
72 160
24 -73
41 -67
20 -48
17 -73
13 -19
50 -1
137 37
99 191
37 60
76 -30
9 -120
-33 -107
-145 -398
-51 -81
-140 -158
-77 -81
-87 -78
-77 -86
-169 -262
-50 -51
-62 -5
-63 18
-25 22
-77 116
-64 81
> 71538 -180000
13 155
27 154
4 145
-15 144
5 146
24 144
-3 118
-16 118
-36 437
-12 85
-47 139
-17 81
-27 77
-47 82
-51 158
-58 233
-19 52
-44 34
-52 -26
-99 -298
-26 -241
-27 -465
-75 -629
-21 -259
4 -91
49 -227
21 -266
> -51636 -57792
31 -74
22 -94
49 45
16 107
114 -115
20 -54
-21 -229
-12 -53
-41 -30
-48 13
-45 35
-28 6
4 -37
66 -202
25 -35
60 -10
12 52
-6 60
45 28
49 -47
16 -80
-21 -192
59 -152
-2 -67
-86 30
-133 -210
-99 -2
-60 34
-35 5
-19 -35
-8 -85
-25 -82
-43 -47
-145 -262
-46 34
-106 -112
-57 0
-102 117
-72 136
112 54
13 86
-19 93
29 95
155 -128
10 65
-91 478
76 15
28 -5
59 -40
72 347
42 118
57 67
22 147
34 166
24 7
49 39
> -54555 -35895
-13 -70
0 -68
14 -40
96 -44
76 -56
22 -63
71 -49
38 -41
-28 -60
-24 -21
-5 -42
60 -92
-14 -106
72 40
82 -97
0 -56
7 -45
16 -44
4 -80
-33 -77
48 -97
5 -130
52 -136
25 -13
-10 -154
-2 -410
-12 -71
-21 104
-13 294
-35 -70
-58 -3
-32 61
11 133
-115 340
-41 75
-29 76
2 121
-27 34
-38 28
-63 89
-29 107
-15 121
-23 35
-37 26
-123 135
-86 59
-73 128
-14 39
33 146
42 72
29 68
52 -114
73 -9
83 27
> -43358 -74114
1 124
-15 71
5 70
21 76
55 35
132 -12
32 100
53 109
81 68
56 37
90 -75
85 -57
58 -105
82 -94
36 -22
41 74
16 62
21 19
15 85
27 78
73 -54
79 -8
36 94
85 16
27 -31
119 -24
66 -39
85 -11
19 -203
81 -306
-27 -26
-31 32
-37 12
-111 -38
-54 -2
-50 -13
-110 -88
-53 -10
-56 6
-57 -10
-54 -20
-45 -5
-110 43
-288 -53
-200 -80
-107 -84
-46 -14
-32 32
-55 116
-39 125
> -51681 -59573
54 59
34 77
37 45
45 38
32 60
51 26
44 -53
24 -67
-51 -77
15 -28
-43 -218
-7 -77
43 -54
15 -75
-23 -92
-70 -133
19 -144
63 -159
45 -71
-4 -52
-70 50
-35 -5
-22 17
-60 91
-35 112
-59 58
-17 -36
-41 -186
1 -61
-17 -55
-44 83
22 120
17 52
1 51
-17 39
-38 0
-29 -51
-39 -45
-37 -116
-75 -141
6 -171
-111 -199
-91 149
-40 126
-7 178
25 24
10 32
6 68
14 31
66 65
88 42
3 52
-11 62
10 142
14 69
162 206
127 142
> -49836 -75032
84 38
146 3
42 10
31 21
111 216
-2 20
-13 5
-15 -8
-37 -54
-27 -24
-89 -7
-29 -47
-58 -23
-34 2
-88 58
-65 -3
-51 14
-81 48
-8 60
12 108
16 25
72 27
60 47
73 24
95 13
22 -12
9 -45
37 -6
181 38
147 17
147 -9
335 -55
46 -15
12 -21
5 -85
41 -95
4 -46
-28 -103
-58 -74
-28 -11
-70 36
-71 -4
-62 -88
-62 -147
-64 -26
-37 116
-85 8
-23 -131
30 -53
-6 -57
-53 -106
-37 -34
-49 38
-54 65
-32 58
-134 -31
6 -184
-75 -49
-94 20
21 99
-77 151
-9 133
4 101
16 34
> -44774 -73397
-59 47
-27 122
80 242
68 89
74 52
89 81
40 -12
51 -66
74 -186
49 -180
-15 -52
-44 -12
-46 6
-50 -16
-41 -33
-65 -89
-45 -41
-84 25
-49 23
> 49658 -63885
-56 108
-68 101
-74 50
-61 60
-174 524
-54 242
-30 247
-62 333
15 419
12 55
33 50
65 -40
80 -81
106 -226
17 -90
217 -500
81 -226
68 -230
44 -203
58 -468
67 -371
2 -113
-18 -129
-39 -112
-59 45
-170 555
> 45942 -59842
23 14
54 -106
43 53
51 32
28 -1
19 -15
31 -96
15 -131
-10 -134
74 -18
41 -54
-26 -79
-29 -54
-52 -74
-87 -81
-56 13
-104 -160
-24 28
36 244
-22 -11
-174 -227
-22 -39
-13 -68
10 -72
0 -52
-45 -129
45 -33
47 40
43 80
18 1
26 -67
29 54
38 116
34 3
3 -72
-49 -134
8 -34
100 193
29 81
19 86
79 168
43 43
55 39
33 -13
111 26
199 98
124 51
31 1
155 -93
40 -6
41 23
6 -81
-11 -82
-23 -46
-113 -143
-66 -110
-68 -62
-79 -51
-347 -258
-59 -61
-74 -107
-110 -72
-119 -14
-225 45
-47 42
-71 85
-24 39
-1 48
12 50
-3 102
24 105
5 107
-20 108
0 91
64 287
88 181
76 91
61 98
62 174
> 63347 -168996
2 -225
9 -74
-10 -133
25 -127
34 -32
24 -37
17 -153
44 -240
35 -39
50 -26
41 -40
23 -49
40 -128
18 -131
-11 -122
-19 -121
-75 -202
-9 -160
24 -162
11 -146
-4 -105
24 -15
87 -183
-24 -100
-122 -58
-51 -14
-53 -1
-52 28
-31 53
-43 106
-19 113
7 118
33 114
44 111
30 115
7 107
-9 106
-65 321
-30 103
-38 100
-27 51
-52 30
-36 53
-2 75
-21 127
-33 125
-18 44
-28 41
-104 58
-34 44
13 53
28 52
61 12
63 88
50 106
14 256
-14 257
43 91
97 45
36 -280
> 60028 -165631
41 -81
32 5
72 -7
51 25
58 -7
32 -34
22 -54
10 -57
-15 -154
3 -49
50 -91
13 -50
-6 -62
-26 -117
17 -56
1 -56
-44 -123
-23 -132
-20 -53
-79 -52
17 -416
-10 -92
-17 -92
-111 141
-87 156
-25 154
-119 357
-31 285
-19 81
-41 74
-10 39
11 42
45 -24
30 31
40 153
3 178
20 177
60 -13
55 -26
> 54766 -163275
17 -62
33 -42
165 -97
33 -35
24 -42
13 -54
-2 -200
-10 -61
-84 -277
-55 -129
13 -150
-6 -55
-26 -51
-189 -176
-29 -45
-55 -137
-40 -16
-23 0
-84 38
-42 43
-12 79
-3 153
23 128
21 59
34 57
89 112
32 64
18 98
5 490
12 52
98 173
-67 275
17 -6
37 -46
25 -52
18 -88
> 18152 -76350
105 -351
47 -92
86 -115
12 -51
1 -55
18 -126
36 -121
9 -93
1 -98
55 -421
-21 -54
-33 -51
-23 -117
3 -122
-22 -35
-76 -74
-63 -14
-69 46
-27 220
-17 30
-126 81
-29 82
-31 32
-111 81
-17 97
-4 207
-22 103
-54 81
-65 75
130 47
35 39
21 48
-47 35
-5 92
55 48
70 43
2 58
-11 47
-25 -26
-12 105
-27 44
-35 100
2 109
12 115
34 90
56 -22
182 -117
> 18381 -65629
21 -127
42 -123
25 -191
0 -23
-41 25
-3 -30
20 -31
26 -24
5 -36
17 -624
29 -247
-7 -53
-16 -46
-63 -13
-42 -41
-29 -51
-44 25
-38 35
-59 32
-71 -2
-159 -23
-27 55
1 129
-14 52
-6 61
7 62
32 66
-9 174
9 87
-36 102
13 83
-14 40
-3 41
2 110
25 164
83 137
72 52
58 64
55 97
139 -8
> 57646 -152411
57 -72
31 -2
48 66
24 7
20 -17
25 -83
-2 -104
-17 -80
-56 -154
-7 -41
55 -7
73 48
39 -93
36 -217
-14 -66
-47 57
-32 -6
-16 -26
-43 1
-24 -17
-6 -35
15 -105
-7 -33
-19 -33
-32 -31
-16 -34
0 -36
30 -45
97 -94
13 -33
9 -73
-5 -37
-12 -36
-43 -62
-29 -2
-34 27
-42 71
-52 115
-22 3
6 -109
-11 -39
-40 20
-153 20
-76 41
-62 69
20 -67
33 -50
81 -77
91 -65
26 -61
11 -8
20 21
44 -35
20 -86
1 -63
-14 -102
-48 -106
-31 -148
-113 -138
-80 -39
-31 6
-129 137
-169 70
-116 160
-9 78
52 53
41 24
31 -7
27 -18
24 -30
12 -31
-2 -111
10 4
25 53
11 80
-2 109
-7 70
-12 30
-14 10
-47 -55
-40 -23
-1 19
30 85
-46 119
-6 76
-8 11
-169 -278
-16 1
-17 19
-10 24
-4 54
84 216
103 114
23 12
26 -2
20 -14
22 -86
26 145
25 64
35 20
29 60
59 170
12 222
44 62
39 111
0 90
10 75
14 35
35 -14
31 -27
42 -61
7 -176
9 -40
29 56
10 29
-5 81
-31 200
-17 219
5 31
22 44
95 121
21 1
17 -22
31 -174
> 58178 -152165
-17 56
17 40
66 86
66 9
4 -24
-7 -39
5 -42
62 -46
-11 -73
50 -118
-1 -27
-60 -38
8 -36
40 -61
28 -66
18 -68
5 -63
-35 -166
-20 -3
-50 75
-67 -3
-3 -43
18 -80
3 -81
-58 -140
-152 -265
-24 76
-66 322
-3 55
20 87
2 59
15 18
32 81
39 44
61 41
5 27
-49 13
-18 20
28 86
-5 71
10 72
20 4
33 -28
21 -1
44 66
-1 16
-37 28
-29 37
-7 22
> 55728 -130998
129 -123
92 -115
6 -33
-123 -356
-246 -23
-83 -111
-87 -87
-57 4
-136 31
-57 49
52 38
81 83
42 119
32 47
36 27
-41 26
-52 -29
-40 30
-10 54
3 51
-49 54
-14 74
61 105
112 69
110 35
79 14
102 -1
58 -32
> 54938 -132469
-16 99
-15 29
-105 75
-67 77
-22 55
0 69
13 43
79 41
30 -2
34 -14
32 0
39 19
29 0
65 -22
175 24
22 -29
-13 -161
6 -41
13 -8
18 25
45 32
23 -2
61 -55
15 -57
84 -146
-19 -174
9 -39
30 49
41 34
46 19
4 18
-87 215
-28 100
2 23
38 -42
39 -74
129 -141
111 -67
44 -37
53 -64
100 -160
95 -339
10 -4
29 21
27 5
38 -7
41 -22
44 -40
41 -59
-2 -174
21 -189
-23 -33
-100 5
-39 50
-31 13
-52 -68
-95 -156
-34 12
-22 59
56 145
37 168
-17 82
-62 37
-36 10
-35 -66
-41 -14
-47 -90
-1 -35
35 -90
5 -47
-33 -80
-19 -16
-36 40
-58 87
5 50
-7 134
-38 26
-44 45
-12 54
18 154
-23 57
-55 -45
-31 -4
-108 123
-20 -12
2 -59
-18 -73
-32 -16
-27 58
-113 148
-140 131
-18 78
44 21
57 -19
16 37
-11 43
-26 -5
-58 39
-56 -6
-43 45
-3 63
-12 17
> 57010 -133979
-43 62
-43 94
-47 65
-79 77
-88 -7
-114 30
-79 9
-33 18
-20 28
-12 119
22 101
-9 170
9 32
21 23
33 13
39 1
44 -13
34 -21
44 -49
37 -13
60 -69
33 -23
11 3
-34 85
-113 112
-62 97
3 31
23 28
30 17
36 5
70 -9
67 12
30 -3
50 -42
44 -75
29 -125
2 -68
-33 -36
32 -66
59 -342
6 -158
-26 -96
-33 -17
> 57242 -134885
109 -85
66 -95
15 -66
101 -215
1 -103
-17 -38
-92 -83
-35 -11
-36 -44
-21 -56
-16 -106
-37 -36
-50 2
-130 53
-42 -14
-48 -30
24 150
37 53
173 107
5 47
-61 80
-106 34
-33 74
-4 56
-18 11
-95 -115
-38 -23
-43 -3
-29 10
-22 46
24 122
-22 16
-77 -12
-22 62
-43 79
7 90
12 45
-9 8
-54 -58
-20 -34
-32 -15
-45 1
-62 31
-134 102
-42 42
-40 56
-25 68
11 28
75 24
134 -2
87 -25
33 5
23 28
24 13
115 -10
44 -13
80 -43
212 -92
103 -54
85 -62
> 57300 -134100
37 175
16 14
16 2
82 -65
41 53
90 -16
32 -24
98 -123
173 -183
78 -33
71 -7
11 15
4 42
-11 37
-27 33
-29 2
-103 73
-39 38
-19 35
-43 36
-107 71
-53 98
11 4
79 -46
81 -35
85 -62
121 -104
149 -170
-5 -186
23 -254
63 -53
95 -104
35 -86
-26 -10
-66 25
-61 38
-55 50
-69 39
-83 27
-259 59
-98 35
-70 65
-86 108
-62 -2
-188 -87
-36 -44
-58 7
-46 21
-34 37
-15 39
14 81
90 175
153 160
> 57420 -135692
60 74
117 -3
54 12
15 45
-4 66
-88 278
-63 135
-30 154
108 58
59 -24
76 -82
9 -271
36 -88
47 107
-20 66
-2 62
23 132
136 43
62 -27
36 -47
45 -161
28 -184
-2 -28
-20 -46
-93 -151
-17 -41
20 -58
27 -22
18 78
67 29
23 -2
97 -142
25 -57
-22 -95
-41 -65
-9 -47
1 -100
-44 -48
-56 -2
59 -102
62 -76
-76 -48
-35 -84
-12 -58
-45 -13
-79 -44
-99 109
-33 82
-165 301
-140 80
-88 86
-27 219
> 52598 -128766
-42 17
-88 13
-111 5
-67 52
50 55
112 47
67 67
102 3
319 -45
172 -81
67 -107
50 -118
45 -112
6 -63
-39 -27
-101 -24
-49 -27
-73 -67
-27 -6
-26 8
-73 81
-70 10
-66 62
-82 123
5 69
72 61
12 24
-165 -20
> 53189 -132347
76 336
44 54
70 29
209 6
126 33
128 68
144 118
37 18
118 17
2 -28
-66 -124
-35 -121
-8 -193
-38 -2
-96 25
-40 -3
-53 -38
-100 -20
-22 -15
-32 -277
-1 -71
12 -32
11 -7
13 9
127 350
32 40
28 20
80 -11
73 -50
48 -46
23 -41
7 -41
-37 -220
58 -92
14 -237
17 -98
1 -57
-15 -16
-138 -34
-86 0
-83 19
-59 27
-149 139
-24 13
-42 2
-55 53
-49 175
-109 239
-13 6
1 -37
21 -84
12 -109
-3 -38
-58 -55
-47 73
-69 155
-5 173
> 52219 -131116
72 -27
1 -116
11 -61
15 -7
72 67
26 0
10 -14
-10 -109
6 -47
31 -14
125 -147
45 18
79 118
43 -156
11 -116
63 -83
48 -94
13 -68
29 56
6 36
-30 85
37 160
98 13
83 -30
93 -102
34 -99
1 -40
-29 -97
-23 -46
-19 -118
-24 -191
9 -179
-7 -23
-51 42
-15 36
-73 325
-42 -1
-9 -85
-14 -28
-27 -2
-40 21
-84 74
-30 73
-211 282
-98 186
-44 62
-78 51
-84 89
-84 200
65 106
> 46487 -62164
-9 -259
-19 -259
-9 -30
-22 -252
-6 -165
38 -157
48 -83
4 -44
-8 -43
37 -78
21 -147
-81 -56
-26 -47
14 -27
25 -23
15 -72
30 30
33 12
37 -15
30 -24
136 -185
138 107
69 -16
80 3
-107 -163
-54 -66
-65 -57
-67 -75
-77 -48
-51 15
-10 152
-31 100
-38 29
-137 -4
-20 91
3 159
-10 102
-14 8
-14 -12
-3 -38
-78 69
-59 91
-21 72
-56 292
7 64
28 60
12 -118
37 76
16 78
42 60
21 79
-24 -17
-22 -58
-46 -3
-34 41
5 62
-71 58
-57 -127
-9 27
10 91
-67 26
-28 73
-6 62
10 212
23 53
23 -25
6 -40
69 4
68 -13
37 26
75 206
77 148
67 148
24 -17
20 -33
21 -90
> 41015 -72102
36 -49
-4 -33
-23 -103
-52 -122
-38 -52
-19 -56
6 -64
65 71
53 83
114 153
-27 -99
-99 -171
-35 -81
-20 -204
-6 -205
-9 -77
-27 -75
-6 -92
20 -95
-3 -34
-14 -34
-7 -46
0 -87
-14 -36
-25 -33
-43 -9
32 -43
-36 -62
-42 -122
-67 -86
-42 -38
-44 -29
-58 17
18 86
53 54
4 52
-15 24
-19 -2
-51 -99
22 133
7 146
64 355
-12 37
2 35
124 431
13 87
35 120
49 128
19 89
167 436
-17 -101
-29 -98
> -4285 152197
73 -80
-105 -149
20 -52
36 -51
44 -46
17 -115
-1 -111
-46 -32
-52 -17
-47 8
-291 113
-124 14
-122 -8
-55 -98
7 -133
-10 -59
-19 -54
-153 -189
-91 -69
-117 -47
-103 -69
-23 -53
-7 -57
-17 -59
-39 -50
-11 -108
61 -107
-13 -115
-63 -105
12 -116
95 -77
119 -34
124 10
50 27
65 61
53 -48
6 -32
-23 -45
-105 -33
-308 -49
-76 -132
0 -150
8 -49
-57 -157
-11 -116
11 -114
50 -121
38 -125
-27 -216
19 -59
6 -58
-20 -50
-1 -51
36 -133
-73 -87
-124 -8
-96 64
-40 109
-26 115
-36 94
-49 89
-201 291
-11 28
49 146
1 109
-47 101
-136 115
-29 55
-11 97
8 101
4 340
13 237
13 46
75 114
39 118
35 54
43 49
44 111
12 123
18 47
77 139
81 102
92 91
44 33
48 25
64 1
39 34
8 180
-21 170
36 103
71 109
101 66
110 -66
98 -83
75 -10
70 29
11 154
14 49
24 42
133 93
91 49
102 4
69 -28
69 -12
150 42
20 -107
36 -102
> -9256 124198
-117 -221
-80 -100
-162 -168
-90 -43
-133 -30
-129 -47
-48 10
-64 117
-50 -26
-39 -42
-47 -34
-55 -9
-41 39
-36 103
3 111
49 113
112 205
13 151
21 101
63 80
93 94
79 106
154 134
94 121
101 35
161 212
128 198
115 327
31 105
-2 55
8 51
80 127
47 91
24 101
15 118
45 104
80 82
51 96
27 127
40 123
131 200
159 181
30 -39
22 -42
25 -157
32 -92
-26 -61
-35 -59
-46 -111
-36 -115
-12 -89
-18 -358
2 -268
-5 -101
-83 -422
-16 -59
-57 -145
-60 -62
-151 -89
-109 -137
-94 -182
-55 -62
-38 -71
-101 -377
> -43220 147786
97 -87
102 -51
41 39
-23 87
23 26
26 7
26 -7
56 -107
26 -119
-32 -38
-97 13
-21 -12
-37 -85
139 -44
103 -110
-50 4
-86 46
-37 -5
-49 -18
-19 -44
-39 -21
-55 0
-90 -15
-40 -72
100 -176
-34 -12
-29 3
-57 89
-43 -41
-51 -31
-132 -50
-110 -81
-7 -40
17 -135
93 -150
-11 -136
7 -226
-34 -144
102 -30
37 -31
32 12
22 115
-1 117
39 -18
14 -32
-9 -51
34 -150
-15 -102
48 -70
168 -121
78 -72
30 -43
17 -49
24 -30
383 -220
88 -31
225 -38
-107 174
-69 62
-86 33
105 59
34 -10
126 -157
37 -20
44 -9
-44 -37
-6 -59
90 24
87 -21
193 -183
183 -139
225 -138
29 -12
48 -2
151 -66
112 -36
98 -16
198 64
111 9
-50 100
-65 224
-4 116
26 65
-5 59
-56 66
-32 80
6 56
-12 48
-40 43
-35 110
-23 48
-35 41
-28 46
-93 290
-45 206
21 257
26 77
38 72
-36 63
-54 62
59 -12
51 21
40 62
26 71
-2 116
11 113
23 50
4 52
-30 67
-16 67
38 46
88 78
31 43
-27 196
-1 55
93 96
-1 64
-74 182
-92 78
-168 -8
-60 7
-58 14
-117 6
-115 -22
-90 -3
-91 10
-170 -9
-112 28
-76 -14
-36 -1
-34 27
-37 13
-48 -10
-56 12
-47 -12
7 -41
36 -13
46 8
37 -8
33 -21
38 -73
23 21
20 38
52 -28
-42 -47
-58 -26
-18 15
-16 -28
-66 -61
-89 -44
-86 -18
-91 4
-70 -35
-66 -50
-86 -12
-158 3
-144 43
-197 23
-25 -36
-13 -106
-25 -53
> 80763 97870
35 -38
29 -129
15 -289
116 -659
36 -62
36 -130
46 -36
23 -56
85 -284
9 -112
18 -91
50 -82
19 -101
-9 -641
-83 -99
-49 -223
-24 -226
-8 -237
-18 -235
-31 -251
-20 -252
1 -140
-7 -138
-44 -294
-62 -126
-33 -174
-21 -55
-62 -100
-29 -17
-12 180
22 489
-88 -281
-84 -154
-86 -249
-34 -331
-21 -350
-59 -209
-60 -164
-89 113
-21 255
-26 200
-44 110
-77 800
-92 653
0 217
66 456
50 237
-3 96
27 300
27 895
64 1319
32 123
50 119
20 -130
20 -37
134 -135
23 -42
16 -48
78 88
38 108
26 444
21 82
-1 109
65 14
> 79130 99517
97 -200
66 -275
12 62
1 63
-31 221
2 149
46 144
62 41
78 -16
29 15
23 28
53 22
60 11
25 23
16 34
69 77
39 145
72 -114
49 -129
22 -91
21 -191
29 -63
16 -102
30 -76
29 -429
7 -270
-8 -64
-35 -60
-56 27
-69 -146
-10 -80
27 -208
-48 -194
-72 -146
-20 -73
14 -61
75 36
46 133
60 48
48 99
19 111
72 -114
63 -229
10 -88
-15 -466
-49 -704
6 -140
-13 -115
13 -304
-4 -360
-33 -107
-31 -53
-11 -57
66 -294
-8 -40
-54 -132
-24 -96
-69 -372
-112 -90
-74 -219
-54 -191
-70 -442
-137 -334
-37 201
5 207
-12 280
-49 460
-94 95
-89 168
-27 138
-51 12
-14 20
-40 139
-34 229
-3 113
49 304
-1 94
-86 172
-11 93
15 551
-13 83
-18 378
-21 63
-30 62
-66 315
-41 307
0 134
-17 216
11 149
-26 229
-7 128
30 409
16 620
19 101
108 388
45 -29
90 -85
12 -64
22 -234
> 78819 105146
24 -131
12 -134
-20 -248
45 -181
43 25
41 -28
13 -45
36 -313
50 -87
60 -78
26 -125
1 -128
-24 -240
-55 -234
-15 -123
0 -126
-42 -105
-64 -97
-79 -161
-36 -175
42 36
229 298
70 41
78 98
17 55
12 112
16 46
33 -56
60 -252
41 -385
-3 -123
-17 -57
-40 -44
-60 -4
-57 74
-4 -122
12 -124
48 -93
58 -88
2 -63
-11 -118
-11 -52
-37 -36
-59 -12
-21 -233
-29 -114
-47 -47
-34 -97
-27 16
-73 -37
-16 -66
-27 -64
-54 -36
-28 -9
-86 42
-24 58
-4 -80
13 -256
-9 -104
-35 -100
-74 -132
-48 -21
-57 -6
-38 -42
-32 -52
-34 -39
-90 -66
-41 -39
-106 -341
-54 -132
-95 -107
-46 -152
-37 105
-25 108
-19 345
18 237
73 459
95 499
49 164
2 488
11 488
20 437
-23 56
-12 61
-2 63
68 206
2 716
77 578
14 222
-9 223
13 91
147 480
94 30
72 -33
67 -54
47 -51
39 -59
> 75864 143686
-4 -126
-38 -249
-8 -126
13 -258
36 -257
41 -210
140 -459
64 -259
29 -257
-73 -186
-75 -266
-24 -48
-38 -35
-60 -24
-68 1
-49 13
-50 4
-48 -55
-21 -73
3 -159
10 -55
19 -55
27 -51
106 -107
26 -115
-12 -122
19 -103
124 -306
60 -214
68 -318
27 -102
52 -91
37 -98
3 -106
-70 -383
-15 -223
-34 -112
-34 -57
-19 -62
-12 -203
-28 -149
-33 -64
-45 -60
-87 93
-63 113
22 -349
-33 -89
-195 -54
-205 75
-2 -124
18 -184
-39 -34
-56 14
-35 44
-111 212
-70 229
-13 121
-32 115
-138 232
-44 86
-30 91
-96 774
-27 116
-17 117
3 116
27 111
62 104
89 82
66 36
42 58
18 75
0 77
-69 253
-48 257
9 196
26 197
41 649
24 220
36 218
8 239
-40 113
-51 84
-50 103
-21 91
-9 95
17 153
31 152
102 350
92 -198
41 -233
30 -80
213 -352
47 -66
65 -48
203 -65
31 222
29 244
-8 390
-53 60
-27 -16
-61 -118
-27 -134
-96 -34
-111 29
-70 91
-51 102
-100 248
-34 226
1 230
-39 394
14 196
43 192
167 475
56 -69
41 -87
50 76
74 220
40 337
34 -50
22 -55
278 -1569
> 73569 143344
234 -705
49 -204
44 -250
19 -253
-11 -250
-32 -370
4 -122
-10 -105
-34 -101
-54 -100
-149 -187
-64 -103
-82 -213
-25 -226
-9 -235
-23 -234
-71 100
0 139
6 102
74 365
17 271
-6 91
-57 429
-78 414
-29 529
-29 216
0 245
-8 255
-24 351
10 258
15 40
213 -27
62 -53
48 -67
> 75155 150690
-35 -77
-20 -82
34 -114
30 -136
55 -177
26 -459
17 -562
-34 -191
8 -302
36 -115
37 14
27 30
51 -10
27 -77
27 -935
-3 -53
-74 -384
7 -265
58 -47
81 3
72 -213
-24 -100
-77 -95
-87 -85
-98 -72
-98 -37
-84 554
-52 222
-64 219
-14 113
-25 370
-27 114
-75 231
-31 120
-26 205
-28 753
1 547
22 241
72 493
52 249
26 66
212 176
5 -65
-7 -67
> -36805 175781
-70 61
-83 34
-247 45
-232 69
-101 125
-49 14
25 -76
-14 -23
-25 8
-44 70
-22 83
3 52
-16 49
-151 323
-59 155
-96 392
-7 112
2 62
34 117
60 105
89 91
102 78
50 86
39 96
36 49
26 51
-12 263
-51 89
-42 115
-32 60
-66 -20
-96 -69
-106 -53
-241 -47
-243 -32
-107 -47
-83 -87
-60 -96
-28 -109
-138 -44
-162 -22
-40 7
-33 34
-47 15
-98 -57
15 -34
80 -46
34 -43
25 -130
12 -133
-7 -115
-35 -111
-70 -168
-36 -52
-45 -46
-101 -77
-123 -18
-64 3
-50 28
-68 143
-238 -142
-247 -126
-70 -71
-65 -82
-149 -77
-128 -136
-98 -91
-101 -71
-108 -62
-152 -133
-101 -59
-83 -77
-107 -143
-92 -153
-126 -240
-42 -67
-31 -70
37 -88
39 -18
86 -19
32 -19
26 -112
-42 -148
9 -25
20 -6
126 0
35 25
20 -34
-8 -34
-32 -12
-28 21
-34 -84
-1 -87
13 -27
24 -8
38 22
33 28
159 163
211 169
226 145
117 38
216 54
90 -44
84 -54
163 -147
92 -195
13 -127
34 -120
78 -112
92 -103
75 -203
59 -215
83 -122
50 -29
57 -19
54 2
54 16
41 24
31 38
108 227
60 241
-1 44
9 42
37 60
84 108
57 31
180 22
177 34
202 62
126 94
77 31
127 -38
47 35
28 43
17 48
119 -82
180 -97
56 -20
56 15
54 24
14 -61
52 -34
175 -87
28 24
-19 50
-126 74
65 12
40 58
21 60
4 65
141 -147
-5 -49
-23 -65
-14 -67
13 -64
31 -61
59 -31
115 -39
42 -24
234 -193
7 57
-117 156
37 30
54 22
60 -7
45 -37
30 -56
53 -1
49 42
34 -2
69 -89
8 -36
-33 -16
-48 26
-5 -24
127 -218
101 -67
112 -55
-45 -5
-64 8
-128 86
-143 139
-39 24
-49 -20
-14 -49
31 -42
123 -64
61 -46
633 -533
84 68
70 106
32 24
38 16
6 -44
-17 -40
-32 -46
-37 -42
-82 -52
-19 -26
57 -62
35 -24
42 1
26 -16
9 -47
83 -68
43 -43
81 72
108 2
113 -74
103 -87
168 -169
177 -155
22 168
4 170
-106 -80
-61 36
-52 54
-159 117
-46 10
-46 60
-36 28
-46 16
33 55
52 41
52 67
-85 -9
-18 34
-59 221
-49 45
-14 47
28 27
15 31
-31 80
-86 180
-29 15
-44 -9
-47 9
-37 24
-9 60
55 80
7 37
-78 53
-44 20
2 -8
-44 34
-43 46
-128 78
-45 -11
-40 -23
-119 72
-8 -48
20 -142
-23 5
-87 83
-123 70
-74 56
-228 197
-82 -30
-54 5
-46 -25
-121 67
-38 -42
-124 -28
-22 -30
-45 3
-12 80
-20 48
-36 41
44 26
12 35
-59 95
-59 198
-22 55
-48 26
-115 21
-51 38
-10 76
16 81
42 26
113 -16
180 -59
59 0
59 8
58 -14
56 -29
42 -32
36 -40
55 14
25 61
-47 37
-56 30
-168 153
12 91
-70 9
> -43124 172889
64 183
37 77
46 72
136 127
323 197
44 44
203 251
59 49
82 -1
49 86
78 73
153 168
37 28
72 40
63 -66
21 -47
-14 -86
109 77
57 -69
33 -19
43 -4
63 33
39 68
15 67
48 60
76 71
84 2
-68 -86
-76 -146
6 -99
25 64
57 97
34 14
57 60
49 29
-4 -79
39 -12
-6 -59
-14 -32
-1 -40
13 -82
-35 -1
-44 26
-28 -66
-58 -43
-29 18
-52 -36
-33 -99
80 64
68 -2
54 55
39 -35
24 10
22 63
67 49
-6 -55
-27 -49
-21 -114
-17 -46
-113 -176
-49 -115
-60 -109
-73 -107
5 -116
93 -46
107 -17
125 -10
106 -53
28 -120
47 -102
49 -38
56 -25
63 7
61 22
25 211
29 -114
-7 -119
-21 -70
-104 -173
-137 -195
-188 -134
-255 -46
-243 -82
-94 -63
-116 -117
-65 -99
-25 -60
-13 -136
-37 -50
-178 -65
-107 -61
-109 -37
-114 -27
-99 -44
-29 44
-29 17
-5 -56
-14 -36
-21 -31
-196 -162
-106 20
-60 -10
-23 -26
66 6
55 -7
46 -41
-131 -130
-78 -98
-48 -17
-55 10
69 -70
-11 -49
-37 -92
-32 12
-51 76
34 -76
20 -77
-28 -80
-42 -76
-27 71
-47 22
28 -40
9 -56
-19 -60
-58 -50
-26 -41
-17 -45
-84 -86
-77 -159
-21 49
-15 -17
3 -56
-38 -11
-40 10
-1 -65
-53 -107
-33 -147
-78 -192
-75 -153
-43 -34
-93 43
13 -43
37 -69
-27 -77
-102 -184
-4 -31
24 -124
-59 -194
-51 -90
-142 -171
-135 -178
-142 -161
-91 9
-33 36
-40 7
40 -50
30 -72
-46 -89
-100 -120
-30 -93
-31 -25
-36 -4
-36 26
-41 -3
-43 -13
130 -55
-135 -216
-34 -23
-51 33
-34 54
-12 -71
43 -60
-73 -102
-53 -3
-45 10
-44 94
-14 80
-10 23
-12 -85
-16 -27
-36 -6
-57 44
28 -104
76 -143
-4 -40
-57 7
-40 44
-2 -142
-58 -35
-76 -9
-6 135
18 122
-71 -165
-43 -28
-53 12
-13 193
-38 -50
-25 -117
-37 -323
-20 -25
-71 -10
-61 15
9 120
66 105
-39 16
-35 -7
-79 -77
-11 80
72 126
24 61
-177 -205
-64 20
-27 99
-24 269
7 269
13 45
74 77
6 48
-44 143
-34 40
-139 120
-2 58
15 177
-9 112
-24 41
-33 36
-28 54
-42 23
-57 -17
-42 31
-17 25
17 84
-23 106
23 59
22 136
-12 71
-35 128
-18 133
10 243
69 345
31 42
41 32
146 157
173 268
78 81
91 68
51 84
45 255
18 48
7 54
27 15
52 -3
36 -48
42 -40
30 1
165 114
145 75
158 50
65 51
112 122
61 21
41 -111
26 -24
-1 147
144 52
156 15
91 18
219 82
23 -28
15 -44
9 124
46 52
73 26
18 75
1 141
20 53
55 96
35 83
23 87
38 103
50 99
62 -43
94 -85
38 -16
-62 110
-61 75
-43 76
9 53
29 35
52 11
32 34
19 50
-12 47
-35 57
-59 -108
-11 27
13 52
18 194
-57 69
-21 103
6 102
10 43
31 28
46 23
94 -19
28 -25
17 -126
38 -140
59 -40
45 -18
49 -9
24 -47
-21 -166
29 35
8 70
28 68
45 35
40 -47
15 -61
28 -3
13 95
61 89
74 81
> 7547 126593
130 -23
48 -26
32 -50
76 -59
94 -10
222 32
54 2
124 -79
157 -15
55 -83
21 -109
36 -33
31 2
69 78
48 43
101 57
107 -15
129 -96
44 -17
152 1
-16 -105
60 -82
106 -51
86 -78
141 -235
105 -121
-2 -50
-88 -57
-393 96
-135 23
-126 -34
-23 -123
35 -128
0 -38
-105 -34
-53 -35
22 -95
66 -102
15 -75
-48 -63
-50 -19
-184 -25
-127 -31
-40 -109
83 -171
-6 -46
-41 -47
-51 -33
-122 -42
-115 -57
-41 -28
-29 -39
-42 -162
-31 -66
-79 -132
9 -46
87 100
44 24
187 -16
57 -12
115 -66
73 -103
26 -116
35 -65
21 -64
-87 -55
-46 -39
-29 -48
-25 -146
-35 -51
-47 -45
-36 -33
-42 -19
-69 4
-66 -7
-65 -85
-22 -107
-1 -131
-40 -84
-47 -202
-18 -50
-83 -94
-135 -111
-45 -12
-105 -5
-296 -68
-85 -56
-79 -66
-125 -21
-107 60
-39 64
-15 70
36 44
54 34
166 75
170 69
221 129
78 25
34 24
90 118
11 98
-52 78
-164 27
-29 24
2 74
15 73
68 59
86 48
-33 24
-37 18
-55 12
-46 27
-65 104
-56 109
257 85
45 6
46 -5
52 16
24 60
0 56
-14 57
-33 51
-42 48
-78 203
-87 100
-141 114
-41 25
-64 6
-65 -22
-48 -33
-44 -40
-61 -73
-120 -60
-64 -4
-67 7
-196 60
-134 2
-129 28
-171 135
-113 186
-122 237
-123 291
-9 48
5 60
35 41
141 98
15 17
8 41
-37 36
-107 -3
-118 -32
-51 8
-125 47
-33 58
65 110
206 152
109 60
246 3
241 -83
34 -23
74 -78
33 -54
83 -52
106 20
115 64
106 77
88 99
56 19
61 10
41 19
59 85
11 50
-216 77
-84 61
-89 23
-101 58
-110 37
-243 30
-92 32
-88 47
173 32
251 19
119 -48
38 25
-9 77
130 145
164 108
72 35
77 7
222 4
> 18234 122294
-77 -71
-93 -44
-308 -28
-92 1
-88 23
-141 62
-40 32
-50 93
-38 26
-69 5
-60 15
-23 60
-30 51
-67 -19
-68 -32
-167 -42
-388 -200
-83 -12
-167 -79
-27 -160
-81 -186
-62 -104
-82 -90
-106 -34
-49 29
-52 19
-56 -2
-47 -28
-113 -89
-93 -38
-42 -40
-51 -20
-57 7
-51 36
-217 109
-209 117
-25 25
-28 9
-55 -68
-101 1
-100 21
-247 103
-66 15
-54 33
-51 53
-43 59
-73 168
-14 64
-3 68
49 16
17 60
49 -14
67 -71
36 -3
27 38
16 45
73 101
58 107
-4 136
-33 134
-34 95
-63 78
-108 81
-120 56
-57 0
-58 -14
-56 3
-39 42
-3 129
89 66
101 8
38 -46
50 21
37 40
-33 57
-63 55
-68 201
-1 51
-13 42
-47 90
-37 42
-78 -52
-18 -199
-58 -57
-118 58
-96 96
-78 61
-85 54
-77 -2
-81 -32
6 88
-17 82
-68 114
-7 36
11 38
-245 -6
-224 -77
28 -98
95 -84
115 17
111 54
24 -31
-9 -54
-25 -62
-9 -66
15 -109
121 -225
11 -91
55 -21
117 6
138 -90
49 -14
39 -29
150 -267
25 -33
120 -82
171 -186
17 -52
5 -57
-43 -18
-67 26
-57 10
-60 -4
-46 8
-95 88
-45 13
-122 59
-142 7
-59 -75
66 -85
54 -3
50 -14
129 -91
28 -30
127 -172
140 -132
150 -295
8 -35
-11 -51
-19 -49
-74 -142
-51 -50
-79 -5
-63 -102
-9 -140
39 -108
79 -90
4 -74
123 -91
16 -112
-97 -92
191 -20
193 0
56 26
47 45
202 234
65 30
87 -11
71 -53
43 -84
18 -96
39 -70
65 -54
-115 -37
-171 36
-112 6
-42 -33
-1 -60
13 -57
40 -43
115 -31
76 -81
109 -33
16 -37
-9 -76
51 -56
127 -37
137 -8
114 -32
111 -46
91 -26
407 -41
37 -11
31 -21
46 -52
56 -39
47 -7
200 11
48 17
24 41
-40 55
-48 44
-24 55
-30 48
-119 91
-18 36
3 111
15 66
44 32
51 20
61 0
178 -64
129 -20
116 -1
117 17
194 88
134 11
180 -8
107 15
61 -2
97 -53
103 -14
525 147
101 46
105 33
139 16
38 109
57 105
-4 54
-14 57
29 126
1 51
-52 152
-187 339
-46 124
-35 129
-10 102
43 90
44 39
115 70
14 74
-42 45
-56 34
-83 15
-86 -21
> -8847 140662
119 -81
108 -91
319 -388
105 -99
29 -20
28 10
55 44
160 80
-99 -83
-78 -99
-5 -144
-19 -142
-48 -130
-16 -133
23 -67
59 -40
60 -21
65 -9
-104 -56
-57 -110
-119 -150
24 -42
46 -26
47 -9
50 29
54 20
128 31
75 67
147 43
52 28
52 14
59 -39
20 -66
36 -45
99 -52
33 -33
41 -59
48 -46
35 50
15 67
-3 54
-22 99
-1 44
37 115
-12 -64
1 -64
65 -203
66 -126
133 -119
26 -1
24 84
29 181
68 -57
59 -81
105 -29
66 -56
106 -120
111 -83
224 -71
170 -72
61 18
44 61
5 -92
32 -83
83 44
48 96
-12 -88
-24 -85
-5 -40
8 -40
33 -21
47 -3
83 13
81 -15
37 -76
58 -63
21 -35
-1 -47
38 -45
56 -36
242 -452
69 -27
-31 -42
-14 -42
39 -52
27 -55
-5 -59
22 -55
12 -58
2 -60
74 -238
118 -225
50 -183
66 -114
54 -117
53 -263
35 -267
1 -96
-11 -81
2 -77
256 -442
116 -74
68 7
56 20
17 180
16 -127
-8 -52
-46 -105
-3 -56
30 -80
39 -76
-36 -125
59 -64
62 -22
28 -33
-3 -47
-22 -63
4 -63
42 -41
56 -29
40 -43
30 -53
72 -85
99 -45
170 5
61 14
99 85
94 60
11 -75
-44 -67
-44 -28
-54 -11
-178 -8
-52 -54
4 -81
-104 24
-100 -33
-116 -94
-53 -8
-58 15
-56 -21
-163 -152
-8 -51
1 -113
-26 -116
38 -55
50 -44
58 -33
121 -46
124 -37
153 116
138 -40
118 -79
164 -197
156 -206
32 -93
13 -153
15 -48
59 -48
67 -35
29 96
80 164
-4 92
-43 252
-39 78
-23 72
131 172
171 137
37 85
12 72
-16 74
-60 146
-28 116
-5 82
-54 43
-24 48
81 11
93 42
29 82
7 43
24 27
87 -6
10 -108
74 59
36 52
37 19
45 1
-87 -212
-37 -222
10 -132
2 -131
-59 -262
3 -100
23 -232
29 -128
-22 -100
-2 -95
66 -101
84 -85
59 -42
43 -57
57 -25
218 -62
155 -6
3 -100
16 -99
148 -437
-37 -53
-18 -62
-7 -61
7 -61
23 -61
41 5
100 45
37 45
28 61
53 39
159 63
54 5
56 -7
42 5
21 39
52 166
78 342
47 87
75 71
45 84
46 38
37 44
99 266
8 114
-12 117
-58 231
-95 221
-124 191
-90 205
-15 251
10 126
-13 125
-26 50
-77 87
-50 -25
-105 -15
-100 44
-101 72
-108 59
-52 13
-111 -23
-55 -20
-92 -72
-100 -39
-124 25
-124 14
-114 -2
-112 13
-114 39
-312 167
-211 98
118 31
131 -8
47 35
26 49
-27 60
-53 18
-116 4
-228 53
-10 68
35 73
-70 12
-129 -2
-102 34
-40 30
-83 120
-16 55
-20 160
-6 120
30 115
76 74
83 67
191 231
91 67
140 65
30 22
151 230
54 27
103 33
101 49
52 38
49 222
26 231
93 229
80 99
52 5
92 -51
40 -2
39 53
116 205
120 236
83 189
-1 105
-73 97
-59 103
-175 539
-55 86
-72 75
-50 108
-24 120
-47 110
-60 104
-113 229
-136 308
-8 78
6 287
-26 49
-36 47
-8 44
-26 328
-26 50
-36 48
-99 26
-4 358
-17 81
-217 501
-87 150
-21 51
0 50
-11 48
-119 226
-122 337
-116 356
-24 111
-10 114
-40 248
-36 131
-142 192
-44 96
-80 91
-87 128
-21 50
-10 56
-3 126
15 126
-7 53
-15 51
-30 47
-58 23
-80 79
-36 111
-72 105
-87 95
-87 70
-74 80
-31 120
-5 127
-438 432
-68 21
-287 5
-224 -48
-69 108
-26 146
-48 206
-72 198
-302 631
-26 87
-10 127
4 129
-15 46
-55 96
-36 48
-98 86
-106 77
-31 33
-23 39
-58 23
-178 29
-111 -8
-42 -36
-20 -100
-18 -354
20 -237
-112 -165
-49 -5
-46 12
-238 144
-211 85
-86 70
-70 105
-82 94
-95 86
-165 179
-62 98
-37 114
-129 191
-56 25
-179 54
-121 24
-50 4
-44 13
-110 167
-31 37
-244 75
-113 57
-40 96
3 113
72 305
2 45
-16 56
-40 50
-110 16
-115 -48
-111 -13
-91 60
-71 156
-19 57
-23 280
-19 110
-31 108
-27 37
-49 -26
-24 -57
-10 -64
-35 -103
-63 2
-65 58
-79 53
-29 45
-19 49
-27 121
-38 117
-37 78
-27 80
-17 175
-50 128
21 183
-82 -159
-20 -54
31 -191
-32 -36
-87 79
-58 116
-34 42
-40 -29
-79 -136
-12 -56
-6 -106
34 -178
44 -125
59 -35
35 -34
84 -113
46 -81
15 -103
0 -107
48 -191
35 -416
21 -99
67 -125
10 -59
-21 -63
-13 -160
6 -48
57 -114
21 -119
-18 -49
-3 -50
41 -161
17 -121
57 -100
53 -55
48 -61
122 -57
115 -88
95 -109
154 -235
38 -47
141 -92
93 5
94 34
-32 -51
4 -57
63 -159
74 -66
201 -107
106 -68
188 -160
112 -45
98 -67
36 -41
42 -34
54 -30
38 -46
83 -222
27 -39
14 -43
8 -166
14 -95
68 -180
21 -94
13 -112
26 -108
25 -53
43 -36
102 -21
-10 -91
17 -89
36 -86
22 -88
-31 -60
-81 -19
-5 -28
17 -51
-10 -26
-37 -56
-51 -45
8 -82
51 -169
32 -76
58 -64
66 -55
52 -56
38 -68
-90 87
-394 200
-8 -50
10 -51
-76 47
-11 -55
1 -54
32 -114
11 -113
-16 -34
-28 24
-84 40
-87 32
-40 -164
-24 -168
-47 -187
-3 -190
26 -97
16 -99
-16 -94
-34 -91
6 -76
61 -49
47 -23
41 -29
-7 -71
-22 -69
-2 118
-52 36
-63 30
-56 84
33 101
-9 222
-99 216
-11 51
-20 47
-97 111
-89 84
-101 70
-40 15
-106 -4
-53 -22
-75 -139
-56 -149
-111 -219
-125 -212
25 -111
66 -101
18 -39
36 -103
13 -63
-28 -251
-15 -252
2 -105
21 -103
39 -113
-17 -112
-46 -77
-7 -84
136 -208
111 -138
127 -125
> -484 119772
396 -50
37 14
-6 51
35 51
62 28
147 -54
52 -3
206 104
75 85
47 37
126 21
47 45
34 56
87 73
110 40
8 24
4 28
-95 45
-39 49
-31 101
36 86
48 23
42 33
43 52
49 44
113 49
104 64
36 44
23 53
14 60
2 57
-66 126
-12 74
5 75
-11 47
-30 36
-58 33
-51 40
-25 38
-12 41
21 275
-58 241
-13 329
-34 112
-43 108
-78 133
-17 48
4 54
73 68
16 53
3 54
-14 211
-90 569
12 84
172 343
163 137
45 123
74 41
88 25
24 44
25 103
27 41
108 73
96 86
29 42
-15 122
-42 54
-142 69
-23 -12
-71 -81
-29 -24
-199 -89
-97 -61
-88 -78
-169 -191
-82 -58
-89 -51
-98 -75
-86 -86
-26 -44
-47 -106
-18 -61
-5 -116
-69 -347
-9 -114
3 -114
18 -216
9 -45
89 -86
70 -96
8 -86
-8 -87
-5 -629
-13 -220
-31 -219
14 -119
35 -118
12 -89
-3 -90
-53 -413
5 -104
68 -209
13 -121
-18 -119
-61 -111
-41 -42
-139 -115
-102 -65
-127 -49
-130 -42
-106 -23
-111 -1
-125 20
-124 31
-94 34
-218 144
-31 29
-62 155
-78 93
-219 87
-112 62
-1 62
7 68
-14 119
-29 118
68 115
127 64
94 64
179 154
83 88
27 57
-11 57
-48 48
-38 57
-20 115
13 117
58 124
36 44
45 37
37 105
0 250
-13 129
15 230
33 -3
35 -45
28 -12
18 43
41 148
29 151
-21 110
-57 99
-58 37
-71 17
-184 -38
-42 -18
-22 -78
24 -74
95 -73
35 -104
-29 -146
-27 -50
-38 -46
-98 -82
-111 -69
-173 -149
-150 -173
-57 -83
-39 -93
-99 -299
-74 -79
-96 -61
-32 -68
-11 -78
18 -59
54 -119
-44 -40
-68 -6
-24 59
-75 94
-106 73
-23 47
-34 104
-33 44
-91 78
-210 124
-114 42
-94 69
-158 209
-44 11
-52 -13
-48 17
-90 74
-59 18
-74 -82
-108 -4
-144 -50
-49 -12
-44 2
-42 35
-32 41
-17 56
-29 50
-113 94
-29 50
-41 31
-62 -3
-36 43
-63 40
-16 60
18 29
28 19
-11 50
-44 29
-57 17
-63 6
-120 -3
-43 -25
2 -54
49 -98
-35 -5
-35 7
-11 -50
5 -57
-5 -144
-74 -264
-44 -93
-80 -60
-55 -4
-117 23
-40 -35
-16 -121
31 -169
31 -102
26 -57
79 -75
100 -27
298 54
38 16
34 26
55 29
63 6
78 -81
31 -121
65 -103
363 -399
35 -22
61 -1
56 16
199 131
38 16
157 16
129 -3
129 -15
82 -62
24 -111
4 -114
-26 -111
-65 -110
-137 -203
-79 -80
-104 -7
-101 46
-93 60
-101 32
-359 45
-41 -2
-104 -52
-234 -21
-329 23
-202 35
-110 -15
-236 -95
-130 -29
-53 -2
-247 112
-97 26
-101 13
49 -118
-2 -56
-15 -55
-16 -124
-3 -125
-18 -44
-66 -90
-26 -54
-5 -47
82 -160
89 -94
97 -87
111 -16
113 31
122 43
202 86
135 -4
111 29
108 49
99 18
390 12
34 -13
231 -117
39 -14
63 -1
59 13
54 3
41 -28
38 -47
16 -58
-16 -122
-63 -245
55 -73
85 -54
118 -35
123 -21
116 10
112 36
79 -29
85 -45
44 -1
39 26
32 44
19 55
34 50
114 134
101 43
124 3
118 34
109 69
101 81
105 26
165 -40
76 16
88 -14
88 -1
165 50
336 149
179 146
47 57
-83 76
-98 57
89 1
87 -15
202 -58
> -8149 110607
-53 223
-38 225
-22 284
-43 171
-19 605
-30 237
-46 234
-9 93
13 93
35 126
48 121
25 115
1 119
-191 440
-90 247
-58 220
11 117
-32 62
-58 44
-36 76
-29 125
43 15
42 -4
81 -113
45 -33
154 -62
71 -6
71 4
258 58
109 1
104 -35
21 -26
138 -312
1 -34
-45 -161
-26 -129
-21 -249
6 -250
60 -234
106 -219
120 -12
128 11
39 -42
44 -103
43 -23
127 -39
125 -48
23 -105
9 -122
-11 -175
12 -50
87 -97
33 -252
31 -50
43 -44
51 -104
-4 -56
-41 -97
-7 -45
13 -160
18 -28
204 -153
29 -29
12 -137
-19 -51
-29 -47
-46 -36
-52 -27
-120 -40
-116 -50
-91 -63
-50 -95
-1 -53
10 -52
26 -60
17 -63
-4 -131
-17 -131
14 -115
59 -234
33 -86
-50 -97
-7 -110
50 -276
9 -119
0 -119
17 -102
62 -74
213 -66
45 -22
88 -97
97 -89
21 -35
-2 -41
-22 -57
-8 -59
20 -129
44 -125
14 -108
3 -109
33 -104
61 -88
114 -101
30 -42
21 -170
53 -116
-104 -34
-65 -80
-19 -54
-6 -53
60 -149
16 -107
4 -110
34 -109
19 -184
51 -91
-20 -46
-83 -93
-99 -68
-341 -81
-23 -30
-18 -51
28 -51
-147 -47
-54 -27
-111 -97
-5 -24
19 -55
17 -18
87 -16
-10 -35
-55 -63
-49 -30
-57 12
-6 48
15 59
-7 59
-21 57
-6 123
14 124
0 110
-13 109
-69 254
-126 322
-60 -28
-63 -44
-62 -31
-73 -6
-57 44
-25 80
-22 96
-31 440
-25 214
-70 262
-25 51
-69 98
-52 108
-36 113
-58 304
-12 115
-3 116
61 66
29 53
40 170
-1 115
-36 131
9 207
-10 88
-123 571
-63 186
-258 568
> 2140 100817
54 1
49 10
40 49
12 59
-38 110
-155 179
-90 76
-125 57
-130 47
-64 72
-22 98
-10 109
-40 101
-179 235
-84 78
-99 59
-117 41
-123 25
-29 16
-148 151
-63 79
-30 97
-34 283
-51 100
-85 83
-87 35
-77 -59
-117 -222
-82 -236
28 230
35 116
53 107
68 106
95 168
19 62
-7 73
-27 67
-93 100
-98 94
-115 70
-127 44
-67 -81
-49 -117
-123 -160
-48 -17
-32 32
-90 -39
-56 90
-48 14
-68 -78
-42 8
-179 94
-41 45
-91 143
-92 219
-42 121
-33 138
1 59
15 103
-36 20
-177 45
-111 21
-238 31
-99 41
-120 -3
-103 53
-65 107
-54 115
-52 54
-79 0
-62 -19
-49 -39
-103 -119
-44 -21
-113 -16
-52 20
-3 47
27 38
152 142
27 39
21 54
13 55
2 261
-24 110
-50 98
-62 87
-396 317
-218 145
-55 12
-56 2
-44 -24
-149 -133
-41 -16
-163 -41
-117 8
-49 44
-53 34
-48 -2
-241 -87
-41 -10
-391 56
-106 4
-134 -12
-216 8
-667 -71
-39 -13
-102 -55
0 -71
18 -58
39 -41
49 -22
39 -33
123 -174
-20 -45
-153 -176
-23 -47
19 -58
46 -93
161 -290
-52 -18
-70 -4
-174 58
-77 8
-15 -53
3 -29
102 -121
112 -111
152 -127
72 -93
81 -83
306 -236
47 -61
217 -364
51 -74
89 -93
80 -100
125 -220
319 -381
183 -166
294 -184
76 -60
221 -310
134 -169
77 -70
268 -165
91 -48
79 -60
65 -100
76 -87
243 -175
96 -54
105 -42
210 7
635 -368
198 -93
274 -86
28 -19
246 -201
79 -71
74 -86
86 -71
281 -139
78 -51
57 -72
107 -263
59 -99
84 -77
107 -47
227 -52
346 -124
463 -140
207 -93
163 -108
37 -31
293 -477
43 -82
26 -86
19 -124
76 -94
135 -39
182 -21
109 -24
62 -26
128 -200
102 -78
112 -65
87 -60
299 -219
79 -75
55 -93
58 -276
49 -80
170 -134
87 -81
190 -242
399 -409
99 -84
104 -63
111 -51
308 -174
62 14
65 26
53 -4
53 -19
48 4
28 52
36 116
-4 121
-16 112
-30 108
-64 104
-164 186
-57 106
-27 118
-38 242
-9 122
54 228
-5 125
-39 118
-23 104
29 261
-8 49
-22 47
-36 41
-130 119
-160 201
-103 59
-115 33
-27 21
-220 227
-93 25
-127 -32
-102 66
-95 221
-70 131
-42 28
-51 19
-76 72
-49 91
-129 282
-270 370
-128 211
-195 175
-93 62
-101 52
-146 106
-181 180
-56 46
-79 48
-75 56
-68 67
-52 80
-17 81
-131 132
-41 71
103 -11
89 -60
> 2915 112119
-61 -391
-36 -105
-75 -111
-109 -69
-136 -3
-74 11
-42 -7
-14 -38
-4 -55
35 -55
37 -54
-56 -33
-83 -13
-99 13
-58 59
-76 -17
-79 -53
-83 -28
-163 -16
-55 -44
-50 -63
-76 -18
-71 29
-38 65
-53 100
-9 -78
14 -47
116 -158
15 -45
-11 -113
27 -107
152 -275
20 -51
-19 -51
-6 -52
4 -132
19 -129
46 -120
94 -145
31 -26
139 -65
-105 -250
-102 -61
-116 -45
-98 -106
-111 -91
-58 -21
-198 -45
7 55
11 31
-4 36
-30 -44
-20 -57
-69 -72
-222 -42
-119 -11
-261 17
-177 22
-103 130
-85 74
-51 32
-43 39
-18 27
-25 11
-40 -63
-133 -30
-44 -15
-79 -28
-126 -1
-54 9
-50 31
-82 96
-61 116
-29 -7
-13 -54
-52 -41
-75 -12
-39 30
-29 44
6 121
-75 228
-67 105
-90 86
-80 65
-94 45
-124 36
-127 17
-117 -13
-100 -59
-120 -4
-83 115
-55 22
-233 27
-455 100
-236 9
-41 23
-19 47
38 48
13 27
43 196
-114 94
-16 35
32 33
51 75
29 88
-37 -47
-49 -22
-54 39
-22 61
15 114
100 215
22 109
-39 127
-2 130
49 33
37 37
-50 65
-69 49
-49 14
-251 13
-112 -2
-113 -12
-19 36
-1 49
23 48
149 172
60 158
-50 159
-29 156
78 158
135 213
254 63
-313 309
22 24
-5 42
45 117
6 40
-18 44
-50 20
-86 7
-88 -3
-35 71
-1 91
62 163
115 123
-6 27
-42 19
-27 50
-7 58
55 57
71 51
-130 -42
-45 3
-34 39
-27 53
-11 49
105 80
-117 10
-209 70
-409 19
-40 28
-18 41
263 564
312 698
72 43
90 18
85 41
115 92
50 17
34 38
23 52
101 -85
41 -18
49 12
-42 60
18 63
57 42
69 22
126 19
129 3
-25 -68
51 10
30 36
2 48
-18 49
27 79
100 20
111 16
92 -37
21 -110
29 -49
18 -55
87 110
130 28
59 -22
79 -6
6 -71
-6 -78
41 25
32 32
79 146
35 40
45 27
79 9
45 58
53 103
49 38
60 18
60 -12
56 -30
53 -3
54 14
-73 21
-67 36
-34 52
-6 65
36 89
75 67
104 76
83 95
59 116
70 165
26 40
43 12
53 -17
121 -8
230 -86
124 1
436 58
105 31
389 192
24 32
35 76
42 70
59 41
74 13
68 -25
67 -40
-60 104
-110 80
-55 100
-27 116
-33 223
25 222
48 135
95 93
62 -22
52 -110
223 -214
97 -167
224 -315
62 -77
165 -152
101 -63
34 -34
25 -42
34 92
26 8
73 68
55 85
48 24
55 1
60 -33
164 -148
127 -81
78 -19
29 -36
31 -83
18 -28
34 26
28 33
28 -61
14 -68
22 69
54 -26
59 -1
34 -44
7 -60
60 -85
29 -70
50 -30
121 63
62 -39
165 -180
21 -52
10 -58
16 116
0 116
-10 162
37 45
64 15
-52 57
-42 63
9 84
44 63
45 -15
36 -30
27 -4
81 -89
52 -73
58 -7
88 -94
57 32
29 69
38 38
104 46
39 46
-5 45
-75 155
-13 112
38 109
28 112
20 135
26 134
17 50
31 38
51 9
41 -33
167 -238
160 -139
160 76
23 59
7 62
-51 169
-4 121
59 240
77 220
60 88
39 30
47 13
62 3
58 -10
47 -33
18 -45
-16 -128
3 -47
11 -46
130 -243
33 -119
93 -32
44 -49
34 -58
43 -103
14 -53
1 -51
-67 -104
-42 -114
-6 -57
63 -46
19 7
44 137
30 44
121 -54
70 -58
-81 -108
-32 -78
-55 -317
56 116
61 28
72 5
123 -34
75 80
78 -2
77 -24
47 -24
39 -36
58 -111
41 -119
65 -86
106 -39
50 -10
86 7
21 -22
29 -101
-52 -51
-120 -59
-137 -106
-52 -101
-2 -24
85 20
81 34
55 8
125 -17
38 -57
-13 -26
-394 -212
-61 -43
-392 -357
-127 -28
-121 -50
-157 -142
-111 -41
-78 -80
-3 -56
2 -56
14 -60
54 -21
-36 -48
-154 -137
-82 3
-77 45
-60 115
-100 -28
-45 -34
-80 -92
-36 -53
-33 -235
0 -113
62 20
54 1
6 -53
-76 -154
-65 -100
-83 -95
-73 -101
-65 -121
-53 -125
-16 -121
2 -124
-18 -42
-29 -28
-63 6
-62 -2
-132 -35
-46 -29
-242 -212
-260 -266
-180 -126
-217 -180
-139 -95
-43 -57
-31 -67
-61 -184
-155 -618
> 74227 58618
62 47
39 -19
94 -84
42 -60
35 33
-36 393
23 112
22 61
44 45
59 11
55 25
27 58
-79 356
-4 78
27 79
27 18
31 -36
51 12
-1 235
11 98
41 142
40 79
38 138
30 62
41 -46
25 -214
37 36
47 199
4 58
-4 121
14 64
42 110
53 107
59 211
58 102
34 107
-4 131
9 129
108 450
148 980
27 271
66 342
4 120
47 484
68 482
51 457
66 417
79 663
63 375
25 236
36 234
53 238
77 400
47 400
28 57
136 337
124 341
37 -42
50 33
48 51
53 -30
29 -39
81 -174
63 -213
57 -469
21 -365
-4 -117
-44 -271
-40 -435
-103 -484
-75 -282
-58 -104
-75 -96
-34 -108
0 -118
-11 -109
-50 -218
-18 -113
-3 -124
-13 -123
-58 -242
-48 -245
-68 -937
-73 -555
8 -189
-15 -311
12 -234
49 -450
7 -218
-16 -367
-8 -45
-41 -123
-64 3
-49 17
-31 -56
-18 -56
-2 -141
35 -70
5 -125
-13 -327
-29 -161
-83 -82
-38 -254
-39 -435
-33 -237
-2 -115
-17 -114
-78 -228
-57 -235
-57 -360
-44 15
-26 21
-86 -311
-53 -75
-98 -76
-15 -25
32 -305
11 -214
-9 -99
-24 -145
-23 -35
-50 20
-34 47
-146 -306
-2 -85
42 -96
26 -100
23 -127
7 -126
-26 -115
-43 -111
-34 11
-32 42
-56 135
10 342
-40 89
-16 70
-59 -281
-102 -304
-140 -254
-28 -78
-37 28
-35 52
-15 90
1 195
-46 190
-15 -59
-45 -662
-16 -75
-233 -318
-58 -103
-33 -89
-62 -98
-74 -90
-9 -37
-15 -220
-50 -212
-64 -211
-21 -112
-35 -88
-69 76
-155 366
-61 -73
-130 168
68 266
30 203
5 238
-62 273
-35 269
-11 486
-32 193
-17 202
7 204
63 330
137 170
106 326
48 83
88 -79
69 -173
23 22
-12 136
-51 155
-7 53
1 99
36 89
45 27
48 -19
76 -75
40 -11
115 674
98 177
> 72071 51583
28 70
43 152
11 80
-22 184
-1 183
24 80
43 75
55 55
32 124
17 36
36 40
54 44
46 8
46 35
67 115
41 -41
28 16
50 78
13 -234
22 -78
33 -76
32 22
22 28
84 233
25 101
14 111
-1 111
-9 119
13 116
56 -123
38 -10
93 -48
44 9
35 53
42 107
13 154
22 122
33 119
6 113
-23 225
5 111
18 126
71 348
18 128
-5 137
-26 180
-49 199
-39 467
-13 351
-30 212
-25 80
-62 -33
-25 -62
-81 -146
-50 -22
-78 26
-57 -22
-41 -49
-18 -38
1 -264
-24 -97
-44 -5
-50 -17
-73 -85
-24 -175
-26 -38
-48 14
-36 -61
-56 4
-31 30
-64 9
-93 119
-39 -23
-75 -92
-92 -28
-80 -77
-66 173
-86 76
-93 67
-182 205
-162 224
-239 411
-180 441
-51 171
-84 418
-26 72
-37 69
-68 -178
-25 -183
-31 -17
-16 -101
58 -497
8 -27
42 -53
32 -59
5 -124
-19 -126
-38 75
-12 82
-71 144
-28 -61
-3 -65
95 -293
-12 -27
-28 -28
31 -145
-23 -35
-10 -110
26 -90
33 -1
17 -19
-26 -450
1 -185
11 -185
64 -222
-29 -37
-33 -7
13 -84
52 -184
20 -134
49 -477
60 -338
27 84
14 146
36 2
50 -23
51 -5
35 83
-17 186
57 -23
11 88
-33 172
20 62
71 -270
101 -295
36 31
10 -107
-3 -105
59 -91
78 14
53 79
12 -48
-47 -455
11 -230
31 -260
-47 -239
-15 -242
16 -125
34 -121
46 -102
77 -79
129 -72
49 -10
108 15
46 38
91 101
> 54281 142335
-132 132
-181 203
-72 36
-80 -23
-79 -40
-7 46
-56 -9
-21 -127
-65 -44
-51 74
-90 -57
-36 -102
-8 -53
2 -52
79 -139
12 -38
-40 -178
-67 -112
-49 -28
-202 15
-99 35
-245 -18
-238 -53
-101 -55
-96 -66
-86 -21
-340 7
-86 53
-58 87
-37 -36
-16 -50
-46 50
-60 101
-109 133
-92 85
-206 116
-225 1
-108 -61
-114 -47
-146 -34
-115 5
-203 72
-95 10
-648 -11
-129 -33
-128 -42
-234 -47
-106 -40
-222 -114
-48 7
-47 24
-178 132
-187 106
-277 47
-111 -33
-94 -73
-107 -60
-114 -52
-43 -2
-196 22
-103 33
-105 22
-110 -28
-336 -144
-243 -37
-280 86
-83 14
-75 32
-51 54
-45 61
82 73
90 59
269 95
101 46
96 56
89 73
57 99
15 58
-5 56
-40 55
-51 49
-15 33
-12 219
-34 234
-83 70
-118 18
-136 49
-193 13
40 31
47 19
59 9
55 18
131 72
45 -2
169 -39
177 -54
40 -39
14 -63
1 -65
-12 -101
49 -40
157 -89
222 -83
100 -66
39 -35
30 -41
24 -63
36 -56
85 -75
147 -91
54 -22
147 -11
187 28
175 77
671 321
187 55
94 78
64 131
28 146
21 350
-3 87
-33 149
-27 81
-40 76
-139 159
-84 128
-92 124
-79 85
-136 52
-39 41
180 -7
51 -21
65 -79
115 -175
130 -91
130 -69
121 -32
118 -40
111 -59
235 -93
387 -232
224 -80
739 -202
31 -45
22 -16
103 -6
69 -12
50 -37
62 -97
49 -21
112 -5
104 -44
96 -60
140 -35
265 16
94 29
36 63
50 31
85 29
86 9
263 -8
171 -37
83 -28
79 -36
193 -128
305 -178
17 18
67 -25
78 16
73 40
57 19
55 -10
253 -215
22 -68
-58 -27
-54 -50
-25 -64
2 -217
> 43578 145214
84 -74
103 -39
104 25
207 119
154 107
51 18
46 0
7 -27
-168 -241
-184 -230
-42 -73
-12 -84
2 -118
20 -115
152 -381
15 -96
-5 -55
5 -126
15 -65
89 -104
57 -143
119 -223
138 -214
135 -190
149 -181
306 -288
201 -244
112 -156
45 -35
27 -43
-27 -59
-44 -50
-20 -51
-18 -110
-24 -14
-28 -1
-93 -59
-100 -11
-105 73
-110 63
-225 63
-233 -21
-112 -45
-107 -55
-245 -16
-100 -44
-170 -154
-106 -49
-131 0
-131 14
-101 -38
-80 -78
-15 -51
-5 -107
21 -184
4 -135
10 -38
97 -196
26 -98
-35 -95
-66 -13
-70 18
-117 89
-96 -54
-87 -103
-71 -105
-63 -109
-48 -100
-14 -64
-22 -60
-67 -31
-134 -31
-60 -8
-110 14
-88 60
-90 129
-33 33
-154 51
-110 -24
-107 -63
-120 -26
-55 14
-47 28
-40 48
-11 64
33 121
63 115
48 47
105 57
97 104
47 67
-56 156
-17 92
-6 92
23 79
45 72
43 -43
130 -196
138 -178
7 -50
-4 -106
13 -50
69 -111
92 -90
41 -12
42 9
59 27
52 34
72 95
11 68
1 69
-15 93
-56 78
-140 160
-18 38
205 421
32 444
-107 237
-214 420
-140 398
-96 206
-22 125
38 42
46 35
67 13
69 5
105 37
94 60
180 152
149 181
133 207
93 228
10 105
-40 214
3 115
47 176
7 114
31 108
57 98
46 103
42 117
3 58
-6 100
19 32
98 87
52 102
43 107
10 -82
-7 -77
-61 -91
-48 -95
2 -52
21 -95
160 -68
115 -59
> 34302 133142
28 -123
-75 -244
-9 -118
41 -123
66 -113
-28 -108
-98 -75
-195 -36
-88 -43
-105 -13
16 -56
190 -327
7 -22
-33 -265
-15 -68
-39 -85
-17 -90
28 -83
45 -78
-14 -76
-31 -77
286 -30
38 15
50 48
43 52
14 128
-14 130
20 92
57 79
80 82
65 93
52 126
59 122
83 107
91 102
67 93
55 102
134 154
151 205
111 79
31 49
62 176
48 234
-2 110
-98 109
13 59
25 60
14 120
-16 124
0 121
12 121
32 233
39 123
50 119
35 426
84 292
-6 47
-19 44
-62 4
-68 -37
-41 36
-25 59
-8 275
-15 78
47 115
57 108
76 113
85 79
106 -73
117 -16
126 61
106 89
65 106
74 97
210 197
170 142
209 51
247 -30
184 124
32 119
83 237
25 124
-37 18
-48 -3
-154 -186
-63 -106
-20 -64
-28 -58
-54 -24
-91 94
-67 25
-65 -6
-58 4
-63 107
-21 122
1 52
16 45
155 140
27 31
113 399
86 197
22 108
45 102
174 228
80 85
89 76
102 62
112 48
69 66
165 362
90 117
44 37
126 45
131 31
103 44
96 59
98 80
91 89
94 53
223 77
124 33
44 27
38 38
47 34
53 26
53 11
160 17
125 -10
106 -60
30 -50
2 -54
-9 -81
43 -68
38 13
7 71
20 48
36 34
115 64
123 39
55 3
99 -50
120 -40
64 -1
75 44
60 62
14 56
5 61
23 55
34 51
37 29
102 45
58 18
155 -29
42 29
27 42
-20 55
-4 57
6 66
-17 64
-39 12
-263 39
-35 23
-28 47
4 52
41 45
55 30
11 60
-59 183
42 64
64 42
115 37
103 -18
38 -44
-7 -45
-29 -40
-15 -45
-54 -269
115 1
171 58
55 32
26 45
-30 113
-20 56
-83 123
-19 40
51 186
-154 -35
-155 -20
-257 14
-116 16
-112 33
-80 79
-57 104
-183 151
-224 81
-109 57
-114 43
-52 13
-52 1
-72 -13
-57 14
-182 -16
-210 -68
-108 -8
-21 -59
-50 -35
-23 -31
-17 -34
-5 -48
-20 -35
-57 -14
-53 -23
-48 -42
-54 -34
-131 -27
-134 -10
-94 -42
-24 -99
1 -114
-43 -146
-25 -31
-164 -115
-96 -33
-103 -1
-127 32
-125 43
-231 33
-352 -34
-113 -34
-76 -73
-36 -55
-43 -48
-115 -62
-229 -103
-58 -8
-59 0
-78 -27
-77 -18
-89 16
-83 32
-213 138
-63 53
-58 61
-64 -235
-29 -42
-122 -140
-115 -44
-128 4
-46 -24
-40 -38
-26 -40
-59 -156
-58 -100
-91 -99
-47 -40
15 -76
42 -45
53 44
62 -13
160 21
65 -25
48 80
78 38
62 83
55 59
45 11
48 -53
35 -56
0 -78
-10 -75
-46 -49
-62 -16
-30 4
-25 -6
-86 -118
-90 16
-45 34
-22 44
-30 -13
-73 -56
-7 -39
101 -72
56 -90
-1 -111
-20 -114
-67 -86
-56 -29
-58 -18
-141 6
-117 -36
-103 -70
-38 -33
-70 -86
-9 -59
32 -43
48 -34
177 43
99 -1
50 101
71 -83
28 -101
-38 -143
-42 -40
-57 -27
-72 -77
-67 -84
-115 -96
-137 -64
45 -210
10 -115
-4 -115
17 -206
-28 -225
-53 -256
38 15
83 211
24 7
45 -20
2 -52
-16 -126
7 -65
48 -26
21 -43
-20 -28
-93 9
-13 -31
24 -42
73 14
106 -29
67 -3
57 44
24 -45
-10 -48
-27 -60
-39 -54
-194 -113
-112 -44
-89 83
-125 226
-30 38
-54 1
-56 -27
-25 -62
-41 -248
-81 -214
-82 -62
-317 -195
-216 -157
-75 -221
66 -242
76 -59
93 -47
84 -90
92 -82
109 -47
176 7
105 -35
29 32
64 134
36 43
83 76
47 27
70 4
37 -61
-1 -157
-22 -156
31 -112
85 -145
18 -45
6 -156
-16 -112
-31 -109
-10 -116
-16 -39
-105 -133
-66 -107
-32 -92
-9 -198
-21 -99
-35 -105
3 -29
-48 -109
-41 -126
-42 -68
> 33928 134695
55 -40
61 -20
183 3
-12 -142
41 -139
63 -138
39 -143
-10 -128
-41 -122
-70 -120
-4 -50
11 -53
-109 40
-66 -16
-52 -45
-44 -110
4 -122
-8 -51
-36 -106
-6 -59
70 -83
91 -61
7 -55
-74 -96
-29 -55
-86 -32
-54 -36
-61 -17
-101 -56
-57 -107
-121 -170
-42 -78
-75 -174
-55 -81
0 53
77 195
17 94
-4 38
-99 -8
-26 40
-12 66
-38 4
-44 -10
-30 -28
-55 -1
-67 -48
-51 65
-91 2
3 107
-18 107
-140 -67
14 50
-24 112
3 66
87 107
142 39
28 35
16 50
55 45
167 94
110 46
151 346
5 54
-23 168
-45 105
-161 165
-40 58
100 24
92 37
88 64
81 70
121 172
92 190
27 -64
80 20
> 32844 131977
38 25
37 7
55 -99
36 27
37 12
41 -46
30 -55
64 7
73 42
-3 -180
22 -180
118 79
110 95
52 13
49 -28
35 -53
14 -60
-28 -84
-40 -80
-13 -53
2 -57
30 -134
70 -117
103 -49
96 -56
46 -113
10 -124
-13 -46
-80 -186
-46 -27
-55 -18
-100 -74
-36 -90
0 -107
-20 -37
-38 -28
-18 -31
-39 -153
-46 -93
-33 11
-29 21
-53 -14
38 -142
5 -42
-21 -50
-108 -30
-49 85
-103 134
-62 98
-34 25
-136 70
0 -91
41 -73
93 -50
74 -99
-65 -17
-66 6
-54 22
-93 96
-57 41
-80 -19
-74 -39
51 84
100 98
49 103
-23 98
-42 41
-29 53
-2 52
27 42
54 21
54 -7
43 -28
14 -46
-20 -58
4 -47
81 -7
81 5
92 -46
40 50
33 61
-23 49
-62 95
-142 58
-119 107
-98 22
-77 -71
-31 65
-7 78
-163 -81
-151 -98
-86 -67
-75 -76
-29 -105
-24 -20
-141 2
-101 15
-80 -23
-39 36
-34 45
-95 53
-113 -15
-37 -13
-14 -33
-29 -114
-116 54
-19 50
-6 60
-88 278
39 32
49 24
85 -79
51 -26
57 -12
103 28
102 57
53 42
0 60
-12 61
-35 21
-47 -1
-20 -16
-6 -31
-21 -45
-51 5
-143 65
-114 16
-113 -32
-34 -22
-28 -32
-35 -20
-44 2
97 216
144 196
122 -63
59 36
5 69
-32 110
-5 87
266 123
107 15
105 -15
119 46
115 25
106 34
102 45
141 50
127 72
251 245
> 25056 121905
48 -52
50 -120
28 -46
50 -44
43 -49
2 -77
-28 -67
-90 -85
-94 -270
-32 -54
-105 -77
-115 -62
-90 -66
-81 -79
-163 -127
-770 -471
-56 -27
-126 -7
-128 18
-94 -22
-93 -35
-62 -14
-56 11
-57 39
-62 28
-257 83
-91 40
-85 53
6 -10
-63 72
-43 92
-86 101
-43 27
-153 70
-127 12
-77 53
-31 97
108 24
109 14
120 -1
117 20
124 50
117 62
156 152
191 135
100 56
106 45
251 80
244 49
193 57
192 30
77 26
155 98
249 91
107 -2
105 -13
79 7
70 36
79 73
82 -24
> 19883 110971
65 -33
44 -49
22 -80
45 -64
78 -66
1 -27
-40 -54
-26 -9
-96 -1
79 -170
4 -24
-41 -6
-42 4
63 -48
17 -131
-2 -41
-61 -89
-30 -177
21 -255
-14 -67
-66 -70
-15 -96
15 -103
-21 -52
-40 -44
-75 -42
-11 43
4 57
-87 -98
-60 -116
-133 -160
-63 -112
-80 -97
-34 -28
-39 -16
-357 -14
-42 2
-116 38
-215 26
-119 220
-48 108
-43 153
-25 158
-19 59
-63 119
8 71
21 91
12 22
89 57
49 56
25 152
-6 52
32 47
28 -1
29 -17
65 107
86 96
14 39
3 43
25 66
50 51
65 27
157 41
129 47
36 -4
37 10
35 31
84 38
267 181
28 91
69 101
110 -16
118 -27
> 7428 81832
37 -35
160 -70
59 -44
27 -7
31 3
40 -14
337 -229
29 -14
67 0
216 -49
41 -39
12 -59
22 -48
43 -11
59 3
54 -21
271 -182
24 -37
14 -44
54 -25
61 -17
280 -182
276 -335
154 -123
14 -72
-3 -103
6 -96
-20 -15
-51 -13
-43 25
-49 67
-39 212
-62 127
-68 43
-1 -60
-15 -50
30 -62
43 -60
40 -110
-125 25
-126 7
-117 -18
-114 -35
-197 -136
-53 -1
-105 16
-49 -2
-280 -91
-108 -19
-254 -23
-32 -26
31 -33
245 0
-112 -37
-116 -5
-270 52
-211 32
-756 67
-244 88
-221 60
-211 88
-143 172
-61 229
30 228
109 247
116 335
37 74
184 257
87 76
102 55
142 51
145 42
119 16
268 -3
140 -42
> -19922 44405
248 27
123 21
122 -4
126 -62
228 -148
42 -5
170 12
122 -13
122 -54
115 -70
216 -69
355 -33
129 7
114 -20
109 -50
189 35
689 442
82 15
210 -18
122 9
45 15
27 34
13 76
29 357
22 46
58 89
112 123
33 56
-12 48
-48 31
-27 40
51 144
2 56
-9 56
47 27
63 16
44 21
25 38
14 186
18 118
44 154
-9 33
-158 123
-13 38
-7 48
29 42
83 -101
46 -15
53 5
114 54
87 90
131 200
152 207
11 60
-24 51
-180 39
-29 -5
-4 34
22 38
72 34
60 2
58 -28
49 -13
45 -1
106 105
101 82
121 39
56 33
63 87
-10 26
-51 20
-54 11
-54 -22
-53 -32
-71 -13
-13 49
17 47
128 68
121 77
63 46
43 58
-9 96
-27 94
128 -152
175 -39
303 182
63 2
19 26
25 13
102 -95
50 -17
77 12
69 45
47 41
19 58
-27 46
-84 101
-12 68
80 83
101 67
69 101
43 115
159 175
331 114
97 9
117 -25
112 -40
139 -68
31 18
-18 96
19 32
123 104
236 171
0 56
-44 49
-65 18
-47 34
-112 116
-84 58
-105 46
-100 54
-243 167
-93 71
-99 62
-198 29
-308 106
-462 101
-474 31
-218 30
-205 78
-212 128
-237 42
-243 -78
-229 -113
-44 -30
-58 -53
2 -24
59 -91
97 -74
228 -93
116 -34
19 -40
-11 -109
-72 -80
-45 -14
-129 17
-115 30
-118 13
-148 3
-44 29
-38 44
-97 45
-231 8
-116 -28
-100 -77
-55 5
-57 28
-34 -27
-44 -103
-38 -42
-102 -55
-208 -91
-106 -12
-323 57
-229 -16
-437 -115
-208 -66
-248 -94
-328 -143
-410 -142
-423 -121
-254 -89
-251 -101
-442 -138
-449 -118
-494 -175
-551 -242
-72 -26
-281 -50
-245 -54
-241 -65
-400 -135
-123 -15
-119 -31
-250 -130
-93 -55
-100 -39
-125 -22
-121 -39
-223 -96
-192 -142
-70 -97
-101 -209
-20 -107
-3 -235
-57 -228
-111 -238
-127 -229
-61 -87
-34 -97
-8 -302
28 -91
209 -302
34 -117
29 -222
18 -67
27 -61
109 -90
92 -178
29 -43
64 -27
69 -18
76 -46
146 -34
103 -58
180 -164
58 -18
191 -13
130 5
237 -16
112 19
100 57
109 -23
114 -61
119 -23
108 -45
194 -172
95 -40
99 -28
308 -65
108 -8
227 10
116 24
82 41
61 11
52 27
42 41
49 27
291 64
64 81
37 121
76 96
102 56
211 55
210 152
110 54
166 123
234 108
111 33
113 24
> 39038 53055
-235 55
-47 -10
141 -54
156 -27
44 34
-3 39
-56 -37
> 44831 50095
106 -100
108 28
22 36
15 51
-24 7
-48 -72
-61 -6
-67 59
-27 86
-29 -35
5 -54
> 45076 50295
7 55
-85 -19
-26 -19
-13 -35
63 -21
54 39
> -79271 -160250
139 -514
125 -519
106 -360
108 -518
33 -229
18 -232
17 -251
6 -251
-3 -132
-58 -89
-76 -315
-73 -155
-66 -311
-56 -74
-87 -45
-108 -37
-75 56
-68 255
-53 259
-63 395
-199 1451
-108 1059
-33 505
38 1249
27 43
45 13
40 -54
20 -68
38 -71
46 -66
46 -110
37 -53
106 -265
78 -280
53 -286
> -78384 -66728
34 -112
34 -198
-46 -441
-324 -1919
-83 -350
-40 -224
-75 -572
-18 -82
-158 -628
-69 -200
-117 -213
-198 -117
-57 6
-38 43
-29 48
-56 161
-16 112
-34 430
-9 431
3 219
14 218
48 384
100 98
75 -52
163 292
70 143
197 613
142 481
189 676
112 315
56 120
92 259
38 59
> -78598 -43947
68 95
97 64
48 11
49 -8
49 -24
29 -45
91 -240
74 -246
58 -254
47 -258
107 -678
54 -463
22 -265
20 -568
-6 -204
-28 -433
-21 -229
-207 -1389
-47 -63
-128 -210
-240 -586
-95 -202
-48 -78
-91 -74
-84 -83
-38 42
-15 93
-49 -56
-41 -82
-27 -122
-30 -12
-42 12
-82 -18
-68 -53
-61 -76
-50 -84
-30 269
-8 44
-17 41
-43 48
-49 36
-49 -44
-33 -63
-115 -262
-193 -520
-170 -527
-151 -586
15 -41
48 -19
11 -104
-32 -106
-57 -240
-19 -246
14 -123
47 -170
5 -48
-80 -88
-95 -194
-204 -369
-29 -85
-52 -217
-55 -25
-136 21
-87 110
-17 39
-6 40
86 4389
31 72
41 71
45 220
24 222
452 5660
13 39
23 35
32 -5
27 -31
75 -268
18 16
13 38
16 104
5 104
-10 229
88 201
90 76
222 45
102 -20
127 -154
50 -92
137 -56
78 -97
95 -87
88 -93
56 -83
28 -95
11 -319
3 -525
-10 -526
3 -131
20 -129
51 57
53 82
26 145
63 1121
> -80115 -59498
14 -290
100 2
63 34
63 46
98 -167
36 -706
-68 -447
-53 -89
-25 -228
-64 -3
-27 100
-18 -56
-24 -382
-49 -33
-65 23
-72 97
-38 112
-13 291
-50 -119
-37 -320
-25 -599
-4 -287
-11 -3461
23 -135
15 -53
88 -49
23 -79
13 -81
-2 -106
-15 -105
-21 -93
-34 -90
-25 37
-39 143
-84 407
-165 981
-142 935
15 48
66 94
18 61
33 350
22 571
-32 76
-108 82
-31 46
-68 269
-55 648
-59 1440
67 315
40 143
67 199
41 101
76 54
99 -3
214 40
29 51
60 71
47 82
10 103
2 105
45 -86
36 -90
> -72664 -70543
38 480
92 854
107 60
217 509
52 97
73 82
110 67
153 153
97 13
412 -24
216 -26
185 -36
56 -22
38 -115
135 -8
102 -95
173 -177
318 -360
181 -143
243 -119
83 -64
262 -291
44 -147
10 -58
-44 -166
122 28
49 -2
181 -52
36 -49
91 -158
43 -105
-85 -975
-67 -477
-30 -121
-30 -68
-59 -51
-55 -29
-62 3
-48 21
-42 33
-62 118
-38 129
-56 91
-101 25
-125 -49
-158 -85
-40 -16
-62 -11
-60 25
-36 44
-49 81
-14 33
-128 575
-5 97
9 98
53 206
-21 392
-20 94
-54 116
-71 235
-93 265
-14 -42
-3 -42
55 -273
9 -115
-10 -238
-43 -234
-133 -499
-123 -129
-53 17
-49 124
-24 132
-32 256
-18 362
-15 103
-32 102
-14 101
17 60
4 57
-38 46
-59 7
-61 0
-59 -12
-33 -35
-8 -46
169 -352
14 -55
5 -58
-47 -360
8 -453
-26 -114
-101 -196
-33 -215
70 -637
2 -354
-54 -350
-60 65
-36 90
-52 475
-60 218
-53 -410
4 -199
15 -199
48 -377
-4 -77
-26 -130
-46 -13
-51 25
-80 212
-31 -47
-20 -52
6 -66
56 -179
79 -213
28 -104
27 -146
-5 -49
-12 -72
-15 -67
-42 -50
-50 5
-72 40
-39 7
-20 -19
-5 -27
1 -68
25 -149
74 -227
-12 -237
-60 -193
-30 -42
-35 -18
-46 28
-26 -6
-28 -42
-48 -10
-50 30
-36 94
-50 129
-24 106
-45 116
-31 122
-6 123
14 234
-17 107
-69 113
-17 56
-11 157
18 97
130 362
41 -35
52 -119
59 -139
21 54
14 143
-18 223
-52 243
-19 195
2 44
260 516
30 75
-9 78
-99 213
-82 230
-29 242
13 109
2 110
-71 534
-39 -24
-41 -46
-48 -143
-12 -73
-74 -791
-32 6
-97 231
-34 248
20 235
35 233
59 304
7 108
-5 109
-23 110
-37 108
-95 -222
-33 -243
-10 -202
7 -732
28 -530
35 -241
21 -242
-6 -120
-23 -117
-104 -231
-40 29
-36 50
-63 119
-34 108
-15 110
6 139
-27 51
-41 47
-12 66
31 521
12 687
14 236
-10 192
-41 188
> -54653 -65747
54 -246
66 -243
92 -226
127 -208
91 -195
75 -204
98 -225
128 -209
135 -175
125 -183
43 -79
55 -68
245 -136
13 -17
11 -232
34 -96
39 -32
45 0
63 42
59 48
35 98
-62 93
98 -38
84 -61
205 -232
42 -59
21 -29
50 -99
5 -32
-97 -290
6 -87
182 -247
-5 -84
-58 -74
-97 -91
-85 -101
-68 -119
-22 -52
0 -59
52 -94
45 -102
-10 -145
-18 -45
-65 83
-40 38
-42 96
-20 23
-24 9
-27 -30
-20 -35
-14 -60
3 -64
-25 -71
-60 -52
-57 -17
-63 0
-99 44
-73 87
-36 116
-4 123
68 216
13 118
3 119
-8 124
-31 119
-43 38
-64 4
-19 -38
-102 -300
-71 -260
-50 -141
-39 -58
-127 -2
-123 65
-98 98
-245 792
-53 152
-21 -1
-17 -32
-13 -51
-25 -41
-74 -84
-14 -59
28 -10
55 -3
50 -40
31 -54
43 -203
58 -120
-15 -67
-46 -58
-14 -123
2 -179
31 -74
71 -3
96 -134
45 -155
130 -95
0 169
19 81
94 -63
266 -88
-28 -88
-72 -77
-96 52
-61 -224
-112 11
-114 -6
-131 103
-21 124
-41 96
-70 72
-113 170
-43 -13
27 -107
-2 -155
19 -128
70 13
66 -11
22 -98
-11 -101
-22 -30
-38 -18
-22 -20
-24 -114
-7 -79
56 -196
-5 -38
-45 -107
-50 -73
-2 -33
53 -110
10 -84
-40 -23
-21 -84
-34 -21
-73 26
-24 70
6 391
-74 212
-20 304
-37 190
-59 238
58 215
-4 23
-22 21
-41 100
3 107
34 132
43 127
27 49
-101 135
-46 102
-51 404
33 238
23 40
0 151
20 34
-2 128
20 159
-2 112
-30 213
-21 214
-35 666
-21 197
-88 302
-19 117
23 112
31 112
3 115
18 111
38 107
9 112
-16 119
-2 120
13 132
37 125
89 94
111 73
40 -73
6 -117
-21 -378
> 20385 -74513
137 -149
51 -70
78 -151
22 -77
41 -253
-12 -125
15 -187
16 -118
-18 -82
21 -28
40 -7
36 20
26 143
60 -66
49 24
48 43
66 -38
50 -89
3 -176
19 -175
94 -185
47 -196
-2 -97
13 -95
55 -42
19 -37
3 -39
-32 -102
35 7
35 24
59 -92
130 -171
-50 -42
-60 -67
4 -45
55 -17
75 -96
-19 121
4 64
46 37
28 -78
40 -78
43 -42
117 -155
17 -86
-21 10
-57 66
-23 10
-13 -48
22 -92
104 -228
71 -106
137 -172
258 -543
-9 -33
9 -57
24 -59
5 -67
-8 -281
20 -93
41 -82
61 -98
68 -93
165 -128
84 -174
60 31
-18 -104
8 -36
65 -115
7 -93
-14 -98
8 -99
32 -94
42 -91
67 -63
19 -37
-13 -358
-35 -137
5 -34
69 -93
28 10
-27 -102
-13 -211
46 -262
27 -264
-36 -250
-89 -237
-21 -78
-61 -511
-15 -81
-302 -787
-47 -77
-145 -159
-95 -80
-123 -22
-182 57
-38 -47
-5 -60
11 -61
-11 -39
-137 -344
-37 -10
-29 49
14 52
57 103
21 56
13 67
-3 59
-76 10
-78 -12
16 54
106 208
31 103
14 107
37 33
112 35
58 30
20 32
10 214
9 44
20 41
0 58
-22 58
36 106
80 88
52 103
31 45
44 37
84 98
81 148
63 75
31 48
-10 835
-7 64
-15 49
-24 44
-41 43
-57 20
-38 -27
-30 -47
-45 -216
-34 -105
-97 105
-77 124
-14 33
-16 375
-80 86
5 71
34 62
60 22
65 15
-61 44
-73 24
-36 34
-24 47
-21 74
11 463
23 14
36 0
-89 92
-101 82
-61 80
-43 93
-86 228
-158 553
-22 83
-10 85
66 366
-26 95
-77 92
-102 59
-117 40
-243 46
-43 37
-37 48
-47 92
-165 198
-47 119
-1 140
-24 264
0 126
-18 119
-28 118
-33 25
-51 16
-68 81
-39 15
-45 -11
-61 -45
-47 -64
-218 -341
-227 -161
6 252
33 251
-1 213
28 109
19 110
17 264
30 263
3 95
-30 393
-28 108
-41 105
2 262
31 71
35 42
49 25
-54 30
-29 -2
-24 8
28 113
29 48
44 105
56 215
17 223
5 159
37 36
52 63
63 17
60 -30
19 -31
15 -36
-9 -39
13 -111
55 -129
> 80160 26861
15 -424
0 -601
13 -85
22 -84
23 -196
44 -564
24 -121
0 -50
-15 -122
9 -67
60 -144
5 -105
-31 -18
-26 -46
-8 -91
10 -190
-61 -180
-37 -85
-28 -335
8 -238
131 110
63 25
44 65
22 -64
27 -243
-5 -111
-36 -104
-20 -121
3 -123
-14 -98
-36 -33
-58 28
-118 -3
-100 -67
-41 -86
11 -100
72 -292
7 -117
20 -84
59 -42
25 -106
-4 -551
11 -100
49 -205
73 -217
29 -117
29 -255
41 -253
7 -118
-15 -119
-61 77
-49 86
-26 33
-32 -8
-68 -51
23 -183
73 -241
13 -63
-4 -86
-30 -21
-39 34
-78 164
-22 182
-47 -194
23 -200
36 -181
19 -183
-23 -690
-28 -172
-50 212
-33 215
-23 512
-41 -130
-29 -131
-38 -340
-42 30
-27 40
-35 103
-64 297
-25 217
-9 458
2 238
15 261
35 224
-4 338
-26 323
-42 -97
-16 -122
-58 -72
-1 -306
8 -172
-6 -194
-16 -74
-27 -72
-57 225
-44 228
-27 272
-21 361
-32 45
-12 55
-17 1050
31 955
-83 -170
-65 93
-33 115
-25 855
-12 189
21 185
48 124
39 126
63 368
2 92
-28 302
6 94
58 402
37 85
121 176
56 104
60 215
188 859
42 119
152 -51
66 -131
35 -156
> 78672 20725
4 371
23 148
41 145
32 -36
24 -41
57 -222
54 -370
74 -219
78 266
48 -156
22 -153
17 -295
-21 -49
-48 0
-21 -220
91 -143
29 -261
-19 -401
22 -110
55 -99
26 -108
2 -94
19 42
22 87
34 16
48 9
42 -17
34 -30
27 -37
84 -167
33 -184
6 -64
-10 -61
-164 -411
-51 -192
45 46
50 19
52 -46
37 45
65 127
69 96
96 -121
57 -150
28 -107
56 -359
18 -253
-16 -40
-28 -37
-10 -51
2 -51
114 -263
32 -137
-4 -141
-42 -152
-53 -37
-70 43
-49 -144
-101 -111
-25 -19
-27 -10
-95 25
-68 34
-177 153
-230 226
-136 90
5 -49
179 -437
14 -94
61 -104
172 -216
138 -193
130 -199
91 -220
33 -238
-73 -214
-107 -202
-33 -138
-47 -20
-57 -9
-53 15
-46 30
-39 -26
-4 -73
36 -123
53 -118
28 -115
14 -169
10 -48
94 -50
13 -119
-19 -660
116 484
30 739
37 129
10 14
31 5
24 -12
44 -221
-29 -585
-56 -354
-3 -152
43 -322
-18 -61
-48 26
-37 43
6 -83
19 -103
83 -400
-22 -358
-14 -93
-65 -66
-3 -35
43 -100
37 -184
2 -62
-10 -58
-31 -64
-24 4
-44 69
-49 56
-59 -74
-26 -12
-36 13
-57 96
-48 54
-65 38
-45 49
-72 132
-103 101
-21 131
42 182
54 95
78 -36
8 99
2 299
-25 106
-55 -68
-61 -123
-40 9
-35 24
-52 56
-42 64
-8 41
0 166
-9 122
-13 28
-39 -80
-10 -48
79 -727
-10 -92
-23 -91
-67 246
-51 250
-20 -106
-46 -9
-50 28
-42 92
-32 96
-36 176
-11 120
-112 177
-98 230
-34 157
-20 48
-30 43
-63 237
7 505
22 253
4 202
39 128
50 125
32 137
23 138
47 -92
30 -114
49 36
40 47
50 -10
44 -38
30 111
16 111
0 55
-15 48
-40 47
-27 53
-9 124
34 121
68 88
49 98
-10 61
-50 8
-58 -44
-55 -83
-19 -11
-35 25
-66 81
-15 57
-2 264
22 263
45 214
101 288
17 84
8 253
-51 -86
-109 -248
-55 86
-42 192
-10 84
3 181
17 180
-48 -169
-19 -226
3 -627
-14 -275
-12 -91
-28 -127
-34 2
-37 39
5 -179
-12 -178
-70 -346
-80 -747
-66 59
62 -259
19 -111
-1 -113
-10 -54
-17 -52
-30 -37
-109 33
-36 36
-29 41
-58 171
-25 128
-5 514
13 243
30 250
48 248
12 240
-22 241
0 234
33 480
32 313
-14 61
-56 55
-44 64
1 -414
-17 -413
-93 -1285
-164 -226
13 -99
33 -108
9 -110
-16 -307
-19 -45
-37 -30
-63 8
-42 46
-67 95
-54 103
-48 118
-35 121
-37 251
-77 386
-199 423
-125 457
-22 120
-37 114
-57 108
-36 116
-30 238
27 235
53 128
61 -27
59 -56
33 -3
83 165
74 107
42 -61
38 -35
108 196
68 93
174 181
98 224
10 290
16 91
56 71
103 63
112 42
148 35
49 -8
34 8
23 136
-8 137
2 110
39 173
51 14
50 -51
52 26
85 72
60 94
101 231
82 238
36 36
12 22
13 92
20 618
29 338
> 40818 9682
64 -50
33 -58
17 -20
60 36
13 31
12 -6
14 -39
23 -37
52 -39
44 -45
46 -104
6 -68
55 -55
-15 -46
-57 -19
-42 -56
-33 -109
-160 -177
-55 -122
-45 -127
-16 -104
12 -105
12 -53
49 -65
6 -21
-42 -20
-100 -23
-119 9
-46 40
-47 66
-58 57
-58 32
-91 24
-59 62
-162 0
-53 -16
-40 -46
-60 -10
-61 9
-20 88
-58 52
-69 -9
-38 2
-10 -30
26 -40
-26 -20
-74 10
-85 -14
-40 -28
-41 -20
-190 12
-86 7
-96 68
-80 67
-66 42
-37 54
0 70
-17 82
3 80
51 86
79 56
196 33
-28 46
-14 47
17 58
3 57
-49 124
-28 98
26 76
88 22
100 33
570 69
93 21
75 -6
67 -42
109 -16
132 111
42 29
58 22
56 -11
262 -112
> 42118 8642
-22 59
-53 2
-47 -50
-37 -38
-28 7
-9 52
3 66
-55 19
-66 -40
-43 -1
-24 53
-36 116
-32 -8
-41 -49
-40 -22
-29 34
-43 53
-39 108
-92 183
75 67
167 78
52 43
52 21
195 6
46 27
158 123
31 5
392 -30
33 -17
30 -36
43 -19
146 26
55 -1
85 -18
36 2
40 -48
-4 -52
-73 -32
-130 -8
-47 15
-54 -25
-18 -25
17 -34
17 -56
4 -60
-28 -50
-43 -44
-17 -49
-37 -180
-58 -102
-123 -73
-42 -52
-27 -22
-13 26
-2 34
-59 49
-26 -67
-39 -42
-58 22
-43 54
> 38217 15341
13 -61
-19 -56
-43 -48
-15 -57
15 -137
4 -136
-5 -56
-16 -53
-66 -100
-39 -131
-3 -90
-26 -128
24 -238
-17 -113
-43 -148
3 -54
17 -53
102 -191
7 -58
17 -50
54 -31
10 -61
-1 -131
-59 -103
-47 -8
-43 -94
-6 -52
29 -52
119 -117
-41 -32
-34 -38
-23 -62
-32 -54
-114 -61
-119 -51
-46 18
-104 73
-76 113
-22 59
-5 58
8 114
-4 53
-64 116
-28 130
-27 51
-42 44
-61 96
-95 226
-118 214
-35 104
6 119
-3 119
-58 116
-73 108
-174 135
-22 53
-10 59
-57 162
14 114
-30 112
-6 111
48 3
49 -12
54 12
53 26
43 43
78 110
42 1
42 -7
42 -53
70 -62
35 56
39 -36
25 -48
27 -29
40 -11
84 -6
73 31
58 34
61 25
70 17
64 27
278 242
44 33
113 68
48 58
28 -67
-5 -69
-74 -158
> 69489 -52113
61 125
55 88
32 -8
27 -74
22 -25
18 22
18 8
21 -6
39 -28
25 -34
56 -353
82 -333
196 -372
64 -194
16 -78
75 -632
21 -365
-61 -334
-38 -80
-29 -30
-28 -14
-28 -1
-48 22
-32 35
-42 122
-69 329
-18 -40
42 -302
-16 -123
-48 -53
-188 -78
-49 53
-34 62
-20 70
-34 237
-12 364
-12 139
-19 73
6 96
-34 42
-15 61
-26 64
-28 -232
0 -157
-9 -111
-24 -25
-40 62
-27 70
-35 149
-38 109
-4 39
-3 176
86 575
21 233
125 657
> 48698 -123415
-8 -28
-16 -15
-72 -15
-20 -24
242 -130
127 -125
132 -68
36 -34
52 -83
53 -59
77 -190
79 -310
49 -147
101 -188
113 -100
27 -1
15 27
47 -30
116 -131
164 -167
95 -81
148 -106
62 -62
25 -52
17 -81
22 -224
73 -365
62 -497
124 -496
181 -516
40 -205
-3 -183
-30 -141
-34 -59
-50 -45
-47 -4
-88 83
-88 131
-23 78
-5 94
6 99
37 134
42 -19
29 -1
-10 225
-14 60
-46 -63
-41 5
-69 35
-22 2
60 -91
14 -63
-8 -191
-7 -42
-19 -32
-99 -57
-20 16
-12 96
-21 12
-82 11
-61 -45
-22 9
-10 48
3 46
42 95
0 208
-32 37
-46 32
-33 49
19 59
25 18
33 4
9 18
-17 34
-21 24
-27 12
-23 1
-58 -29
-43 12
-39 30
-30 52
-8 65
11 72
20 29
32 22
9 23
-21 54
-18 104
-29 62
-112 90
-31 35
-13 33
0 62
-42 60
-17 55
11 214
-22 -24
-31 -285
-29 -99
-11 -15
-36 -7
-124 15
-22 30
3 19
51 55
-2 26
-67 115
10 24
40 10
11 26
-28 75
6 69
-12 25
-30 27
-11 28
33 85
-21 -3
-92 -46
-40 32
2 34
27 83
-17 39
-60 68
-10 34
3 39
-7 11
-47 -58
-32 -110
-15 -17
-63 169
-76 117
-19 54
7 29
57 97
-7 195
23 241
17 23
48 36
60 29
68 18
6 8
-71 13
-59 -17
-55 -33
-72 -85
-134 -201
-19 -4
-42 19
-50 104
-57 149
-57 179
-82 313
-79 261
-49 198
-53 322
-11 22
22 37
55 51
27 39
-21 111
5 24
44 27
151 -82
64 -24
28 -25
> 18905 -68685
83 -216
25 -130
15 -132
24 -117
34 -115
22 -113
10 -116
42 1
46 17
6 86
-11 197
25 59
46 32
56 -93
-29 -414
68 -84
106 -55
117 -13
82 -66
1 -57
-37 -115
2 -65
38 -111
95 -131
6 -43
-1 -157
17 -50
58 -99
36 -49
27 -120
-24 -128
-42 -154
-1 -45
47 -161
1 -116
-18 -58
-28 -51
-54 -39
-60 -29
-17 -44
-21 -56
25 -119
23 -266
68 -210
88 -207
27 -240
-24 -241
-20 -100
-29 -97
-48 -86
-85 -37
-63 42
-22 80
-26 263
-85 190
-85 160
-99 -39
-101 -26
-110 27
-59 -70
-178 162
-150 184
-69 117
-51 1
-50 -29
-15 -42
-8 -200
-36 -42
-47 -36
-26 -43
-7 -50
21 -128
66 -675
43 -95
10 -175
26 -114
40 -124
22 -128
-6 -56
-32 -104
-175 -90
-57 18
-47 41
-77 224
-54 110
-72 96
-101 104
16 46
64 14
68 78
39 103
16 129
6 130
-17 113
-28 112
-54 283
4 122
20 122
11 41
21 39
12 49
9 444
-17 58
-26 56
-67 93
-80 85
-34 56
-51 38
-65 17
-68 -1
-47 26
-17 63
-32 51
-89 79
10 43
48 38
156 91
220 161
58 23
96 1
26 12
23 42
19 104
54 165
-10 114
-68 80
-51 85
35 297
25 41
69 79
28 45
44 122
26 125
-8 126
-20 126
4 122
20 122
-41 203
9 137
-69 115
-73 42
-48 57
-3 34
7 28
84 47
49 48
24 71
39 48
120 86
74 20
59 -42
43 -64
191 -240
> -353 -48380
56 -13
25 -51
24 -71
16 -73
16 -199
52 -330
5 -98
-9 -99
-47 -89
-19 -132
5 -94
113 -619
-41 -214
-116 -184
-91 -48
-106 -22
-59 13
-54 -17
-62 -51
-45 -10
-216 -15
-104 13
-68 73
5 117
-30 16
-36 -4
-8 -15
16 -72
4 -61
-113 -31
-131 36
-145 51
-122 56
-60 15
-90 94
-13 65
45 105
8 229
44 43
-4 56
-55 99
-27 106
35 56
17 98
26 63
82 62
118 19
-44 100
-39 62
-5 111
41 29
74 23
72 9
-92 86
-9 49
9 52
23 57
92 95
63 30
50 -25
50 -11
54 50
41 61
25 24
120 81
94 53
45 21
47 10
117 -27
-7 44
26 26
130 33
93 36
89 48
> 57581 -3988
19 120
62 240
46 225
2 108
-37 211
-1 48
17 89
3 91
-11 612
21 170
-25 112
-65 95
-118 89
-20 -3
-54 -54
-68 -99
-93 -86
-50 -26
-56 -16
-50 -28
-240 -170
-132 -167
-94 -74
-75 -92
-48 -88
-31 -94
-34 -272
-24 -77
-41 -90
-21 -96
3 112
23 111
9 202
-80 232
-65 -21
-51 -94
-8 -212
-114 -198
-35 -90
-17 -94
5 -118
30 -215
32 -94
-52 85
-27 96
-64 559
7 34
67 178
1 238
-124 452
-95 130
-136 187
-53 101
-49 74
-72 45
-238 87
-234 100
-252 131
-70 60
-50 78
-113 395
-37 88
-109 153
-116 148
-89 137
-72 149
-37 -72
-59 -50
-80 37
-77 61
-122 119
-134 104
20 -38
12 -41
-4 -55
7 -55
41 -100
52 -96
-21 -191
9 -107
-1 -92
-30 175
-2 191
-224 422
-133 143
-175 85
-79 -58
-51 -90
-58 -84
-66 -78
-97 234
3 50
13 52
33 50
80 84
29 43
10 145
-6 123
-18 122
6 107
-34 215
-31 111
-140 275
-77 59
-98 27
-110 4
-100 -47
-90 -53
-117 -32
-42 -24
-33 -32
-92 -146
-38 -96
17 -41
-3 -44
-22 -4
-47 46
-57 0
-42 -86
-18 -87
23 -146
-78 -203
-41 146
-42 29
-76 -36
-33 -92
-15 -101
-4 -105
-18 -86
-35 -82
18 103
-16 72
-63 46
-18 41
-27 202
0 126
15 242
0 116
-12 42
-52 1
-129 -18
-27 -32
-108 -322
-75 -65
-46 -19
8 -188
-48 -88
-33 -152
-34 -117
-43 -115
-13 -95
51 -409
-4 -247
-45 -334
8 -86
43 -130
29 -132
12 -152
40 -131
-76 82
-74 -183
-14 -84
2 -87
-20 -178
10 -165
-52 25
-45 44
-20 -36
-5 -38
34 -314
-6 -45
-32 -38
17 -115
54 -111
36 -118
16 -124
-5 -98
-85 -406
-84 -80
-120 -41
-106 -58
-82 -96
-11 -113
57 -107
63 -203
42 -70
2 -22
-15 -22
-19 -80
-1 -82
-17 -128
-51 -221
-34 -89
-95 -193
-27 -39
-96 -70
-17 -106
62 -98
21 -111
-21 -117
-32 -71
26 -33
55 -1
65 85
49 229
128 200
78 99
43 39
28 48
11 62
48 33
194 278
45 23
80 14
76 23
50 227
162 108
12 30
30 316
-2 234
-32 233
-3 119
11 120
44 94
157 161
69 90
62 104
72 97
132 157
-46 -106
-72 -129
-42 -74
-42 -237
-43 -101
-98 -179
-8 -34
24 -269
126 -201
52 -128
6 -53
-16 -54
-16 -117
3 -120
58 61
33 83
23 -185
17 -52
41 -58
7 -145
-10 -70
-54 -117
-58 -184
80 -223
35 -43
67 1
53 -34
19 -61
70 79
46 95
46 209
109 318
46 178
80 165
49 69
67 49
82 49
67 71
16 -68
50 -31
51 8
45 32
57 -28
59 -51
46 3
49 14
-2 -128
-16 -127
-35 -116
-47 -112
-9 -99
38 2
47 43
67 112
56 121
42 43
49 34
40 59
74 158
84 302
5 45
-10 118
13 116
30 102
6 102
-87 228
135 -68
32 101
-122 146
-12 55
17 114
21 -44
1 -51
18 -68
39 -57
124 -95
73 6
77 63
70 71
14 -59
27 -48
70 -13
62 18
55 127
83 38
91 16
42 -22
-6 -126
-18 -61
-27 -55
2 -56
101 -156
77 -88
162 -159
96 -23
209 127
134 197
46 232
9 -45
2 -353
-17 -116
-54 -108
-17 -61
-6 -64
-27 -59
-38 -57
-24 -59
6 -118
-8 -57
22 -41
36 -34
10 -45
-11 -51
-49 -106
-29 -107
31 -131
57 -170
-21 -34
-53 -38
-83 -21
72 -121
97 -103
60 -35
68 -3
26 56
-24 61
161 91
210 180
62 64
80 44
53 -7
44 -40
101 -168
82 2
93 18
56 46
10 19
-1 223
28 -87
84 -173
30 3
77 41
-8 -19
-35 -37
-87 -71
-20 -43
-21 -123
-42 -22
-12 -20
-4 -61
-40 -19
-3 -13
43 -18
71 -1
66 24
51 47
116 179
-36 -87
-107 -198
-71 -101
-24 -27
-20 -9
-23 1
-124 45
-58 -13
-380 -170
-39 -33
-20 -29
-4 -29
7 -84
29 -37
32 0
48 16
181 71
50 30
47 46
81 101
6 -3
-16 -67
5 -28
16 -21
242 13
80 55
116 20
99 47
72 55
93 41
41 63
63 16
68 70
71 55
-7 -30
-185 -346
-34 -88
9 -121
21 -92
44 -72
84 -32
2 -89
15 -76
11 1
46 98
16 157
73 147
50 -130
15 11
43 114
141 145
131 29
61 -69
40 -25
45 -139
57 -23
32 16
31 45
25 68
23 107
25 -97
29 -36
43 -27
24 -3
110 50
46 30
57 57
-3 259
26 30
1 29
-24 133
25 -20
138 -217
26 -19
74 62
33 4
35 -9
27 18
12 68
-1 210
13 52
35 -24
47 -49
40 -9
34 11
70 3
31 9
47 50
13 41
8 51
-15 115
-19 44
-44 51
4 37
48 143
6 43
-55 59
44 244
20 329
29 198
11 208
33 195
-15 206
-19 7
-27 -11
-74 -53
-81 9
-25 -12
-31 -24
-57 -75
-81 -199
-188 -364
-93 -215
-45 -30
-62 -16
-12 129
-21 50
-32 -31
-110 -190
-99 -57
3 147
> 51664 -9542
17 17
8 -55
-42 -319
-36 -111
-10 -111
55 52
75 143
35 76
14 47
44 53
50 151
-103 -485
13 -128
28 -30
-13 -99
70 -38
106 147
45 86
25 102
35 98
43 36
14 -46
-11 -294
9 -140
34 7
38 26
65 146
10 79
-6 70
-17 69
-21 56
12 165
41 -69
84 -12
29 -53
39 68
23 77
81 129
12 46
20 255
42 275
59 273
32 -140
43 -67
-87 -108
-33 -77
-18 -219
10 -69
27 -98
-10 -30
-21 -29
-43 -144
-10 -153
78 177
133 225
42 50
73 71
33 -22
18 -46
151 163
27 57
4 104
24 77
0 34
9 30
45 67
29 -104
14 -106
-15 -331
3 -43
14 -41
20 -27
51 -20
11 -24
0 -75
-15 -73
1 -51
23 -51
52 81
12 -104
-10 -105
16 -87
33 -3
32 40
31 -52
40 -11
19 55
-7 61
29 123
14 157
29 -135
25 -54
37 -2
32 10
54 157
24 167
36 -13
39 12
11 -169
-27 -166
74 18
66 40
44 8
47 -8
-20 -78
67 -10
45 -33
-31 -116
60 3
42 34
18 60
-8 60
1 111
31 108
9 155
-10 246
-89 170
16 44
56 68
6 32
-25 255
-32 159
10 42
63 -22
43 -55
57 69
38 83
19 56
24 128
22 57
73 37
61 60
-32 -324
72 -307
51 49
29 65
22 112
26 10
23 57
57 94
76 -35
55 19
36 67
52 21
38 30
14 137
35 132
-3 47
8 156
-14 52
62 -12
8 96
-12 37
-44 17
-29 43
-49 13
-38 -29
-29 -48
-30 44
-54 -69
23 75
53 106
43 -6
55 -18
49 -29
54 13
34 60
17 156
61 -64
6 57
-13 62
-48 92
-37 95
-30 98
-60 -94
-41 -117
-45 -46
-35 40
-9 78
33 70
102 84
6 58
-8 64
12 126
48 224
1 100
-25 141
0 105
-72 93
-115 50
-114 117
-99 152
-60 6
-32 -54
-41 -114
-43 0
22 76
10 64
-10 156
-43 55
-66 38
-54 20
-58 -14
18 -42
53 -43
24 -47
13 -55
-72 25
-96 -10
-9 24
-2 74
-98 -49
-27 -101
-10 -118
-35 -29
-45 -21
-67 -62
-38 -81
8 -101
30 -98
-35 42
-37 19
-13 -74
7 -77
-24 -37
-46 -3
-59 26
-42 52
-94 41
-105 34
-63 53
-79 11
-39 -8
-69 10
-25 -23
-65 17
-135 63
-75 27
-164 18
-61 -44
-59 -60
-69 -38
-75 -30
-120 -18
-141 -128
-35 -55
-22 -63
-98 138
-44 -113
-14 -123
25 -136
-4 -85
-31 -78
-20 -30
10 -25
81 -51
-84 -37
-27 -79
6 -134
-22 -225
-24 -86
-37 -36
-43 -27
-26 -35
-13 -40
-32 -173
-13 -34
-69 -80
-40 -106
-12 -87
40 -77
24 -32
13 -36
-2 -119
-13 37
-28 25
-55 11
-54 -13
-27 -59
-5 -70
-56 -110
-15 -146
-51 -79
-87 -483
-1 -28
22 -67
10 -72
-7 -72
-48 -202
9 -98
121 125
60 168
> 68983 -180000
-43 201
-34 204
11 80
-5 44
-59 115
-28 77
-71 405
-79 185
-89 150
17 -75
57 -137
-67 14
-47 44
-44 219
-35 230
-42 147
-37 48
-65 30
-58 -37
22 134
51 125
40 -65
141 -423
47 -88
-25 123
-178 567
-69 156
-13 -66
-40 -46
-17 50
13 68
8 113
-22 111
-48 125
-56 265
-441 1562
-76 35
-35 44
-46 26
-74 7
-90 -142
8 220
12 32
36 57
25 63
-30 85
-59 68
-80 -20
-66 -60
-110 -8
-93 53
-39 56
-44 45
-133 13
-59 -99
-102 -55
-10 61
-10 189
-18 63
-47 108
-46 26
-62 24
-58 35
-28 25
4 28
80 109
24 51
21 121
-90 67
-153 -47
0 40
16 31
41 39
23 55
56 68
69 58
53 -69
34 -78
19 -181
40 -94
51 -36
21 92
37 79
89 55
48 -13
48 -22
68 -45
39 -68
20 -130
38 -58
-2 -89
11 -88
14 -35
28 4
12 102
3 564
39 204
-12 93
-28 93
-36 336
-17 -10
-17 -56
-80 -100
-46 -19
-58 -4
-11 88
25 84
46 -41
58 -12
25 35
5 46
-43 89
-14 95
-17 322
6 92
21 29
26 -63
56 -419
31 -6
-38 387
-35 174
-26 173
7 243
-41 235
-113 226
-142 210
-84 211
-63 222
-173 371
-13 46
-24 37
-29 -70
-42 -61
29 121
20 122
-4 60
-22 54
-36 35
-35 20
-32 -52
-6 355
-20 111
-85 49
-59 -103
7 -60
25 -57
2 -55
-25 -155
-79 -242
-64 -140
-41 -22
-114 22
-54 -20
-34 -105
21 -231
22 -104
30 -118
42 -113
67 -145
6 -45
-16 -29
-42 49
-54 99
-70 169
-78 80
-39 -52
-9 -64
1 -46
24 -148
6 -102
-23 -324
-14 -117
12 -40
34 -10
25 -174
3 -103
12 -48
36 -40
52 -114
20 -172
2 -111
-11 -64
-69 226
-116 203
-21 -38
-25 -26
-2 112
8 73
-31 21
-122 -58
-27 -39
-27 -353
-21 89
-6 91
5 103
-21 93
-77 62
-81 11
-46 -91
-37 -95
-57 -194
-25 -199
6 -105
-12 -102
-30 -67
-30 -20
20 88
-11 101
-35 96
-30 -11
-32 -91
-24 -21
-41 35
-35 -12
-19 47
-7 107
-25 131
-34 129
-29 50
-40 43
-43 15
-18 -22
-7 -294
5 -44
48 -17
39 -36
27 -111
-19 -46
-138 33
-41 -44
-31 -49
-17 -148
10 -118
65 -101
55 0
33 67
44 0
53 -18
-61 -69
-50 -79
-64 -129
-8 -62
8 -64
45 -168
39 -103
129 -204
60 -113
80 -253
58 -259
38 -206
-5 -110
-15 -110
8 -139
15 -47
32 -41
18 -38
79 -195
65 -138
43 -5
52 29
127 -26
119 -67
119 -170
77 -454
53 -375
13 -134
-12 -119
-98 -314
-14 -210
-5 -611
11 -102
41 -93
56 -21
104 27
43 -3
15 -24
-1 -33
41 -120
70 -112
71 -88
97 -60
5 81
-24 111
23 16
87 37
42 78
32 29
119 53
85 7
-47 -89
-118 -137
-34 -68
-16 -47
-7 -48
24 -110
28 -79
114 -2
29 -36
-22 -35
-40 -15
-8 -100
-17 -47
-68 24
-57 -11
-22 -96
-13 -193
56 -67
-78 -58
-88 -43
-117 -6
-97 62
-46 87
-70 192
-49 83
-64 22
-58 -8
-72 -100
-59 -67
-142 -116
-57 -70
-120 -295
> 66331 -14788
-47 -124
-106 -118
-52 -87
-24 1
-41 106
-23 116
21 107
-8 47
-31 42
-30 24
-30 5
-63 -19
-63 -65
-53 -86
-17 12
-8 69
34 332
-3 34
-17 19
-31 4
-29 18
-26 33
-26 -10
-83 -145
53 171
14 135
-26 232
-30 94
-53 56
18 80
-1 35
-31 52
-32 2
-46 -38
-42 -14
-17 -40
-13 -75
-14 -22
-32 33
-32 49
-1 70
-15 12
-18 1
-20 -9
-14 -23
-8 -35
-22 -48
-50 174
-18 22
-27 3
-30 -14
-32 -29
-19 -53
-3 -125
-21 -77
-35 26
-44 -2
-52 -23
-78 -99
-42 -92
-27 -91
9 -162
21 -88
-68 10
-41 -90
-35 17
-18 31
-45 -16
-44 -42
-48 -72
-30 -81
-36 -162
-60 -137
-24 -95
1 -234
-39 -239
-81 -338
-66 -227
-74 -176
-121 -232
-51 -172
-13 -100
-11 -193
-33 -162
-61 -538
-34 -183
-31 -23
-46 -76
-16 -5
-13 34
-17 6
-54 -67
-40 -133
1 -63
34 -76
-1 -33
-5 -13
-11 -1
-41 44
-19 -81
-47 -351
35 -596
37 -237
58 -291
15 -174
4 -246
81 -202
50 -94
21 -8
24 11
16 21
9 32
1 66
7 9
40 -51
-13 -49
-57 -130
2 -58
29 -76
27 -3
11 -149
34 -129
50 -129
19 -19
27 62
6 -12
5 -46
-10 -94
-62 -142
-15 -61
-14 -924
-7 -234
-9 -45
41 -41
90 -36
60 -14
29 9
35 33
-6 50
-27 48
-40 43
-19 50
48 322
32 131
31 56
52 66
26 69
25 33
80 65
37 45
27 54
18 63
12 143
19 -94
0 -90
-84 -304
0 -102
13 4
24 43
41 105
3 -72
18 -28
39 -3
63 54
83 248
12 85
16 26
14 -32
8 -52
-85 -249
-30 -182
6 -54
33 -94
15 -30
37 -41
23 5
67 86
13 -14
6 -59
62 -160
-6 -253
35 -627
-15 -129
-52 -214
-18 -129
12 -60
28 -54
37 -49
47 -44
33 19
19 83
9 60
-11 171
33 208
7 132
5 38
35 78
9 39
-12 60
-24 29
37 209
19 72
11 8
13 32
-20 104
0 84
14 106
6 186
3 416
30 62
27 30
68 36
14 -16
-63 -260
1 -59
33 -301
38 -109
30 36
65 159
52 165
56 242
22 57
25 6
46 -162
-12 -305
54 -79
33 -254
-21 -169
33 -89
-45 -220
-66 -483
-46 -191
-15 -104
37 -119
42 -205
13 -231
25 -21
76 135
14 92
-7 93
-53 177
-17 122
78 -153
30 4
45 -12
19 -47
50 -47
16 19
6 61
-16 123
-86 293
15 144
32 79
23 108
12 -31
2 -253
17 -136
25 -68
43 -60
20 21
16 71
-5 216
74 -142
43 -100
21 -10
25 6
18 14
8 20
-43 248
-2 55
28 -51
41 -109
16 -5
13 46
23 23
19 2
17 75
1 76
-15 77
-81 237
-22 34
-30 12
-37 -12
-15 10
13 93
-16 74
4 37
56 92
-13 63
-26 38
-24 12
-32 6
-67 -16
-10 4
38 64
3 110
19 14
71 4
60 -9
12 -12
83 -361
19 -63
41 -79
20 16
18 70
8 106
-1 247
8 25
22 -48
14 -114
12 -27
24 -13
-13 -135
-1 -151
15 -145
18 -3
27 57
45 119
12 55
-8 165
12 165
-15 133
-45 106
-78 150
-50 203
-16 19
-41 108
-110 215
-64 218
-17 10
-19 -36
-22 -84
-13 20
-16 109
-44 79
-19 6
-134 -72
-29 -38
-15 -44
26 -201
-43 48
-46 144
-25 32
-25 -21
-6 16
13 52
-14 22
-42 -9
-34 -22
-28 -36
-12 10
4 57
-7 52
-38 83
-117 67
-37 33
33 24
85 30
43 29
2 26
15 23
26 19
94 39
71 136
22 64
5 61
-9 30
-75 101
-12 61
4 32
51 43
97 55
109 13
120 -30
85 17
51 65
16 84
-20 105
-31 77
-119 151
-62 122
-67 105
-22 54
-11 104
4 28
16 19
26 9
171 -22
53 29
38 44
22 188
24 102
38 99
21 83
3 65
-15 68
-33 72
-65 111
-106 140
-80 178
-127 93
-21 20
-3 22
17 24
23 15
56 4
75 -50
188 -166
36 -3
28 21
4 117
-18 273
-29 87
-115 186
-28 52
-7 32
14 11
22 72
26 50
63 83
114 181
3 38
-9 53
-30 92
-24 45
-18 87
7 90
40 123
24 140
57 48
25 9
169 -113
34 48
42 244
3 213
-11 51
-82 134
-41 91
-33 46
-73 11
-27 56
-30 104
-4 115
34 187
23 79
78 192
21 114
-5 175
6 85
-8 2
-32 -108
-11 -86
> 18330 -64845
44 -44
11 -53
-17 -82
-47 104
9 75
> 51978 178571
17 -62
-27 -34
-25 3
-44 34
17 63
37 32
25 -36
> 36060 14180
-18 14
-30 60
16 59
8 8
26 -17
14 -41
-16 -83
> 40762 13871
-38 -17
-15 14
-12 26
9 44
12 23
21 1
23 -91
> 36843 11948
-14 -12
-49 5
-34 62
11 48
19 -3
45 -24
22 -76
> 53477 6193
34 140
4 -42
-21 -123
-10 -9
-7 34
> 53473 5708
-6 -54
-12 11
-12 67
16 197
6 -1
10 -52
-2 -168
> 53310 5027
-64 -119
-11 16
73 185
2 -82
> 53431 5415
-39 -225
-14 43
8 93
52 257
6 -26
-13 -142
> -17988 -179039
-4 21
15 30
30 -11
27 -49
-24 -31
-28 15
-16 25
> -18202 -178848
-20 21
-30 53
18 12
43 -1
5 -28
-16 -57
> -17876 -178325
-45 -32
-42 50
10 56
23 -4
44 -25
10 -45
> -16574 -151506
-45 -6
-28 8
-18 19
7 18
35 29
19 -19
30 -49
> -17545 -149814
57 32
14 -27
4 -93
-31 -10
-27 7
-25 18
-18 42
26 31
> 34061 -120353
12 -15
-17 -45
-23 -29
-11 82
3 53
36 -46
> 33282 -119525
-4 -50
-53 31
-10 61
2 45
15 -4
43 -37
7 -46
> -55816 -67762
-12 -72
-15 -16
-14 4
-8 14
-8 132
-19 89
2 36
13 30
33 35
11 -7
7 -28
10 -217
> 12568 -69973
46 -62
-17 -16
-50 -15
-47 62
-61 62
-16 46
29 -3
28 -13
88 -61
> 10974 -65383
-36 -32
-32 50
-22 99
22 53
24 -14
44 -75
0 -81
> 18967 -73171
-13 -105
-57 -9
-106 207
-84 256
71 17
83 -114
71 -150
35 -102
> 37019 -25164
-22 -34
-54 38
6 72
-7 56
18 5
40 -17
24 -39
-5 -81
> 42928 16978
-13 111
2 99
16 -18
31 -76
17 -123
-12 -135
28 -185
-37 15
-26 30
-21 43
-17 112
32 127
> 43115 17124
11 70
18 -133
31 -364
39 -41
15 -135
-15 -145
-17 30
-53 144
-21 129
-8 445
> 43268 16627
18 -137
31 -67
26 5
44 21
-5 153
-31 232
-36 57
-17 -17
-27 -89
-3 -158
> 49468 -2646
-17 7
-22 92
66 35
11 -9
1 -21
-39 -104
> 49266 -2221
-90 -15
11 70
0 75
-17 37
11 44
50 -9
24 -63
11 -139
> 18725 145678
37 30
28 -1
12 -17
5 -44
-54 7
-28 25
> 16378 145631
-26 5
-16 22
-4 32
7 22
21 8
20 -24
-2 -65
> 14164 145152
-27 5
-16 23
-10 35
47 50
22 0
9 -33
-25 -80
> 43947 -59866
-7 -70
13 -181
-14 3
-32 76
-3 116
36 134
63 61
-56 -139
> 28089 -96840
44 -17
-16 -42
-103 -80
-33 -9
-82 -48
3 22
114 93
73 81
> 29680 -88941
-20 -3
53 55
40 16
-20 -28
-53 -40
> 30264 -88723
-19 10
-19 54
-21 88
11 13
13 -16
35 -149
> 30274 -88109
-19 -155
-15 -52
-7 26
-2 131
21 88
22 -38
> 18091 -63115
-27 -10
-23 35
-22 67
26 11
59 3
9 -16
2 -38
-24 -52
> 18137 -65572
-29 17
-8 51
6 78
27 131
11 -8
17 -63
4 -111
-28 -95
> 17130 -62625
-29 43
21 50
48 -2
31 -41
-2 -40
-69 -10
> 18513 -64426
-40 -18
-14 6
-2 17
8 26
52 70
-4 -101
> 18341 -64788
-9 17
-4 45
26 66
18 -92
-31 -36
> 18443 -64651
-31 -44
-13 23
4 78
35 49
8 -24
-3 -82
> 17702 -64889
4 203
44 106
0 -102
44 -84
-22 -119
-70 -4
> 25081 -77451
-23 -76
-28 -35
-16 21
-21 81
21 112
30 79
12 -7
27 -53
-2 -122
> 24734 -81085
-24 -52
-17 47
24 46
11 55
31 59
-25 -155
> 22292 114134
-24 5
-73 68
16 25
23 12
30 3
33 -60
-5 -53
> 34695 -76622
-40 76
-2 -23
11 -39
21 -54
15 -12
-5 52
> -21129 -175078
-32 -6
-103 -73
41 -45
65 -133
51 -27
39 44
-31 -5
-14 23
-6 75
-27 67
-10 -42
-13 38
0 14
29 16
11 54
> 45518 52660
10 -51
-54 -55
-46 44
-27 67
11 17
49 11
57 -33
> 45554 47987
93 -40
-29 -29
-56 2
-92 48
18 15
66 4
> -51999 -58497
-29 -44
-43 28
-28 80
88 -6
9 -22
3 -36
> 15407 42570
-87 -21
-39 10
22 31
29 20
36 15
65 -23
-26 -32
> 16104 40048
-23 -9
-38 -43
-20 16
-37 98
96 -34
22 -28
> 25426 36924
133 -176
61 -159
25 -35
44 -20
-44 -30
-43 26
-68 192
-33 42
-50 41
-68 70
0 27
32 53
11 -31
> 25699 36586
14 10
22 0
60 -16
61 3
-44 -37
-78 -2
-35 42
> 2970 101268
18 51
60 9
19 -17
-34 -37
-37 -9
-26 3
> -6456 134679
-21 -45
-82 27
10 55
43 13
50 -50
> -1508 123549
5 -20
-32 -42
-146 -4
-30 46
7 69
77 18
36 -34
39 -21
44 -12
> 34396 126700
-6 -48
-39 -6
-46 43
-9 81
48 -17
52 -53
> 76195 152799
-20 -156
-31 -84
-58 227
36 100
41 -22
22 -29
10 -36
> 69575 67216
-92 -190
-16 21
-20 51
-4 166
87 81
42 -16
3 -113
> 70699 66458
70 5
4 -23
-16 -22
-30 -23
-111 13
-55 41
-46 67
-14 53
41 -8
157 -103
> 80325 55240
-29 -148
-40 -112
-28 68
-1 147
47 285
28 -45
16 -82
7 -113
> 59089 18398
-20 -21
-46 -27
-3 22
9 44
76 70
3 -21
-19 -67
> 59548 18621
-22 -49
-40 -17
-8 -10
-41 25
33 25
22 29
33 74
10 0
13 -77
> 47205 -122853
-20 -10
1 -14
40 -31
28 -4
21 27
-59 36
-11 -4
> -10452 105646
-8 -50
-52 -12
-13 60
-39 53
71 28
62 -20
-18 -35
-3 -24
> 16439 -86338
-11 82
-50 -164
-78 -160
2 -50
60 73
52 119
25 100
> -74712 163742
-22 -5
-69 26
-30 82
0 131
80 83
21 39
124 110
-21 -206
-83 -260
> -67259 164684
-30 -9
-119 21
-92 -57
-60 53
-9 54
29 88
36 26
57 59
28 -12
55 -57
38 -25
67 -141
> -78022 167594
30 -96
-14 -76
-40 -58
-84 -226
-66 -274
-2 -104
50 -193
58 -456
-12 -98
-29 -1
-82 39
-62 71
-31 163
22 341
62 310
-27 441
33 140
75 126
29 -3
90 -46
> -66768 163271
59 -33
21 -82
-13 -66
-118 74
-49 71
-14 49
61 18
23 -3
30 -28
> -77386 168451
-8 -990
72 -377
15 1
36 22
84 -120
25 -271
-27 -210
-63 -93
-37 56
-47 138
-41 19
-67 -168
-50 -80
-31 -161
-22 20
-153 296
-74 117
-77 79
95 296
53 254
54 113
5 526
-39 405
2 196
28 236
92 362
36 236
70 -77
69 -825
> -73459 169887
135 -104
4 -43
-26 -68
-33 -27
-39 14
-121 -180
-23 43
-63 187
20 135
37 15
54 101
55 -73
> -75597 162720
-72 -129
-23 71
-4 126
129 180
10 -51
-9 -75
-31 -122
> -65466 100409
-55 -85
-82 -54
-48 23
-22 58
-2 161
-26 35
23 434
113 257
37 21
56 -38
69 -142
25 -196
-18 -276
-13 -62
-57 -136
> -66723 85340
-53 -26
-78 45
-97 258
-14 5
-15 28
27 172
59 116
119 -132
46 -253
6 -213
> -65707 92301
-33 -53
-20 15
-47 70
-15 138
14 130
33 69
15 -5
29 -31
29 -138
-5 -195
> -66675 86383
-22 -105
-36 -46
-55 105
-4 90
25 115
49 110
12 -95
19 -36
12 -138
> -66522 85165
3 -44
-65 -52
-20 11
-33 56
-6 86
31 107
56 -135
34 -29
> -71894 69796
-28 -59
-46 -44
-76 51
-3 48
129 126
10 -23
14 -99
> -72103 68667
-87 -101
-70 -130
-40 -27
0 53
24 208
47 147
64 23
76 -111
-14 -62
> -66061 96727
25 -114
-10 -113
-34 -101
-106 -92
-39 88
24 539
37 82
25 3
42 -13
39 -74
-3 -205
> -70525 72073
24 -17
44 -56
51 -120
38 -29
56 -13
48 -41
-20 -92
-52 -58
-108 -10
-53 22
-52 67
-73 115
-11 88
0 73
24 76
34 19
50 -24
> -66251 162311
-14 -9
-39 -5
-43 29
-53 -23
-120 208
-5 46
48 54
44 -48
182 -252
> -66131 100174
-57 -98
-15 6
-26 51
12 132
37 17
68 9
-19 -117
> -66453 98655
-29 97
12 94
49 104
52 -201
-14 -153
-17 9
-53 50
> -65331 103186
23 -4
71 9
46 -54
61 -244
-6 -97
-32 -36
-68 29
-49 265
-27 59
-26 11
-97 14
-20 38
-14 161
24 60
19 -18
49 -118
46 -75
> -76663 -147579
13 -9
39 -61
34 -121
19 -130
-19 -101
-20 47
-56 224
-10 151
> -75514 -145761
9 -135
-28 -180
-41 -75
-38 108
-81 502
-23 193
5 110
28 -14
42 -63
53 -102
74 -344
> -76837 -146867
0 -220
-29 -29
-21 15
-43 57
-63 -35
-13 98
45 374
12 443
66 -80
46 -623
> -74422 -132832
-40 -25
-36 311
56 155
32 29
23 -190
-35 -280
> -76900 -149238
-16 -65
-77 58
-26 230
12 419
9 122
21 34
22 -69
19 -195
36 -534
> -76795 -148371
23 50
28 -63
23 -279
-9 -265
13 -405
-40 -136
-61 231
-27 254
4 169
39 145
7 299
> -74414 -131234
47 -326
37 -34
6 -169
-25 -175
-77 -225
-38 114
-25 24
-25 73
-29 111
-11 243
-51 419
21 112
69 100
59 10
42 -24
0 -253
> -74110 -119549
34 100
78 390
31 69
89 113
44 -33
25 -49
31 -257
3 -300
-34 -153
-6 -134
-174 141
-17 -32
-23 -103
-53 -108
-15 18
-23 66
-2 63
12 209
> -73866 -116381
-217 -995
-39 -22
-39 35
-32 133
28 491
39 168
30 57
13 -20
14 -75
13 24
38 134
108 296
14 -48
30 -178
> -74405 -127486
73 -367
20 -190
-15 -90
-139 37
-12 26
-11 70
-54 85
-32 98
-66 299
18 152
45 134
98 87
55 -85
20 -256
> -77336 -149218
21 -31
35 -126
5 -144
-26 -143
-70 223
-16 510
51 -289
> -82865 -162798
22 -998
-14 61
-22 31
-23 70
-25 32
-42 0
-19 50
-34 204
-38 106
-37 195
-45 742
23 311
76 166
16 193
104 -705
24 -71
34 -387
> -76735 -150085
16 -19
28 -73
-23 -661
-23 -36
-25 44
-27 175
13 422
41 148
> -76197 -147151
-64 257
15 204
148 -259
35 -412
-10 -57
-17 -3
-15 13
-42 63
-50 194
> -76555 -146947
23 -188
-21 -144
-66 -76
-52 134
-43 313
81 118
70 -88
8 -69
> -81589 -160467
22 -18
45 -132
59 -321
66 -621
84 -897
32 -745
-43 -668
-28 -61
-39 -21
-13 12
-20 49
-21 124
-37 513
-116 2682
9 104
> -77220 -151022
-6 -196
-47 -294
-23 168
-78 869
5 78
20 41
14 -143
115 -523
> -80033 -153930
45 -95
52 -510
85 -627
85 -512
-64 -77
-16 226
-54 480
-66 103
-34 413
-26 180
-10 235
3 184
> -77137 -149293
16 62
28 -57
14 -128
30 -26
47 -64
75 -237
38 -47
14 -81
-24 -522
-27 -83
-22 -204
-34 -109
-22 53
-72 274
-23 606
-15 39
-15 88
-8 436
> -81947 -158261
47 -86
120 -567
1 -75
-40 63
-56 153
-74 228
-109 391
-54 78
7 88
74 153
84 -426
> -70405 -6068
-41 -176
-7 -194
-97 172
-36 85
-26 25
60 262
120 -56
11 -22
16 -96
> -70382 3072
-118 -441
-35 -46
-58 38
-31 75
27 339
43 134
35 50
70 39
46 -29
10 -38
11 -121
> -71062 -3399
-19 7
-39 -12
-23 18
-58 77
-29 108
-7 140
23 106
119 -236
19 -22
24 -50
-10 -136
> -70023 1315
-27 -288
-44 -77
-75 3
-55 37
-80 115
-74 51
-3 56
126 87
119 162
95 -49
18 -97
> -70768 -2533
74 -217
20 -290
-9 -497
-20 -38
-33 86
-115 482
-32 32
-57 12
-42 162
-33 -4
-42 -17
-56 -3
-54 42
26 176
97 238
46 76
96 80
47 94
34 27
25 -164
-4 -167
32 -110
> -70417 4130
-34 50
-52 185
24 161
46 64
64 28
75 -32
43 -91
10 -239
-26 -144
-23 -42
-35 6
-92 54
> -66701 48638
-3 -280
-20 -57
-26 -7
-24 2
-24 8
-9 74
23 168
6 229
10 11
37 -4
11 -31
19 -113
> -69728 15910
-45 -211
-55 -102
-35 -34
-22 8
-54 43
-16 49
-27 182
-90 314
64 64
164 92
94 310
27 -52
18 -326
-23 -337
> -70114 26686
36 -81
17 -179
-11 -125
-128 -318
-61 -29
-34 10
-78 41
-61 353
-14 112
36 139
-7 184
38 64
51 18
144 -138
72 -51
> -79818 -30985
20 -134
153 -486
11 -75
-98 -320
-118 176
-38 230
-50 750
-73 422
75 393
10 229
-4 79
20 107
87 -257
90 -789
86 -120
-79 -81
-45 20
-47 -144
> -79279 -33995
56 -397
133 -1143
-2 -62
-57 -193
-32 -258
-15 -190
-13 -328
-74 -35
-11 120
-63 2431
37 116
15 -13
26 -48
> -70507 -2738
45 55
86 -1
56 -30
32 -91
8 -145
-27 -223
-37 -114
-144 -210
-20 7
-27 48
1 162
27 542
> -74197 -20600
46 -41
46 -13
218 47
89 86
86 0
93 -59
-6 -110
-52 -177
-113 -112
-90 -46
-60 -101
-49 -162
-68 -642
-50 -105
15 425
-41 443
-43 116
-49 74
-213 131
-17 28
-26 81
-12 248
50 72
35 6
91 -12
120 -177
> -72478 -16303
19 -53
-15 -99
-57 -62
-51 7
-70 57
-50 135
-1 143
24 71
79 -69
122 -130
> -72007 -12789
6 -86
-14 -40
-49 -48
-35 19
-38 56
-51 168
-8 132
23 79
33 -26
69 -102
64 -152
> -79604 -31957
36 24
38 -217
-5 -227
-57 -124
-66 -82
-25 68
9 172
67 342
3 44
> -60586 -45780
-59 71
-5 311
-83 224
34 1
27 -13
24 -25
8 -17
16 -129
41 -29
37 -114
25 -218
-22 -116
16 -101
-41 -21
-29 1
-23 18
34 157
> -61202 -54122
-45 -70
-23 8
-38 69
9 44
44 30
120 17
-7 -26
-60 -72
> -79333 -68422
-104 -127
-27 141
-15 247
-22 727
48 172
59 -43
66 65
16 67
44 104
45 -406
9 -239
-13 -319
-58 -200
-13 -91
-35 -98
> -61073 -55387
-33 -53
-40 71
-66 22
-37 50
29 132
51 107
29 348
23 39
44 -716
> -63200 -55466
26 -62
17 -1
29 -61
-29 -452
-77 -343
-49 -81
-19 5
-16 -14
-16 -30
-24 6
-60 36
-19 84
54 296
41 74
44 179
1 80
-39 156
-17 437
29 82
75 -31
44 -50
6 -60
-1 -250
> -63422 -55762
15 -96
-30 -352
-32 -25
-44 57
-67 221
44 84
44 154
70 -43
> -64460 -57446
-28 -2
-52 15
-31 107
4 86
99 249
41 46
45 -7
49 57
-19 -128
-83 -292
-4 -51
-21 -80
> -62239 -59064
-44 -138
-19 27
-46 116
45 221
35 -41
4 -83
15 -29
10 -73
> -62244 -58562
18 55
89 40
18 126
-51 158
24 50
28 -39
55 24
-15 185
66 156
-8 167
22 3
56 -40
21 -61
-19 -111
28 -129
-41 -287
15 -134
-70 -285
-37 -26
-119 -245
-46 -49
39 185
-35 64
-12 9
-7 102
-23 50
4 32
> -64027 -62021
-53 -23
3 92
23 41
27 25
60 88
-23 -138
-37 -85
> -69300 -61978
85 -140
39 -121
30 -203
-9 -74
-25 -52
-108 72
-207 280
-142 44
-92 87
7 87
31 28
103 62
55 -3
18 104
73 23
66 -32
76 -162
> -64739 -63177
9 -42
-62 -148
-4 -92
-110 -99
-1 84
46 158
70 59
52 80
> -64235 -62094
97 36
48 -211
50 1
27 -61
1 -122
-34 -94
-30 -41
-40 -25
-24 21
-71 110
-42 -24
-139 -139
-53 -78
-27 -26
-7 -35
-17 55
-18 147
60 72
-18 53
7 59
41 70
23 22
32 118
73 12
61 80
> -62972 -62411
54 67
44 27
-50 -210
-108 -112
-42 -16
5 40
97 204
> -62451 -59525
7 136
31 36
46 -43
15 -83
-2 -182
-41 42
-56 94
> -63169 -56354
-4 95
94 199
24 9
36 -7
6 -4
8 -78
23 -349
-63 -125
-17 13
-36 55
-71 192
> -62662 -60796
41 99
-12 77
16 242
-62 24
-29 32
-37 101
130 371
-3 -153
69 -137
-24 -436
13 -49
69 -107
16 -67
-59 -39
-58 -137
3 -177
-45 2
-45 87
0 68
17 199
> -63879 -57344
11 96
-8 30
35 114
25 -57
-9 -199
18 -14
16 -65
-22 -244
-41 67
-25 272
> -69856 -61327
-37 -59
-40 -18
-17 26
-28 69
2 151
21 50
72 -44
27 -175
> -68795 -60693
27 37
46 -49
34 -109
7 -133
-29 -68
-49 121
-19 74
-17 127
> -70509 -60554
-9 -330
-15 -58
-66 -34
-30 18
-61 62
-21 70
0 85
64 253
44 39
59 -3
35 -102
> -71000 -60516
38 -17
42 -80
6 -170
-20 -106
-33 -57
-40 40
-34 116
-18 138
6 100
12 16
41 20
> -62895 -60637
-11 -69
-43 -34
-47 47
-22 71
9 58
22 -54
18 -2
-9 65
11 50
72 -132
> -63696 -60562
27 -153
-48 -82
-120 -13
-12 -162
-42 120
-11 74
35 125
17 -2
42 -34
49 33
63 94
> -72820 -94004
-3 -43
-37 -66
-24 35
-36 112
0 170
12 40
26 -44
62 -204
> -72732 -90780
51 17
70 -44
55 -140
9 -357
-47 -308
-30 -58
-130 119
-114 169
-41 25
-59 -93
-228 -61
-11 167
25 183
45 163
53 105
91 117
76 25
63 -25
30 -119
92 115
> -72941 -104972
-25 -113
-26 -47
-34 9
-100 70
-75 172
-11 221
46 122
225 -434
> -72468 -94566
-49 -187
-82 -463
-48 -57
-23 54
5 192
52 601
24 -8
97 -80
16 -24
8 -28
> -70439 -71551
47 113
75 98
19 -15
31 -77
-28 -216
30 -47
-23 -100
-31 13
-123 97
3 134
> -69740 -72202
42 217
206 -346
40 -133
39 -262
-20 -131
-36 -80
-60 -20
-116 180
-62 432
-33 143
> -73220 -74049
-29 -35
-28 -50
-38 -13
-51 109
-10 63
19 97
61 157
71 39
101 140
24 -132
-13 -158
-107 -217
> -65881 -66064
39 219
28 9
76 -5
51 27
13 30
21 114
27 2
78 31
21 -197
-44 -134
-62 -32
-33 -67
-79 17
-29 -103
-52 -28
-41 6
-14 111
> -66275 -66867
-19 -1
-11 18
-8 31
112 224
22 2
45 -30
52 48
15 -56
-44 -148
-123 -13
-41 -75
> -67650 -67149
25 -26
26 -72
8 -171
-13 -139
-57 -186
-18 12
-9 41
-75 -3
-22 148
19 196
29 49
25 20
62 131
> -66841 -67257
26 -12
61 -63
17 -94
-19 -85
-48 11
-72 -93
-21 72
-5 112
7 47
54 105
> -16963 -180000
38 25
75 107
85 46
77 -39
-12 -33
-86 -106
> -16540 -180000
37 71
24 2
47 26
-9 -43
-48 -56
> -16963 179999
-37 -73
36 -29
88 34
90 69
> 8348 -78839
-46 -14
-28 -45
-42 -20
94 -47
25 8
85 -4
22 45
2 33
-12 27
-100 17
> 49381 154613
-87 -2
-26 104
44 95
36 20
120 -28
98 81
64 17
17 -75
-266 -212
> 81337 58610
23 24
32 247
6 194
-32 206
-41 94
-20 -62
-13 -216
22 -378
23 -109
> 80542 53902
21 -43
42 18
-31 300
-12 28
-22 202
-41 30
-26 -22
-52 -139
55 -464
28 38
11 50
27 2
> 81088 60587
16 870
-54 110
-39 -95
-61 -331
-20 -314
26 -506
29 -263
14 20
18 70
71 439
> 80213 52344
51 -131
12 57
21 307
22 104
29 35
54 138
11 332
-11 143
-36 17
-43 140
-55 366
-40 -74
-5 -125
-38 -132
-12 -665
6 -220
12 -29
11 -57
11 -206
> 80163 55942
41 70
116 -22
21 34
-11 631
33 52
3 238
-15 134
-34 44
-123 -4
-55 -46
-44 7
-24 -93
5 -786
11 -389
18 -88
58 218
> 80042 58946
12 55
65 544
-36 257
-89 109
-38 -222
-33 -358
10 -128
15 -34
16 -69
21 -181
57 27
> -55169 -66542
-25 -58
-19 -25
-21 -12
-20 7
-16 19
-3 59
44 80
39 36
24 -87
-3 -19
> -44870 -75124
-32 25
-5 32
17 25
19 10
47 -16
29 -31
0 -28
-21 -35
-54 18
> -48671 -75225
-50 -209
-42 -76
-2 -113
179 -28
257 133
98 9
74 -45
61 -17
25 10
51 170
-54 53
-144 63
-207 119
-198 -2
-48 -67
> -50484 -75304
3 -124
-49 8
-66 -23
-58 -34
-29 24
-58 14
-23 28
-8 81
92 28
83 10
16 89
27 43
44 45
13 -41
13 -148
> -53248 -73310
104 -141
4 -54
14 -44
56 -105
14 -128
44 -97
47 -187
19 -209
17 -55
-2 -39
9 -17
62 -36
24 -53
65 -97
37 -98
-15 -42
-19 0
-67 92
-87 62
-73 144
-87 144
6 34
-15 97
15 145
-21 127
-24 73
-109 177
-23 21
-47 13
-7 16
-11 66
-3 92
-37 183
4 91
13 -8
82 -159
11 -8
> -55357 -68305
24 -22
25 4
53 40
36 -47
27 -52
14 -204
22 -27
28 15
86 198
82 -58
2 -196
-60 -247
99 -802
37 -181
-179 -37
-50 -26
-20 -41
-16 8
-27 93
-17 21
-29 12
-17 30
18 144
-10 23
-69 1
-23 10
-19 36
-31 101
-53 53
-20 44
-33 171
2 60
106 -118
68 -60
27 3
108 59
-6 104
-11 42
-61 104
-12 39
17 95
-2 23
-22 1
-84 -43
-24 1
-53 35
-26 29
14 82
-16 91
2 100
-39 127
-16 129
-16 45
-81 63
-32 73
-17 74
8 35
55 2
70 -12
40 -32
41 -63
80 -152
> -48916 -75115
79 8
64 -12
-6 -117
-32 -61
-39 -193
12 -45
-21 -48
-27 -36
-57 -19
-38 62
-7 36
-22 25
-72 27
-57 -85
-56 -68
-35 61
-1 74
72 116
90 127
153 148
> -51396 -60249
33 -27
82 1
8 104
-35 101
-35 -6
-53 -36
0 -137
> -58382 -26303
-1 -98
-32 -50
-25 36
-52 155
57 -4
33 -15
20 -24
> 12664 54187
-5 -268
-34 -94
12 -62
70 -125
9 -103
-52 -104
-31 -27
-31 -16
-69 -72
-108 183
-83 99
-23 121
42 410
86 142
36 143
40 36
30 61
111 -324
> 24371 53445
40 -33
-47 -41
-22 -38
-51 -142
-38 67
6 74
22 51
27 26
63 36
> 20497 58788
-160 -147
-126 0
-7 18
15 63
48 50
157 63
92 116
165 -67
-184 -96
> 24281 52600
8 17
44 41
44 -29
-25 -45
-17 -2
-54 18
> 26983 56074
-73 -167
38 -149
-17 -11
-74 38
-45 -22
-102 -231
-62 -185
10 -51
-19 -1
-46 17
-7 28
-3 84
35 119
68 132
6 72
39 101
1 46
-31 60
100 141
120 93
31 91
51 -65
-20 -140
> 24136 53799
17 27
-10 102
34 0
38 -34
44 -60
-48 -144
-41 -56
-25 82
-9 83
> 16804 42060
-46 -34
-16 7
-32 32
6 -77
33 -41
30 15
27 -8
130 -6
58 -31
9 -57
-56 25
-54 -27
-33 -42
-13 -40
-68 26
-95 95
-31 67
18 108
-27 30
-26 6
-23 20
-24 30
25 9
113 3
95 -110
> 15703 40250
-37 -16
-18 -23
-5 -28
53 -42
99 -9
43 -35
37 -54
14 -86
-61 43
-21 -21
-18 -34
-44 -5
-12 76
-56 55
-11 -8
-10 -39
40 -77
-84 28
-21 120
7 101
-21 109
3 94
49 9
74 -158
> 13674 42690
30 66
62 38
3 -13
-16 -46
-79 -45
> 26229 50470
-38 -18
-133 37
-92 -23
-133 78
-26 31
76 32
119 10
122 -7
74 -52
43 28
5 -22
-17 -94
> 14008 42694
-53 62
-5 18
21 13
41 11
55 -36
-59 -68
> 29783 48348
153 -120
43 -43
-19 -26
-63 -20
-11 -19
-16 -7
-21 2
-50 -34
-134 62
-54 37
-9 38
22 57
71 65
25 7
63 1
> -17256 179373
-138 16
27 33
61 25
34 -14
15 -25
1 -35
> -17944 179306
-27 -34
-28 -16
-32 -2
-79 86
8 9
37 13
75 -24
46 -32
> -17686 178748
-61 28
18 52
48 25
62 -22
-5 -44
-62 -39
> -16788 168323
-47 137
41 17
15 -30
20 -81
75 -70
13 -31
31 -31
46 -35
-6 -17
-37 -47
-53 -11
-76 25
-38 32
-2 31
18 111
> -16337 168297
38 1
34 -22
34 -41
111 -37
38 -34
-99 -100
-15 -79
-33 -56
-43 28
-44 65
-31 160
10 115
> -17542 168446
-10 -105
8 -21
-1 -23
-7 -24
-93 -82
-66 -33
-6 24
19 51
-8 45
-40 28
-35 -54
-26 147
9 126
102 60
11 -40
143 -99
> -15283 168003
-29 -177
-140 -152
-25 46
-5 124
46 67
153 92
> -15390 167182
255 -50
9 -26
54 -37
98 -15
38 22
13 -49
-17 -40
-122 -19
-77 -45
-18 -38
0 -75
330 -64
92 -83
98 -55
-5 -41
-118 -41
-90 1
-362 121
-194 -17
-110 68
-51 60
-64 -1
-4 68
57 111
-3 157
95 106
43 1
53 -19
> -15462 168160
-219 -37
-245 56
-46 17
2 17
15 43
63 12
384 -85
46 -23
> -15319 168130
-72 42
62 17
132 -2
211 -51
-3 -21
-28 -11
-302 26
> -16395 167793
54 -17
27 -62
53 -33
-2 -39
97 -143
48 -15
0 -25
22 -47
179 -76
40 -82
-8 -54
-44 -17
-151 -32
-75 67
5 28
34 70
-38 33
-92 31
-155 21
-101 46
-13 -11
-40 13
-19 77
75 85
-17 149
66 77
55 -44
> -15645 167234
22 -115
-62 -24
-65 106
26 18
79 15
> -8406 159794
79 49
298 -412
35 -63
18 -81
66 -89
6 -89
67 -98
48 -39
67 -109
118 -129
59 -277
-32 22
-74 86
-108 32
-59 89
-89 92
-20 54
-33 23
-81 89
-62 146
-93 149
-7 53
-57 62
-112 291
-102 101
-83 135
23 -2
71 -30
57 -55
> -7309 157412
29 -76
120 -143
46 -45
157 -45
65 -73
128 -265
123 -161
32 -125
-29 -26
-77 4
-47 38
-149 201
-269 208
-144 198
-29 141
11 72
-17 2
-34 22
-33 102
60 78
36 -32
16 -35
5 -40
> -4096 153592
-27 58
24 9
58 4
-4 -23
-51 -48
> 6022 121283
-18 -69
72 -55
20 -121
-89 -140
-54 -22
-57 55
27 88
-30 64
50 135
-73 76
70 117
25 4
37 -23
20 -109
> -7098 114299
-65 48
-10 51
40 15
52 -29
8 -35
-7 -27
-18 -23
> 34519 134182
-23 6
-29 50
-44 14
46 63
-5 18
20 19
38 20
12 -46
-15 -144
> -47825 -75084
25 33
43 135
34 -10
28 -78
4 -86
-37 -113
-36 -58
-54 67
-33 8
13 74
13 28
> -43600 -74665
23 -8
24 -24
17 -48
-13 -73
-21 -24
-26 -1
-29 33
17 141
8 4
> -44681 -73628
70 -13
65 -45
2 -38
-15 -55
-55 -38
-38 -1
-32 18
-68 65
-45 10
-34 30
-2 30
12 33
68 15
72 -11
> -48592 -74567
167 -51
32 18
23 -2
27 -13
44 -49
93 -38
60 -13
20 -14
48 -76
57 -41
171 19
11 -69
-84 -79
-52 -223
-52 -49
-26 13
-89 21
-83 55
-54 26
-83 53
-29 27
-145 39
-90 90
25 213
-15 124
24 19
> -54730 -64055
8 -50
0 -116
-17 -218
23 -110
-37 -32
-21 -44
-1 -64
-52 -68
-36 26
-40 94
63 128
0 56
44 130
3 295
-18 57
43 138
43 18
2 -67
-19 -150
12 -23
> -39112 -61967
26 -126
-24 10
-57 41
-60 124
-8 52
63 -10
36 -31
24 -60
> -52141 -59753
7 -40
-22 7
-49 1
-37 21
-9 17
19 64
52 2
39 -72
> -51794 -60876
-6 -71
14 -72
-28 -33
-25 -93
-36 29
-67 84
-4 84
49 32
103 40
> -54028 -72471
24 62
23 40
40 3
79 60
55 101
82 -102
37 -66
89 -86
11 -23
30 -203
-7 -124
-13 -73
15 -14
81 -27
40 -24
19 -24
8 -51
21 -32
-3 -20
-28 -37
-23 -4
-64 16
42 -267
60 -81
-17 -240
-119 -158
-24 203
-85 60
-81 111
12 111
1 35
-6 11
-63 19
-44 2
-84 -19
-24 7
-42 94
-23 91
11 39
20 10
62 -15
41 13
42 34
-28 55
0 48
12 64
-16 108
-90 -18
-87 -100
-24 -77
-26 13
-23 39
-12 36
2 31
22 51
24 112
5 114
46 92
> -55256 -67737
13 46
51 106
13 50
2 40
-5 32
-19 20
-36 14
-35 30
-21 59
11 83
39 84
51 64
38 29
39 -5
51 -22
86 -138
9 -180
39 -449
1 -233
-52 -194
-90 127
-102 39
-34 35
-14 30
-39 302
4 31
> -55066 -70283
157 -135
-12 -117
-25 -80
-7 -134
-15 -56
25 -123
12 -17
63 -47
1 -97
23 -108
9 -177
-4 -37
-50 -26
-25 10
-17 20
-3 18
20 64
22 26
5 25
-6 71
-45 83
-52 129
-17 24
-33 2
-22 25
-18 125
-24 71
-3 33
22 70
3 44
-30 46
-23 12
-26 -4
-16 67
11 72
52 106
48 15
> -55777 -67289
14 22
19 5
55 -48
77 -41
23 -23
4 -23
-56 -52
-21 -64
-22 -33
-24 -17
-17 3
-28 167
-13 41
-19 27
8 36
> -51388 -74593
27 32
84 2
32 -12
38 -41
-1 -125
-71 -144
-39 -159
39 -114
-104 -56
-71 -28
-102 -62
-69 11
58 97
43 46
126 99
-30 110
-6 84
22 56
45 66
-3 40
-26 71
8 27
> -50237 -74963
40 124
87 -37
21 -128
34 -119
10 -87
33 -117
-101 -42
-55 -8
-25 -21
-64 -14
-86 -37
0 141
-33 58
80 195
59 92
> -51965 -74537
99 -110
14 -103
27 -30
195 -43
-20 -87
-88 -5
14 -93
-65 -97
-115 54
-134 34
-114 99
-119 66
-8 158
119 28
168 134
27 -5
> -43914 -73938
39 34
-8 70
7 44
49 -21
38 -30
5 -16
-33 -110
-4 -173
-51 -3
-16 25
-34 162
8 18
> -54225 -71671
-21 113
15 85
-83 168
-60 162
8 25
50 35
35 55
34 23
85 -18
50 1
-1 -147
80 -221
77 -164
33 -151
38 -291
-36 -73
-18 -77
-109 -64
-71 118
-88 120
-94 23
25 131
46 57
5 90
> -51919 -74283
-23 111
11 30
20 23
23 4
17 -18
59 -144
42 -49
19 -36
26 -89
-1 -24
-65 38
-54 13
-53 85
-21 56
> -45119 -73727
85 -59
55 -9
33 3
106 -36
111 -49
74 -42
64 -83
53 6
43 13
50 121
7 77
43 50
70 31
51 1
39 -115
50 -47
50 -35
-5 -95
-46 -88
-90 -25
-113 11
-27 -36
-11 -79
31 -89
-39 -121
-39 -80
-111 21
-63 -137
-100 119
-117 80
-46 69
-148 82
-86 73
-51 106
-129 -10
-20 83
4 167
14 15
44 4
6 59
10 19
71 24
38 6
39 -5
> -45611 -74229
36 -11
111 -75
187 30
104 -26
-30 -111
-50 -28
-32 -52
-141 7
-100 -63
-74 -88
-63 -44
-76 12
17 116
-35 96
21 98
44 55
38 69
43 15
> 45561 -73687
-45 -166
-75 -108
1 41
26 145
-19 131
20 77
21 15
56 13
159 63
-4 -46
-140 -165
> 45585 -73695
109 123
-22 -153
-98 -133
-9 42
20 121
> 45577 -61026
-19 -56
-21 6
-41 64
-14 9
8 41
26 9
51 41
10 -114
> 47564 -61476
74 80
9 -78
-15 -74
-38 -80
-125 -199
-44 -98
-191 -83
-15 57
4 117
37 61
8 -42
-2 -64
19 -35
60 27
47 56
39 80
68 67
61 102
4 106
> 47866 -64565
6 -26
-9 -72
-69 3
-40 -25
-6 20
4 44
62 87
73 25
-21 -56
> 47907 -64591
52 115
48 -5
7 -19
-9 -20
-20 -21
-78 -50
> 46900 -71095
-35 -22
8 91
47 113
75 87
1 -54
-35 -91
-61 -124
> 44257 -66324
35 50
100 64
-13 -40
-87 -62
-35 -12
> 44249 -68691
-17 -12
-49 1
-7 41
20 38
46 -33
14 -21
-7 -14
> 44629 -66897
53 135
28 9
81 8
14 -57
-41 -43
-135 -52
> 44456 -68299
-26 -48
-66 -62
-70 -3
-17 26
-27 71
19 7
52 -1
-8 64
19 58
32 -4
74 -47
18 -61
> -6880 113067
-20 -199
-101 -99
-72 -43
-67 38
-72 276
-12 87
16 15
1 24
-11 32
0 273
25 75
81 110
-8 170
15 19
56 40
60 198
29 -9
87 -99
-7 -908
> -54704 158836
-45 9
39 34
135 67
103 13
-34 -62
-198 -61
> -18640 -174069
-23 16
-35 44
-1 18
60 37
31 30
19 2
24 -46
-6 -34
-69 -67
> -16864 -151485
-15 36
1 39
14 45
90 -46
34 -56
-21 -9
-103 -9
> 1856 -157342
113 20
56 -120
4 -50
-83 127
-18 -28
-81 -43
39 -72
41 -23
-25 -48
-114 159
-56 174
8 70
116 -166
> -9695 -139024
-75 -142
-59 32
-17 60
25 50
28 149
51 48
-5 -47
52 -150
> -9926 -139134
-84 0
79 74
16 -23
0 -24
-11 -27
> -10532 -138688
17 37
23 19
29 8
17 -19
20 -47
-106 2
> -17690 -149322
101 -8
67 -49
26 -129
-36 -103
-32 -24
-54 2
-117 54
-18 97
21 141
-90 51
-28 36
-12 72
50 31
75 -27
47 -144
> -8782 -140224
-16 -16
-50 -13
-82 36
-4 46
24 98
36 27
36 2
37 -14
19 -166
> -9359 -140144
-25 6
-60 41
18 21
81 45
17 -40
-31 -73
> -13465 -172333
-18 -178
-41 -159
7 -109
-62 35
-66 85
-147 123
-8 51
25 154
-29 106
119 48
125 -45
95 -111
> -17182 -179015
-31 44
-25 -5
-57 -28
-12 22
34 26
24 31
26 10
15 -6
26 -32
34 -52
-13 -13
-21 3
> 3873 -159409
-26 31
34 5
0 19
-18 27
-25 21
-15 -8
-8 -45
-15 27
-3 57
42 16
85 -80
-7 -30
-17 -22
-27 -18
> -13807 -171858
-17 -127
-33 -61
-50 18
-95 116
0 48
-45 136
1 274
24 4
44 -11
28 -46
7 -58
64 -39
72 -254
> -14257 -170689
-19 -32
-36 -100
-48 52
9 43
69 86
15 72
10 -121
> -18990 -169909
-83 -39
-65 44
55 101
40 10
77 -41
-3 -28
-21 -47
> -13302 -176195
-39 18
8 16
65 33
46 -20
-21 -23
-59 -24
> -21350 -174973
-32 5
-69 49
151 6
-3 -10
-47 -50
> 7616 134600
-22 -44
-68 -40
-89 -10
-76 29
21 60
56 3
63 35
162 27
49 -9
-88 -42
-8 -9
> 18057 145729
22 49
58 57
36 -28
-18 -18
-98 -60
> 15215 145713
-90 -29
-11 14
-7 51
26 3
42 30
48 7
42 33
-8 -36
-42 -73
> 13527 144790
-98 -141
-116 1
-22 13
-33 37
1 42
152 38
159 161
29 -31
16 -35
7 -38
-95 -47
> 15031 145587
-32 5
-79 29
51 41
88 -15
1 -22
-29 -38
> 9495 138085
-49 -23
-27 5
82 76
6 40
40 31
46 -28
-9 -39
-34 -30
-55 -32
> -18934 178334
-23 -52
-13 -74
-58 -51
-38 -53
6 -52
-41 -51
-21 -42
-30 62
31 141
9 20
20 7
25 22
63 77
-6 28
-36 43
29 129
43 0
23 -68
17 -86
> -14168 167439
-29 -28
-85 -7
-13 26
-17 113
51 42
77 14
42 -93
-26 -67
> -13885 167499
12 44
27 10
32 1
37 -7
68 -66
-39 -74
-40 -15
-121 59
-8 23
10 15
22 10
> -20153 169751
-49 -13
-39 69
-1 54
55 35
39 -44
3 -23
-8 -78
> -19458 169360
129 -23
7 -46
-23 -44
-131 -30
-69 45
-79 85
-25 91
109 53
82 -131
> -18867 169296
71 -95
33 55
38 -78
94 -34
14 -56
-27 -72
-64 -29
-117 11
-46 -11
-112 261
-6 40
49 46
73 -38
> -21430 168011
23 -16
37 -10
32 3
-35 -62
-20 -111
-131 64
-58 -3
-24 65
-36 26
-1 39
27 115
171 18
-3 -81
18 -47
> -20561 166560
-56 -2
-92 -64
10 53
37 42
66 34
11 -21
60 -2
47 18
28 53
32 -46
5 -42
-37 2
-111 -25
> -20892 167293
159 5
32 -29
27 -65
-46 -148
-39 -11
-7 91
-38 53
-100 -77
-19 -79
-74 40
-64 61
-36 139
-72 73
8 55
74 29
32 1
113 -70
50 -68
> -22541 167443
-78 -21
-20 22
-14 29
-8 40
38 31
44 -15
38 -86
> -19174 159928
-159 8
21 16
74 23
123 -15
-59 -32
> -11579 166855
8 -64
-20 -44
-86 59
-4 35
16 88
35 -54
51 -20
> -10661 166024
-13 -115
-29 -49
-58 -24
5 -46
-29 1
-59 28
3 38
-10 47
72 64
9 60
-5 25
17 80
13 -3
52 32
13 -36
19 -102
> -11493 160077
21 -77
-23 -14
-43 -7
-42 25
-14 83
-17 13
-33 50
-20 120
-48 85
-77 40
-26 48
-17 64
34 69
39 -39
63 -88
203 -372
> -9490 161368
173 -110
125 -1
59 -48
41 -4
130 -46
107 -116
17 -67
39 -32
100 10
34 34
53 10
298 -249
-3 -47
-19 -17
-2 -36
10 -53
-45 -6
-166 124
-82 -51
-343 109
-193 101
-114 151
-37 18
-85 149
-197 131
-21 45
37 11
84 -10
> -10776 162288
66 -1
204 -130
52 -52
-23 -82
41 -109
-10 -73
59 -126
16 -17
19 -44
114 -178
32 -94
2 -77
-78 -19
-44 8
-6 104
-29 89
-94 12
-36 40
-75 -1
-151 249
-47 119
-21 137
-39 81
16 77
-24 100
9 72
47 -85
> -9600 161412
-82 -2
-37 32
28 36
-79 76
37 5
107 -11
258 -141
15 -43
-95 38
-66 15
-86 -5
> -9126 159175
2 14
30 45
64 -6
8 -52
21 -22
8 -24
-32 -52
-50 -42
-35 35
-4 57
-12 47
> -9061 160319
54 -65
-3 -28
14 -58
-38 -72
-47 9
-3 70
-39 78
-40 15
-6 8
9 24
-21 71
41 37
79 -89
> -8450 159646
36 -4
35 -47
-20 -42
-52 -15
-34 31
-36 71
13 48
58 -42
> -8569 157885
63 13
182 -72
82 -63
25 -112
52 -39
159 -13
40 -108
-19 -58
-111 -92
-65 -19
-51 -93
-51 -11
-52 14
-18 70
58 49
17 153
-12 54
-68 7
-107 23
-55 68
-24 93
-88 70
39 15
4 51
> -8678 158210
-108 -55
-40 24
4 22
25 52
32 -17
87 -26
> -8566 157909
-21 -11
-82 -19
-67 59
-27 71
79 99
38 -4
23 -14
16 -22
50 64
20 -27
29 -107
-36 -31
-17 -29
-5 -29
> -8475 157411
54 -32
-11 -34
-88 -111
-45 -22
-135 122
-28 55
15 0
62 -57
76 15
20 36
80 28
> -7696 156718
83 -78
39 -79
-66 -59
-68 9
-98 101
-60 -1
-17 24
-54 34
14 19
46 20
99 82
55 19
27 -91
> -7959 156570
-12 -19
-40 -9
-62 -2
-123 52
24 12
76 8
137 -42
> -8082 157192
66 9
75 -15
58 -40
28 -43
-13 -79
-70 -65
-76 -1
-103 83
-6 109
15 22
26 20
> -6973 155739
-40 -34
-76 -27
-32 61
24 101
54 25
70 -126
> 5318 162921
-17 9
-24 63
49 -10
9 -25
-17 -37
> 6978 158186
-33 -51
-40 -7
-22 33
-82 22
-10 74
23 58
41 -6
38 26
58 -40
27 -109
> -36177 175513
62 -69
44 -35
-7 -19
-17 -8
-40 -45
-83 9
-13 13
-42 86
-41 30
-20 76
55 -8
102 -30
> -40749 173873
-45 -61
-87 -26
-41 -5
58 134
77 43
74 6
-33 -61
-3 -30
> -45644 166567
-56 -35
-8 27
6 33
-22 50
-6 53
0 34
25 12
49 5
17 -15
24 -45
-29 -119
> -43765 -176275
-1 61
26 36
22 -388
-47 -101
7 -94
-66 -87
-11 40
15 173
-32 80
-49 31
-53 -39
-52 -69
-30 3
-71 31
-8 26
-2 56
40 63
29 119
23 0
74 -51
-4 -54
95 -61
44 59
11 -14
20 -62
17 18
7 92
-30 32
-76 -7
102 107
> -44237 -176229
-37 14
-57 -6
9 45
54 53
43 -32
-12 -74
> -52499 169079
4 -57
-34 18
-23 36
-18 52
22 105
51 -55
12 -49
-14 -50
> -50612 166210
35 49
18 8
15 -13
13 -29
-8 -124
-34 2
-106 -29
-84 -158
-45 -27
-13 15
1 67
42 42
-9 25
-36 35
-23 115
0 55
84 -22
11 -20
36 -22
21 41
42 -12
40 2
> -46988 168156
32 -31
23 -82
45 -2
-14 104
40 0
168 -189
-6 -172
-98 -19
-109 36
-50 -59
-57 -1
-30 -87
-44 -23
-54 -2
-57 -90
-60 -17
-5 33
21 121
67 109
6 26
-10 95
63 109
15 169
32 57
43 20
48 -20
-9 -85
> -15663 137065
68 -55
-57 -24
-14 -23
-46 -20
-14 42
-50 11
-48 55
46 43
40 -23
75 -6
> -15503 136877
-41 -31
-83 1
7 16
31 27
86 -13
> -15543 136523
-40 -20
-44 11
-5 17
4 60
84 21
10 -26
-9 -63
> -11318 132574
15 19
134 36
63 -32
108 -4
29 -14
-59 -41
-9 -54
-79 32
-48 -22
-154 80
> -20221 149004
67 -23
-130 -42
-18 48
-1 33
11 24
14 1
57 -41
> -20044 148968
-25 -36
-33 -26
-42 -19
-10 26
4 23
15 20
91 12
> -18231 146278
5 -29
-15 -18
-14 -44
3 -88
-40 17
-71 75
-88 45
-34 63
36 28
49 15
74 -43
95 -21
> -10592 142198
-49 -67
-27 -6
-64 12
-30 54
57 84
113 -77
> -10149 142219
-50 -24
-37 21
-18 63
62 60
52 -40
-9 -80
> -10052 142149
-70 -51
-59 44
27 26
69 24
33 -43
> -16395 139588
-43 -129
-29 -166
-61 -64
-98 -66
-88 -15
-28 12
23 79
0 44
22 71
48 38
-12 39
88 77
44 52
14 138
112 -94
8 -16
> -16990 139493
-59 -34
-42 -51
-41 14
17 37
21 112
52 -11
52 -67
> -14197 136885
39 -98
43 -37
42 -5
127 43
39 27
10 28
70 63
40 -15
23 -20
13 -26
-91 -41
-3 -46
41 -43
78 -19
44 6
6 -46
-45 -73
-73 -49
-71 -109
-146 -14
-115 17
-49 -36
-37 -57
-17 28
-6 98
-45 189
7 113
-20 131
47 37
62 20
5 -17
-18 -49
> -13737 136160
-16 -26
-28 -12
-36 1
-19 91
11 23
34 38
84 -18
42 -42
-72 -55
> -11178 136688
-34 -39
-146 -89
-36 -38
-45 5
60 72
184 142
183 39
-13 -48
-80 -5
-53 -16
-20 -23
> -11602 136339
19 40
74 92
43 8
-21 -30
-89 -182
-101 -87
75 159
> -11679 130459
87 -26
82 -47
90 -9
83 -38
0 -44
-24 -44
-117 -98
-63 34
-117 11
-39 -59
16 -67
-106 -29
-38 34
0 54
53 186
-64 186
19 103
44 -3
36 -23
34 -38
24 -83
> -11313 131437
66 -116
57 -53
-53 -51
-20 -76
-71 -118
-6 -36
31 -74
-75 -161
8 -133
70 -59
27 -41
96 -92
3 -24
-12 -18
-23 -16
-90 36
-141 18
-172 89
-124 133
-184 306
215 341
128 91
-5 76
78 9
73 71
22 -17
32 -49
70 -36
> -14492 125117
-100 -26
-50 44
63 64
26 -5
78 4
19 -38
-36 -43
> -15292 124504
-48 -21
-42 41
-39 0
-9 36
28 37
45 8
46 -40
41 -14
3 -32
-25 -15
> -20668 115435
-78 -81
-65 -45
-40 9
-15 70
78 58
72 12
48 -23
> -25883 113132
68 -36
295 -114
-12 -35
-38 -39
-213 56
-312 192
42 27
79 -35
22 -16
69 0
> -43280 147312
1 -28
-51 -50
-41 -14
-8 -22
-29 -13
-22 -22
17 -58
-18 0
-69 49
17 77
-18 78
104 47
51 -14
66 -30
> -42640 148023
-23 8
-52 -1
-4 18
9 56
29 -3
29 69
36 -27
23 -70
-47 -50
> -43080 147353
-35 -26
-30 -8
-17 -23
-21 42
-49 11
-9 23
0 63
123 -38
38 -44
> -40470 144751
-15 -41
-104 38
82 36
67 7
5 -8
-35 -32
> -39785 144121
147 -30
58 -90
-4 -52
-74 -10
-42 -60
-38 -17
-86 3
-80 -26
-80 49
-80 -12
-56 23
4 29
38 107
56 77
68 29
80 -35
89 15
> -40307 148326
-51 -128
1 -139
-24 -49
-23 10
-48 83
-6 111
23 105
-62 34
10 51
55 70
65 -53
60 -95
> -40262 148106
28 104
62 89
-2 15
30 9
44 -72
35 39
79 7
19 -27
29 -92
180 -178
32 -67
-106 -94
-38 -72
-40 45
5 64
-66 30
-44 -15
-157 134
-41 22
-28 27
-21 32
> -40593 148188
78 49
10 -19
2 -25
-18 -76
-23 10
-49 61
> -35755 138047
29 -118
-36 -93
23 -240
17 2
66 37
36 -50
15 -55
13 -196
-72 -242
-85 -453
-60 -60
-81 -38
-45 48
-98 166
-14 158
23 113
-15 122
57 62
-39 172
-54 66
48 142
89 32
40 49
30 165
-40 176
7 55
49 56
97 -76
> -38319 145295
-22 -9
-50 -6
-30 56
66 151
41 -60
-5 -132
> -38459 145218
-69 -90
8 143
-37 84
19 -6
47 -35
19 -26
13 -70
> -27506 153401
-159 -5
-41 31
-6 26
276 86
14 -17
17 -87
-101 -34
> -27038 153467
8 -35
-19 -52
-90 -15
-96 12
-96 44
15 21
115 -16
163 41
> -24915 153298
177 -16
9 -25
-11 -34
-25 -42
-50 -37
-18 42
-90 56
-83 -14
-65 -39
-122 -151
-109 23
-52 -9
-94 -53
-103 -22
-178 30
-49 45
27 25
68 7
170 57
450 209
85 9
63 -61
> -23595 151229
65 11
17 -28
-3 -31
25 -34
30 -87
-69 -27
-211 151
-35 54
14 24
42 34
52 -22
73 -45
> -22268 150485
-40 -23
-17 26
2 29
16 32
79 -28
17 -33
-57 -3
> -22150 149870
-73 24
30 34
44 0
100 -16
-25 -37
-76 -5
> 8315 117281
-61 -9
-63 15
24 68
74 -1
19 -24
7 -49
> 8051 116994
-34 -18
-122 -6
-87 58
75 52
186 -3
-18 -83
> 10640 119852
-88 -88
-97 29
31 123
53 65
31 27
35 -58
35 -98
> 11474 119761
1 -35
-43 4
-23 69
-33 32
17 24
79 28
53 -22
-10 -34
-41 -66
> 12220 120228
-53 -34
-15 -39
16 -55
30 -22
72 -114
49 -48
-6 -19
-13 -11
-20 -6
-7 12
-29 -22
-45 -4
-20 30
-110 61
-61 54
-14 89
26 74
-15 69
7 72
65 26
65 -80
78 -33
> 11960 119957
21 -41
-27 -55
-180 72
-34 -1
-49 13
-22 19
34 75
80 34
38 -11
40 9
56 -35
15 -38
28 -41
> 10695 122626
-87 -88
-115 -21
-68 21
36 59
-2 25
14 28
25 31
157 56
51 -8
35 -28
-2 -28
-16 -25
-28 -22
> 11029 124053
25 -13
53 -3
110 21
57 -19
-87 -72
-50 -3
-58 -14
-38 -25
-77 5
-233 -98
-169 -106
-88 -15
-171 -118
-163 -79
-173 -128
-78 18
-311 -77
-89 -11
-66 16
27 38
139 124
333 140
98 9
108 57
93 89
37 85
59 78
83 53
186 46
182 -23
158 25
103 0
> 11283 123757
-4 -16
-31 -33
-97 29
0 79
132 -59
> 10065 124486
61 -80
4 -33
11 -21
19 -16
-25 -163
-74 -79
-61 -34
-80 -151
-41 -45
-62 -47
-56 13
-85 42
-52 64
-25 186
31 238
24 43
94 75
6 28
-4 78
37 10
43 -12
49 -27
148 22
38 -91
> 9243 124737
0 -29
-17 -55
-51 -14
-43 27
-49 112
60 29
47 -17
53 -53
> 9237 123698
42 -43
-11 -29
-54 -91
2 -41
-24 -1
-62 48
-27 73
31 92
103 -8
> 5340 120208
-8 -43
-68 -85
-36 -97
-95 -156
-63 -6
-10 57
20 80
71 55
18 88
46 17
-31 32
-16 42
28 31
61 27
27 -21
56 -21
> 6741 122058
-65 -143
-12 -83
-50 -23
-51 63
-45 8
-102 79
-1 32
13 102
55 108
97 51
22 72
37 -36
102 -230
> 9944 126129
115 -55
-132 -75
-88 -8
-78 56
5 12
2 78
32 36
65 -52
26 8
53 0
> 10072 125703
173 -56
147 38
48 -18
-3 -19
-57 -42
-16 -26
-54 -55
-118 -3
-73 -27
-29 39
-92 57
-54 58
-58 24
28 17
25 2
24 -8
109 19
> 13821 120211
37 -90
-15 -18
-26 -4
-35 5
-99 169
68 -2
70 -60
> 13547 121996
-10 -19
3 -62
26 -49
-142 -51
-95 14
-47 47
-77 129
31 37
33 13
96 67
56 -15
42 8
84 -119
> 12599 122002
-164 -13
-50 -48
-54 -18
-41 13
-45 46
-54 -22
-85 54
249 80
183 38
75 -2
40 15
-2 -41
-52 -102
> 12557 122248
-54 13
-5 19
31 31
60 -23
4 -10
-36 -30
> 12492 122604
0 -132
-37 -49
-26 16
-45 60
-98 104
23 51
73 29
42 -9
68 -70
> 13113 123044
3 -27
-9 -59
-48 -9
-24 24
-42 81
-117 112
-71 108
-104 93
152 -85
52 -76
208 -162
> 12454 123775
157 -66
64 -88
-42 -34
-62 34
-172 121
-33 37
88 -4
> 12107 123211
-139 -55
-42 2
110 135
158 126
23 55
-20 57
-107 81
-21 56
-19 7
-47 61
-51 -11
-18 29
-20 94
-95 135
-67 63
60 10
155 -16
202 -132
118 -191
120 -142
38 -16
56 -96
41 -126
41 -101
-88 4
-100 27
-67 -22
-221 -34
> 13931 124337
16 -29
131 -83
-18 -39
-34 -32
-46 -31
-190 1
-127 -85
-57 18
-74 118
55 73
3 47
-23 32
65 27
47 50
71 -8
121 21
60 -80
> 14229 121959
-24 -13
-24 0
-25 10
-148 216
41 3
180 -216
> 15038 121840
-74 -20
-47 42
-77 27
-40 34
-63 12
-22 -13
-48 -11
-11 22
6 57
97 32
134 -52
72 47
7 15
-2 20
35 -19
41 -61
-8 -132
> 18992 121889
-55 -29
-24 1
-70 -36
-20 33
72 64
62 66
53 -45
-18 -54
> 19051 121196
-36 51
67 5
61 -7
41 -32
-45 -23
-38 -5
-50 11
> 19399 121392
-19 -16
-24 -1
-28 8
-55 89
-2 59
91 -10
37 -129
> 20359 121914
-5 27
12 19
103 71
11 -40
-26 -50
-95 -27
> 20747 121796
-46 -5
-1 39
82 48
57 -11
2 -19
-94 -52
> -5491 147846
-1 -51
-30 -12
-105 -2
-122 94
-40 93
-45 17
8 41
61 34
115 16
38 -21
121 -209
> -5191 147131
-66 -116
-50 -9
-35 23
-95 91
5 56
50 46
130 -16
61 -75
> -4604 145900
-63 -16
-66 20
-23 48
30 67
86 34
67 -16
34 -41
-15 -37
-50 -59
> -2306 147790
-10 -54
-15 33
-5 76
53 32
36 -41
-15 -24
-44 -22
> -2025 147401
65 -333
11 -211
-29 -97
4 -104
-43 -60
-86 11
-23 -75
-28 -1
-55 15
-1 26
37 63
-10 64
34 49
-40 178
2 138
20 78
-15 64
92 95
24 36
-5 48
12 53
47 6
17 -20
-6 -5
-23 4
-1 -22
> -5054 154682
40 -49
-21 -27
-76 -66
-41 23
-69 13
-93 8
-127 43
8 20
50 51
165 29
75 -38
89 -7
> -3043 152639
-19 -69
-34 -27
-74 42
-51 61
88 25
90 -32
> -2846 151975
-25 -20
-25 16
-99 86
-3 31
51 11
29 -24
72 -100
> -2738 152002
29 -56
-42 -16
-79 3
0 24
21 54
71 -9
> -1362 149633
9 -52
-55 -33
-64 -2
-104 125
5 20
-18 72
36 2
122 -40
69 -92
> -2470 150429
86 -202
-21 -124
-69 -141
-18 23
-20 58
-91 59
-57 64
-15 72
13 199
30 9
91 6
28 -2
43 -21
> -10020 151123
0 -42
37 -37
44 7
137 -189
66 -45
27 -41
-65 14
-102 71
-92 35
-30 56
-95 7
-66 216
-36 56
238 65
34 -40
-23 -62
-74 -71
> -9264 150320
58 -112
-54 -73
-102 -25
-138 163
-19 58
25 14
98 23
47 -11
85 -37
> -9663 150848
-40 -4
36 50
26 5
59 -15
69 -5
95 -90
14 -43
-25 -77
82 -141
1 -29
-14 -62
-27 -6
-48 4
-101 73
-26 -13
-63 -59
-6 140
-26 102
2 132
-8 38
> -8568 151139
46 -23
103 2
-7 -28
-25 -44
-73 -41
-45 78
-26 4
-47 -6
-86 -35
-77 78
72 -17
165 32
> -9025 152850
58 -40
-8 -121
16 -58
-11 -54
-40 -62
-48 123
-68 70
-41 12
-10 39
-47 108
21 56
-6 44
40 -8
18 26
20 10
23 0
38 -42
26 -48
19 -55
> -10554 150799
-49 -13
-17 16
-23 83
78 14
13 -27
-2 -73
> -11311 154102
-55 16
18 -95
-23 8
-48 33
-7 57
29 109
-19 36
55 15
22 -43
28 -136
> -11529 153703
53 -167
120 -229
32 -103
-28 3
-68 27
-51 88
-46 -35
22 70
-65 22
-35 140
-36 35
18 146
27 60
57 -57
> -8485 143543
3 44
22 6
69 -12
12 -53
11 -206
-49 45
-68 176
> -8519 143443
46 -150
50 -86
-67 47
-27 70
-100 139
-60 145
44 -18
114 -147
> -1065 136283
87 -128
100 -86
152 -175
14 -53
-21 -92
45 -76
-2 -77
39 -213
-54 5
-64 44
-32 51
16 8
-2 33
-95 122
59 101
-205 79
-91 13
-59 76
8 88
-47 107
2 55
42 140
79 70
29 -92
> -1734 136719
12 -329
67 -188
19 -226
-6 -107
50 -395
-24 -4
-52 18
-84 378
-72 183
-35 144
-35 35
22 98
-18 135
17 161
35 87
38 184
46 -76
20 -98
> -1031 134957
52 -16
41 -52
-41 -61
-59 -19
-76 53
-20 55
18 48
82 31
3 -39
> -2037 134351
-58 -16
-44 10
15 29
72 45
21 -28
3 -21
-9 -19
> -8174 138796
1 -33
-26 -86
-69 -56
-41 -58
-21 4
-41 27
-31 252
13 49
51 3
164 -102
> -4200 133464
89 -143
-59 12
-87 170
-42 119
53 -51
46 -107
> -1805 130425
55 -60
59 -12
-1 -35
-40 -118
2 -94
-29 -112
-108 -256
-27 16
-92 133
-42 206
-36 40
16 115
39 36
27 55
-10 34
21 46
29 -26
39 -12
13 23
85 21
> -918 131033
3 -94
25 -42
-70 -224
-24 -5
-66 36
-54 8
-69 27
-82 43
-62 63
-26 122
27 35
128 44
220 28
50 -41
> -765 130807
-49 6
-8 -90
10 -88
-15 -41
5 -24
-4 -22
-11 -21
4 -43
-18 -27
-36 -18
-37 -37
61 430
35 48
51 25
12 -98
> -417 130616
-1 -19
-23 -33
-8 -38
-38 -61
-43 104
1 58
60 57
32 -27
20 -41
> -150 131277
110 -251
-7 -39
43 -174
-26 -91
-15 -138
-25 -36
10 -48
-38 -69
25 -68
-28 -68
-54 -7
-55 -51
-52 104
-5 155
-99 55
4 24
33 32
32 82
-95 11
-52 50
28 146
72 3
46 -56
-4 -41
11 -41
110 -70
38 -53
57 -16
5 61
-145 125
-42 89
-70 49
-23 59
31 93
-16 80
-28 40
8 40
76 82
49 -37
37 14
54 -40
> 45 129309
-111 61
-65 99
-59 37
3 43
48 -7
184 -233
> 2598 128602
-2 -33
-25 -97
-102 -142
-172 -112
-214 42
-48 36
17 158
45 94
127 75
250 65
124 -86
> 143 127431
-19 -11
-107 -23
-11 21
-43 31
31 4
75 -4
74 -18
> 642 127420
41 26
50 -3
11 -18
0 -42
-69 -20
-40 11
-4 10
11 36
> -391 127281
72 -28
35 37
28 -100
-23 -64
-135 -22
-107 15
0 68
26 63
104 31
> -623 127258
4 -49
-142 -53
-14 29
-27 104
21 11
23 1
135 -43
> -694 127804
5 -145
79 -54
142 77
149 -115
12 -40
-29 -35
-70 -37
74 -84
-4 -46
-55 4
-69 -32
-40 3
-100 81
-43 88
-96 -31
-67 25
4 35
36 126
-18 19
-48 25
-52 93
36 81
39 38
49 -17
36 -25
30 -34
> -1439 127905
79 -162
28 -96
-19 -55
-103 -135
-136 -62
-55 -3
-52 66
-32 104
38 179
6 173
-27 147
11 31
40 61
57 -4
72 -116
93 -128
> -6202 134744
31 12
71 2
50 -6
100 -40
67 43
66 -17
71 1
39 8
104 -46
22 -55
42 12
47 -12
53 -29
12 -46
-11 -65
-87 -16
-33 -34
-155 -115
31 -94
-25 -42
-37 21
-89 117
-138 -44
-39 3
2 -77
-12 -72
-43 2
-27 20
-82 89
-29 16
-70 76
-64 85
-30 197
28 23
9 23
33 30
93 30
> -6513 134520
71 17
55 -122
71 -97
90 -84
50 -66
-15 -53
-64 -4
-171 14
-34 70
-19 -10
-2 -31
9 -47
-297 -48
-65 32
-75 109
60 123
34 33
135 56
89 92
78 16
> -5621 133009
-62 -71
-102 -16
-203 -77
86 81
166 45
160 149
228 53
30 -35
7 -23
-310 -106
> -5662 132738
14 -21
39 -19
2 -68
-132 51
-117 -14
-57 14
0 24
-34 41
96 61
62 -3
127 -66
> -3517 128667
22 -72
-17 -10
-77 35
1 39
-15 54
14 7
42 2
22 -28
8 -27
> -3515 128452
-25 -24
-98 -36
53 171
44 -27
26 -84
> -3512 128264
-76 -145
-13 -103
-78 -88
-20 -3
-44 9
-28 44
56 74
29 59
9 36
-21 12
-35 -16
-2 49
24 58
36 26
42 1
35 14
34 23
48 15
4 -65
> -5156 123051
-6 -26
-24 -44
48 -9
175 15
53 28
78 3
84 37
-1 29
9 20
17 15
-17 20
-83 57
57 7
215 -23
117 -111
47 6
-8 -37
-48 -91
-175 -94
-213 -4
-113 -28
-56 -17
-52 -10
-125 -26
-33 -1
-52 -36
-69 -61
-50 -27
-45 -1
-63 -56
-56 -1
-118 60
-3 39
31 49
-36 79
33 38
119 66
42 -7
40 26
31 34
12 17
-25 57
26 78
60 66
60 15
49 -52
68 -99
> -4675 122740
56 -38
-15 -42
-73 -136
-60 -155
-80 -35
-152 56
-71 6
-68 -67
-182 -46
-61 24
-2 64
48 21
-46 82
-10 46
3 44
52 55
67 26
130 -31
205 146
259 -20
> -5159 122041
18 -41
65 -34
4 -52
-24 -48
-49 8
-11 -17
-47 -36
-53 -13
-94 51
-115 121
27 63
217 19
62 -21
> -4030 122969
-31 2
-87 24
-79 81
-6 69
120 97
72 5
43 -35
17 -187
-49 -56
> -2168 125976
156 17
36 -30
1 -40
-61 -50
-41 -10
-145 40
-41 35
-152 40
-54 60
18 17
85 11
198 -90
> -1790 126024
-24 -304
13 -199
-8 -76
-34 -58
-39 39
-56 7
-2 46
34 360
-11 117
58 332
36 44
33 -308
> -1713 125188
20 -42
-6 -19
-42 -31
0 -33
36 -93
69 -306
-8 -181
-15 -65
-29 -37
-171 -51
-146 88
-2 103
29 118
84 195
-49 173
54 128
12 179
67 6
16 -15
23 -47
-9 -60
67 -10
> -1878 123783
-41 -6
-75 27
-2 62
41 -18
77 -65
> -1237 123435
-17 -96
-135 -101
101 -40
54 36
63 -22
13 -54
-31 -186
7 -64
-101 -76
-149 -21
-116 47
-39 32
76 94
171 121
36 45
-189 33
-63 -60
-21 7
-39 43
18 48
21 16
140 38
-6 54
-64 38
8 82
52 63
110 35
51 -20
27 -38
22 -54
> -1855 123071
-44 8
82 74
44 -15
-14 -32
-28 -20
-40 -15
> -418 121797
11 -48
-72 -77
-47 -17
1 26
30 41
4 34
1 91
-13 34
52 26
44 -43
-11 -67
> 4480 126865
57 -53
11 -55
-132 -36
-72 1
-61 45
-25 47
-96 -44
-91 -66
-51 7
-7 65
20 41
147 31
111 73
82 -34
107 -22
> 4042 126638
-114 23
-95 61
42 -3
43 21
83 -54
41 -48
> 3784 126800
-27 36
11 16
19 6
25 -1
46 -53
-15 -25
-30 -1
-29 22
> 3571 125586
99 -43
63 -74
-49 -14
-45 14
-46 32
-43 17
-89 -6
-56 121
31 25
41 -14
94 -58
> 2805 125391
-58 -31
-117 37
22 10
55 -3
56 42
21 -11
21 -44
> -5775 120477
-101 -31
-219 6
-85 -16
-74 25
-152 7
-59 19
167 41
329 21
65 -15
129 -57
> -7104 131922
-13 -171
-27 27
-15 45
-8 61
-58 43
-26 43
49 12
98 -60
> -8091 131020
-180 -187
-79 -58
31 87
73 46
34 136
81 132
6 -89
34 -67
> -7140 131701
27 -58
-23 -82
-29 -30
-56 4
-30 -52
-64 -37
-25 -35
-85 -62
-13 -52
-33 -37
-146 -63
-55 -7
-13 -52
-97 -1
-83 -50
-57 36
-75 -9
-1 71
-13 124
11 17
19 17
33 5
79 29
92 97
46 24
49 82
56 44
187 67
172 -47
70 92
57 -35
> -7795 129655
-8 -46
-28 -10
-86 -7
-124 121
-5 67
91 59
66 5
69 -31
25 -158
> -7069 128628
-14 -51
-52 -47
-21 20
-53 75
26 45
45 -3
25 6
22 -15
22 -30
> -8139 127998
40 -175
-21 -37
-70 35
-65 203
84 95
36 -20
-4 -101
> -7513 127371
-59 4
-74 -20
23 64
26 45
18 10
48 1
18 -104
> -7662 126726
90 -116
-36 -147
-69 -104
-30 -145
10 -129
34 -110
-154 -132
-64 -35
-104 -10
6 28
68 126
25 88
2 68
-28 63
-6 142
-32 159
80 46
62 59
54 116
16 120
21 1
49 -13
6 -75
> -8275 125507
-37 72
172 67
-10 -25
-29 -37
-96 -77
> -10171 123395
-93 -69
-74 0
35 90
76 -11
33 92
17 -3
37 -35
-31 -64
> -10486 123340
-32 -75
-122 -119
-58 -85
-64 -215
-49 -28
-88 8
-11 30
1 93
33 56
70 210
108 96
47 107
28 -5
55 -30
93 -12
3 -13
-14 -18
> -10507 121796
-49 -91
-17 21
-29 107
12 50
62 98
81 17
14 -48
-6 -83
-68 -71
> -8160 124752
-8 -75
-34 -77
61 -24
6 -67
-48 -78
-70 -37
-43 32
-90 -70
-29 25
-30 63
92 653
27 35
121 -7
25 -75
14 -126
6 -172
> -8203 124240
-161 -129
8 -15
38 -27
-1 -55
-35 -43
-95 -43
5 89
-108 49
21 81
32 37
108 42
62 61
100 17
20 -17
7 -21
-1 -26
> -8190 123776
-101 -175
-1 -28
27 -43
-2 -57
-13 -82
-21 4
-12 30
-9 51
-32 -21
-85 -130
-92 -95
-8 23
3 77
-51 81
11 23
44 55
-35 64
22 27
21 8
22 -5
24 9
56 37
-2 69
124 86
28 141
33 -29
26 -50
23 -70
> -8235 123217
-19 -84
-21 -25
-63 -75
-58 -8
-3 272
44 20
86 19
34 -119
> -8456 119471
27 -25
-26 -16
-84 -10
-48 -41
-60 23
-89 -16
-14 39
9 39
69 -20
44 39
39 53
36 19
34 2
36 -10
2 -45
8 -20
17 -11
> -8158 119037
-42 -16
-40 9
1 44
16 33
26 28
20 -7
38 -30
-1 -19
-18 -42
> -8715 115480
-28 21
-61 81
34 28
57 3
43 -52
-5 -20
-40 -61
> -6840 115414
2 -60
-23 -113
-44 -19
-48 -2
-35 76
17 81
30 47
2 122
37 -22
32 -45
30 -65
> -5804 112586
-40 16
-2 96
35 21
58 8
27 -37
-5 -41
-73 -63
> 4262 117708
-12 -46
-46 5
-83 -42
-117 112
50 186
37 -5
95 -33
66 -124
10 -53
> 3432 117548
-46 -10
-58 22
-80 86
33 12
127 23
28 -44
-4 -89
> -3539 116327
-98 61
173 36
64 3
-23 -32
-116 -68
> -3535 116282
40 13
46 -8
54 -25
144 8
-9 -31
-80 -122
-118 -53
-154 -42
-88 -4
-117 59
-190 -18
-47 34
186 210
47 -14
58 30
44 -14
184 -23
> -1540 108877
-28 -73
-94 34
42 115
56 4
24 -80
> -1007 109700
28 -85
-6 -139
-59 -26
-197 -22
-37 36
-5 47
102 199
36 41
40 10
66 -18
32 -43
> 2886 108787
-33 52
52 49
94 -2
-7 -19
-106 -80
> 3986 108393
166 -137
65 -8
-17 -46
-157 -198
-60 -2
-94 43
-37 43
-42 155
-25 -7
-13 -20
-4 -30
-63 -86
-52 80
37 136
146 78
40 5
110 -6
> 3129 106215
-41 69
69 1
59 -14
14 -47
-25 -23
-76 14
> 3037 105731
25 -39
-51 0
-30 12
-41 4
-51 -2
-30 13
4 41
41 49
73 28
7 -15
12 -27
17 -35
24 -29
> 2127 101641
-66 -96
7 -95
-46 -40
-121 -7
-142 65
-26 33
-17 102
73 116
94 15
60 40
54 -12
81 -54
49 -67
> 1395 102276
2 -20
-49 -27
-84 5
-117 21
-71 25
-69 45
-47 56
30 46
77 2
89 20
78 -6
27 -30
85 -54
49 -83
> 1459 102492
51 -22
115 -428
-17 -18
-22 -6
-28 3
-59 58
-34 82
-12 113
-38 93
-51 58
-33 74
128 -7
> 959 102780
30 -54
65 -93
76 -84
-41 -42
-102 -16
-37 -25
-60 -12
-33 36
-25 52
-48 169
-4 65
-43 195
-29 38
39 19
112 -26
34 -58
66 -164
> 1015 103068
53 -69
97 -209
-6 -64
-105 -24
-13 24
-10 62
-34 98
-54 78
-61 69
-34 54
-6 50
28 29
145 -98
> 699 103238
1 -51
-57 -34
-94 -13
-13 32
6 112
72 11
85 -57
> 1134 103380
-17 -25
-46 -40
-64 48
-14 67
55 -6
25 -19
61 -25
> 870 103386
-19 -20
-73 -22
-127 86
13 20
59 47
55 -27
47 -37
45 -47
> 891 103752
-19 -12
-42 2
-58 92
29 -5
45 -22
45 -55
> 1181 104025
-44 -25
0 -45
-50 -8
-16 -15
-25 8
-33 24
-23 102
102 61
36 11
38 2
-29 -52
44 -63
> 1141 104591
75 -6
-36 -85
16 -72
-15 -66
-78 -112
-26 -6
-62 8
1 42
34 145
-54 23
-40 -33
-23 52
-20 -10
-26 10
-34 23
-21 71
27 24
102 54
89 10
55 -15
36 -57
> 897 104171
47 -48
-10 -15
-17 -7
-21 -3
-91 79
29 62
46 -12
17 -56
> 223 104544
9 -45
-137 105
-15 18
-17 29
-28 47
25 -9
43 -29
120 -116
> -141 104843
-51 -35
16 -29
73 -66
27 -60
13 5
45 -22
36 -93
-144 -46
-63 -50
-23 27
-34 93
37 135
-114 212
6 15
33 22
1 54
36 -55
35 -41
71 -66
> -403 104364
20 -23
3 -22
-6 -17
-77 -45
-76 73
-120 33
75 51
-29 71
16 22
76 37
54 46
35 -22
97 -94
-68 -110
> -231 103611
3 -62
-69 -70
-61 -18
-25 145
35 131
30 27
41 -40
46 -113
> -2697 108215
100 -141
37 -199
30 -37
-36 -172
-166 -24
-68 -44
-63 7
-57 -42
-21 21
-36 8
-81 3
-67 42
-84 -23
3 46
45 162
64 15
11 21
-43 83
-38 26
-55 10
-5 78
32 29
52 83
40 25
105 15
168 84
133 -76
> -2925 107433
25 40
55 27
10 -26
-3 -55
-35 -17
-28 7
-24 24
> -2899 106797
-34 -54
-27 6
-27 25
-27 40
-11 56
20 16
71 25
35 -114
> -6615 105121
-28 22
-19 47
22 63
79 24
37 -16
-5 -35
-17 -34
-69 -71
> 1146 97786
38 -88
281 -216
75 -126
-12 -13
-46 -19
-58 -80
1 -165
-238 218
-130 72
-110 36
-6 56
-107 143
-193 79
-45 1
-32 136
64 56
256 26
90 30
44 -29
128 -117
> -5366 102372
77 -174
3 -44
-37 -43
-38 25
-122 150
4 81
74 38
39 -33
> -3117 100464
78 5
37 -14
219 -209
-3 -47
-34 -20
-167 25
-70 56
-56 72
-46 16
-70 -2
-100 119
146 -40
42 9
24 30
> -2510 100012
-15 -24
-69 -19
-16 -1
-39 29
-121 -5
-50 23
-1 118
80 71
61 -2
170 -190
> -2178 99735
115 -49
46 -64
-9 -50
-25 -10
-64 -3
-47 -22
-96 70
-24 78
-88 163
27 -5
59 -27
106 -81
> -1442 99131
24 9
34 -11
44 -28
99 -36
185 -110
102 -22
38 -64
-55 -193
-227 -74
-63 25
-277 189
-72 12
-54 46
-119 198
5 92
40 107
110 -4
69 -57
117 -79
> -18 98415
25 -40
-8 -52
-225 104
-83 -18
-70 -54
-89 -15
-64 -30
-45 90
47 59
150 61
122 24
90 -60
150 -69
> 2201 97291
15 -38
16 -96
-15 -49
-59 117
-105 103
23 6
73 -5
52 -38
> 2515 96417
146 -237
60 -50
20 -28
40 -104
108 -102
27 -90
-61 -34
-29 -55
-59 16
-111 76
-15 71
-43 58
-2 84
-166 268
-58 51
-21 60
9 63
56 -5
50 -16
49 -26
> 5907 95242
-17 -24
-91 65
-15 60
28 19
31 4
34 -7
21 -76
9 -41
> 2576 111376
133 2
55 -23
4 -22
-27 -33
-303 12
-36 47
13 30
44 -9
117 -4
> 7261 117064
-82 -4
-64 21
53 61
17 97
36 28
70 14
61 -17
-15 -117
-76 -83
> 46303 31585
70 -76
-66 20
-49 35
-44 136
-46 309
-13 141
49 -138
69 -374
30 -53
> 58863 22411
-109 68
-42 -6
-22 69
19 119
112 106
-24 26
-20 49
50 82
7 85
86 -27
71 -72
24 -185
17 -13
42 -10
13 -53
-6 -62
-55 -82
-52 -42
-30 -407
-46 106
-3 145
-32 104
> 58678 23165
-19 -56
-48 -46
-71 197
10 84
26 12
73 -23
29 -168
> 65078 35858
65 -10
39 -32
16 -87
-41 -120
10 -23
-16 -57
-57 30
-35 62
-1 59
-81 99
24 63
35 -15
42 31
> 66782 42631
14 -84
-10 -78
-16 -9
-35 17
-47 199
14 38
33 -23
47 -60
> 78724 26789
87 -203
-1 -130
-26 -48
-64 52
-74 269
3 147
49 132
26 -219
> 78912 29047
59 -202
-4 -334
-6 -96
-34 -41
-19 -253
-56 -232
-23 149
58 457
-7 386
-28 430
53 386
17 -52
-16 -300
6 -298
> 80172 50319
14 -9
33 -59
11 -367
-71 -328
-23 32
-75 383
13 81
35 20
63 247
> 79991 51243
19 -5
39 16
45 -318
-45 -260
-14 -203
-54 -382
-57 363
8 622
-11 355
11 4
12 -26
28 -82
19 -84
> 80108 31482
-27 96
38 948
79 1031
19 72
25 -245
-13 -285
-11 -80
-110 -1537
> 81543 57456
-8 -91
6 -273
-30 -119
-88 -254
-36 -314
-84 -248
26 -375
-18 -316
-83 107
-40 144
36 475
-45 172
-4 148
23 157
40 153
-60 337
-42 292
34 319
28 143
57 102
48 -103
65 -53
19 513
31 192
46 -128
20 -419
22 -154
40 -53
19 -93
-22 -261
> 81113 54634
-126 -217
-83 -50
-2 -126
-30 -196
-58 22
-27 309
-4 157
-18 90
-26 45
13 449
-49 424
-66 171
-9 171
5 433
31 499
91 765
37 114
28 -126
93 -658
85 -438
31 -302
-9 -699
96 -752
-3 -85
> 81047 50754
25 35
36 157
43 -67
20 -163
-2 -124
-11 -70
-14 -16
-18 -41
-3 -97
-20 9
-19 35
-38 106
-5 98
6 138
> 81118 58050
-86 -394
15 -246
-30 -199
-102 194
-26 345
-96 188
-28 348
3 356
11 218
53 71
66 -28
36 -88
57 -53
51 -140
20 -114
33 -318
19 -88
4 -52
> 81609 62885
-12 644
12 122
41 131
14 -15
23 -57
32 -915
-12 -511
-28 -178
-20 409
-12 16
-14 42
-24 312
> 81759 59356
22 1
44 51
29 -146
-26 -1127
-31 -150
-49 -40
-26 -36
-12 12
-14 44
19 330
44 1061
> 80246 18525
55 217
47 -223
10 -227
-26 -86
-44 -44
-42 363
> 78375 11929
34 -44
27 -59
39 -210
74 -192
-7 -162
69 -12
30 -95
45 -77
38 75
29 -29
93 -163
42 -188
15 -215
-65 0
-84 70
-67 161
-42 52
-182 280
-22 78
-2 173
-51 215
-59 170
-104 208
8 151
73 -60
69 -127
> 74514 18861
-28 -64
-75 121
-59 181
39 120
66 56
22 -13
39 -79
-4 -322
> 71242 53141
-4 -67
53 -80
74 -91
35 -126
4 -45
-14 -12
-35 10
28 -113
2 -104
-28 -216
-32 -57
-40 10
-15 39
-31 136
11 122
-69 191
-66 51
-29 46
-32 115
-42 54
-43 19
13 98
17 -15
32 -58
34 23
95 134
55 -12
27 -52
> 73130 74409
-21 -210
-35 -57
-52 -42
-47 81
-67 254
-27 153
-17 50
9 23
35 36
21 -37
40 -13
64 96
29 219
46 -237
14 -125
8 -191
> 73549 76052
11 -13
14 -109
-33 -360
-64 -195
-45 -31
25 160
2 323
22 74
68 151
> 73555 76251
-1 -111
-31 -57
-47 151
-36 425
6 97
109 -505
> 72631 77749
0 -170
-66 -201
-79 -118
-47 -110
-73 -247
-49 -32
-19 35
-16 240
9 487
18 148
83 226
25 147
65 211
22 -12
49 -74
78 -530
> 72983 79412
56 -55
55 -193
-202 -507
-41 -24
-48 57
-51 191
-41 550
11 70
47 37
150 3
64 -129
> 74149 82382
-18 -53
-32 53
-23 96
-20 135
35 97
20 -21
38 -78
12 -85
-12 -144
> 74152 83150
-23 -247
-37 -85
-17 341
-35 252
12 39
-4 46
24 53
17 69
33 -105
30 -363
> 74490 84540
-36 -151
-24 40
-30 281
59 49
57 114
-4 -193
-22 -140
> 74981 86653
12 -48
-27 -101
-27 -173
-45 -72
-43 132
-3 301
-17 235
31 85
78 112
43 -72
9 -51
-29 -264
18 -84
> 75513 82022
-15 -109
-38 -3
-50 17
-3 -85
44 -130
-83 -211
-28 31
-9 47
-42 76
-8 43
36 163
-54 44
-16 74
94 71
-2 129
12 43
36 -13
32 -37
97 -6
-3 -144
> 76305 96271
-33 -120
22 -365
-44 -192
39 -214
-27 -58
-47 -11
-21 368
-34 166
-5 264
-33 192
55 52
35 -2
22 136
-13 103
43 24
14 -82
27 -261
> 76690 97310
-61 32
-38 88
-7 105
15 53
108 -206
-17 -72
> 77098 95854
-42 -433
-37 -151
-7 94
9 317
-30 85
-16 89
28 236
-11 119
15 44
20 31
44 139
59 137
24 1
52 -34
-108 -674
> 77311 89616
-10 -334
-29 -82
-45 -58
-17 37
-26 121
5 214
65 152
26 14
31 -64
> 79643 76467
-28 -94
36 -124
13 -101
-19 -96
-19 20
-47 82
-34 304
-1 179
-51 13
-3 160
12 779
22 -40
33 -189
86 -893
> 80960 79217
-36 -107
-76 -132
-13 29
-23 92
36 928
20 318
15 28
45 55
22 -148
25 -473
-15 -590
> 81184 91478
15 -369
15 -1039
-43 -169
-22 18
-36 57
-49 1247
77 344
43 -89
> 78168 106583
-28 -167
-44 586
3 342
-41 138
25 124
48 90
55 -123
3 -65
-21 -925
> 78265 106679
0 40
29 1
23 -29
19 -51
4 -183
-67 -106
-8 -293
-45 -34
-21 127
7 119
39 202
17 33
3 174
> 77347 107366
-58 -96
-47 32
1 113
25 264
32 -14
20 -36
10 -35
17 -108
0 -120
> 76549 112154
-11 143
-54 98
-34 137
2 43
31 12
16 27
11 47
43 -28
68 -155
23 -84
-26 -113
15 -270
-7 -42
-23 34
-54 151
> 73157 120079
11 -115
-13 -202
-31 -122
-79 152
0 216
45 253
17 -24
50 -158
> 73943 124430
-15 -93
-18 -1
-35 30
-27 116
2 61
38 110
12 -16
34 -89
9 -118
> 75606 136169
20 -42
68 -222
35 -56
69 -61
47 -89
-79 -85
-56 -36
-74 -17
-60 32
-80 -70
-33 -50
-73 -21
-8 294
28 203
28 72
48 -56
36 18
84 186
> 76782 149406
-35 -686
-70 -272
-29 -49
12 751
17 55
70 63
35 138
> 74090 136037
130 -409
33 -241
-51 15
-22 47
-59 184
-61 82
-131 336
-44 71
29 75
71 62
105 -222
> 71580 137282
-23 -114
-1 -39
-13 -47
-13 -18
-28 15
-46 187
5 78
16 59
6 55
-8 54
-41 101
-11 99
85 248
35 -26
40 -76
5 -41
-8 -535
> 70924 160566
10 -117
-11 -9
-72 -3
-31 68
-14 146
17 68
61 -74
40 -79
> 70016 168358
-8 -162
-33 -136
-74 -195
-28 -51
-36 -25
-17 32
-44 172
-63 151
-49 204
-93 568
9 285
21 45
28 17
106 36
35 33
9 86
53 16
24 -13
27 -46
133 -1017
> 59221 164573
6 -56
-131 -315
-81 -441
-43 6
-42 17
-131 -57
-158 -150
-62 -150
-33 5
-21 15
-16 24
94 164
141 325
94 319
48 337
85 46
141 -33
109 -56
> 54770 167711
28 -119
59 -80
-1 -70
-61 46
-97 189
-185 404
52 -42
125 -156
80 -172
> 54908 166577
42 -98
56 -75
159 -156
77 -18
70 46
12 -64
27 -281
-44 -101
-12 -79
-105 241
-54 74
-59 16
-47 38
-93 110
-72 95
-27 57
-11 82
-59 57
-74 124
145 5
69 -73
> 50862 156376
-77 -163
-53 -45
-30 28
-63 130
-5 39
24 40
93 78
92 5
17 -32
2 -80
> 50772 156097
-15 -95
-73 -117
-202 -112
-81 -93
-32 -246
-76 -107
5 -109
-33 -23
-52 48
-118 0
-34 46
-20 108
37 52
68 67
31 92
25 184
100 129
150 123
107 57
112 22
101 -26
> 48904 154126
-72 -34
-59 -100
-17 9
-17 42
51 38
67 124
35 23
13 -29
-1 -73
> 50822 155645
23 9
65 -14
24 -71
-20 -102
-44 16
-33 30
-26 41
11 91
> 47728 152984
-15 20
-7 50
57 47
46 -22
-12 -30
-69 -65
> 46869 151864
-16 -149
-24 8
-41 31
-1 62
110 186
245 287
1 -54
-33 -69
-95 -126
-146 -176
> 46022 149962
-146 -166
-36 -130
-247 -219
-2 92
51 149
141 195
39 71
27 103
84 138
79 40
197 318
4 -204
-13 -40
-178 -347
> 45510 148812
16 -39
-5 -66
-36 -95
-203 -288
-24 -194
4 -74
116 -91
5 -41
-83 -51
-74 13
-35 -117
-98 -111
-31 -100
-117 -128
-89 -183
-90 -92
-103 -14
-97 -167
-53 -41
-109 -36
127 201
23 109
124 103
158 253
51 47
58 12
32 36
-18 126
31 130
80 91
147 257
30 153
71 185
6 191
39 46
51 -34
42 22
30 1
24 -14
> 59160 150666
-63 -74
-43 -122
-19 2
-28 39
12 79
76 138
27 -15
38 -47
> 55093 137941
17 -31
87 -333
-34 -33
-147 -108
-15 -52
-110 -109
-100 -42
1 43
81 187
-47 63
-173 135
10 60
34 69
53 80
39 89
32 32
80 26
90 79
43 110
26 -34
-7 -141
40 -90
> 55092 137078
1 -82
-84 -201
-53 -80
-10 50
15 138
-37 66
3 86
173 124
8 -23
-16 -78
> 43813 146622
-16 -9
-57 -4
-24 74
28 31
60 185
25 -15
31 -59
-47 -203
> 44425 146356
73 -148
2 -96
-227 -172
-24 -50
-56 -38
-64 -79
-57 -25
-73 -82
-128 -204
-61 -36
-73 13
-72 117
180 31
96 180
107 120
56 27
142 198
23 61
12 123
95 141
-1 79
65 52
-15 -212
> 24452 124170
18 -50
-34 -35
-88 51
-13 50
23 48
158 59
50 31
21 -22
-128 -91
-7 -41
> 24348 123752
-30 -72
-30 1
-5 69
-17 76
14 63
44 39
38 7
52 -164
-23 -17
-43 -2
> 24852 125315
20 -31
-139 -15
-16 90
26 85
34 -42
28 -67
47 -20
> 26882 128255
-85 -38
-86 -95
-43 -24
-25 -51
4 -17
32 -36
15 -87
-19 -12
-44 -4
-37 55
-38 -20
-90 -106
-17 -24
-15 -67
-126 -2
-109 -72
-45 -5
-59 3
2 76
56 75
18 2
38 -20
46 4
64 59
9 56
53 -36
61 -2
14 84
78 87
18 89
55 35
46 97
68 52
91 21
70 -77
> 27910 128952
-12 -44
-56 -25
-114 17
-26 56
19 42
49 18
41 -26
99 -38
> 28476 129598
-15 -21
-30 -16
-33 -51
-3 -45
-35 -143
-46 -71
-31 -3
-20 -31
-13 -52
-49 110
-73 91
81 87
46 -14
17 18
27 56
62 62
50 67
21 68
38 5
47 -25
-41 -92
> 28176 129257
16 -65
-91 40
-19 99
23 -7
40 -47
31 -20
> 30466 130497
-78 -109
-123 58
-24 62
22 115
104 50
22 -29
77 -147
> 30671 130947
-96 -7
-131 -70
-58 2
11 88
133 33
112 64
149 26
37 -23
-9 -20
-27 -28
-121 -65
> 32763 128839
13 -33
-4 -45
-15 -57
27 -39
-122 -16
-34 8
-23 36
-19 57
51 40
9 31
6 74
41 -16
70 -40
> 32522 130010
-53 11
-123 -42
-32 36
-22 2
-48 -57
-16 33
-34 11
36 79
111 117
151 -3
49 -29
-19 -158
> 32463 130242
-32 14
-12 37
5 88
34 38
58 42
11 -96
-64 -123
> 36293 133206
-60 -16
-54 49
-12 86
37 46
42 10
94 -85
-47 -90
> 38259 138510
57 -6
-25 -43
-130 -155
-83 -56
-83 -4
-4 76
-21 0
-74 -34
-42 -5
-25 -58
-9 24
2 95
82 153
162 78
10 -121
48 9
135 47
> 42200 139431
-40 -19
-76 23
-8 23
5 23
15 24
139 53
-8 -62
-27 -65
> 45465 140972
-101 10
-95 52
64 39
67 -3
50 -13
15 -55
0 -30
> 45232 141252
16 -58
-42 -59
-52 10
-42 81
7 69
31 34
29 -19
53 -58
> 33078 139776
-33 48
11 17
38 33
35 -65
-4 -32
-18 -8
-29 7
> 34775 139370
-54 -3
-31 25
-10 54
47 10
49 -30
-1 -56
> 34473 134834
-105 -77
-74 -89
-47 15
-38 48
-6 93
85 109
110 -28
146 100
1 -44
-26 -57
-46 -70
> 33068 129124
65 -14
-164 -75
-17 -38
-32 23
-91 32
11 25
89 35
17 42
47 28
10 -29
65 -29
> 33331 129462
-74 -39
-26 -6
-55 -47
0 51
47 71
61 16
77 62
-3 -32
-27 -76
> 33858 129717
-29 -17
-89 -25
-33 52
42 69
80 -20
29 -59
> 34321 129215
-176 -29
-62 28
40 65
108 56
54 2
36 -122
> 34687 129451
-80 -125
-28 -4
-57 7
-152 -62
-30 30
-34 68
48 21
62 -5
124 94
76 -6
33 11
22 -8
16 -21
> 34115 132578
12 -18
46 -17
-9 -19
-42 -28
-35 -35
-12 88
40 29
> 33847 132360
33 51
33 34
11 -15
-15 -115
36 -49
3 -58
-20 -7
-55 8
-2 58
-24 93
> 24469 118339
8 -52
-41 8
-22 138
42 18
66 -44
-53 -68
> 24501 118077
-12 12
-43 2
-10 59
60 33
23 -12
33 -67
-11 -11
-40 -16
> 35014 128722
-5 -54
-77 -82
-67 -97
-45 31
-83 127
62 94
215 -19
> 34875 127832
-62 6
-78 35
0 24
31 45
-63 42
5 71
98 11
73 -28
14 -72
28 -51
-46 -83
> 34631 127737
-47 51
31 11
67 -12
-51 -50
> 33553 126760
-4 -64
-89 -358
-92 -139
-56 -33
-29 13
-58 50
-10 11
-13 42
22 45
14 255
34 127
69 164
41 32
62 26
71 -30
38 -141
> 34545 126344
18 -97
-30 -20
-89 -104
-45 -14
-9 25
-35 36
16 64
55 101
72 45
47 -36
> 37737 126521
46 -27
40 -82
-51 -43
-123 38
-25 16
-14 38
-5 55
132 5
> 31637 121577
37 -35
20 -50
62 -28
41 -125
8 -128
-47 16
-114 109
-94 184
-86 260
28 83
34 -19
26 -36
85 -231
> 30068 122284
72 -173
3 -142
-79 9
-51 46
-12 134
-57 124
19 14
68 26
37 -38
> 29782 122120
-9 -58
-37 -19
-11 41
-65 85
19 4
22 -8
81 -45
> 29950 122402
5 -51
-20 -19
-82 36
-7 26
46 10
58 -2
> 25623 119797
30 -19
-14 -55
-48 -27
-40 27
-56 -24
-62 1
-22 47
46 74
23 11
28 -23
52 30
31 -1
16 -9
16 -32
> 21083 110522
-24 -100
34 -37
-18 -75
-50 -45
-24 16
-3 59
9 82
-39 82
50 35
21 1
44 -18
> 21269 107476
-34 -23
-141 -49
-2 55
125 144
3 -40
49 -87
> 20952 107479
-49 -80
-2 67
26 55
54 30
53 0
-21 -32
-61 -40
> 20837 107044
30 -91
-43 -42
-81 79
4 41
14 11
39 22
17 0
20 -20
> 20928 106795
-64 -26
-20 34
-48 51
20 12
42 -11
70 -60
> 8701 106568
-20 21
2 28
18 36
22 -3
43 9
-65 -91
> 10428 104028
-1 -42
-58 -88
2 -48
-36 18
-92 84
-214 66
32 30
50 -11
114 39
116 7
50 -19
37 -36
> 11290 102993
-14 18
-1 16
10 18
105 -8
-7 -29
-35 -13
-58 -2
> 11615 102533
-43 57
105 16
15 -37
-24 -23
-53 -13
> 12142 102319
10 -42
-33 -4
-138 29
-7 58
9 18
-18 52
24 -3
36 -19
48 -30
69 -59
> 1447 103818
-24 -113
-97 -55
-61 170
66 150
34 26
27 -35
24 -52
31 -91
> 2872 104185
-15 -15
-90 -41
-39 18
-7 26
11 49
42 1
98 -38
> 5468 100246
-21 -42
-164 -13
-16 73
28 25
115 50
28 -29
30 -64
> 6466 99848
-21 -26
-35 -73
17 -38
-9 -65
-51 11
-29 48
-75 39
9 39
41 40
-16 43
14 17
48 36
107 -71
> 6714 99654
-117 -47
-81 37
6 19
49 38
143 -47
> 9794 99983
-46 15
-36 28
-32 38
17 10
52 -1
43 -30
2 -60
> 9581 99954
-21 -14
-84 -9
-54 31
39 92
68 21
57 -4
-9 -28
4 -89
> 7917 98580
17 12
123 12
52 -75
-192 51
> 7965 98399
121 36
25 -84
55 -29
-30 -21
-210 -39
-150 34
6 20
47 41
-1 41
74 11
63 -10
> 9041 98251
10 57
29 4
59 -11
-9 -27
-35 -16
-54 -7
> 7207 93859
30 -37
-53 -138
-48 -28
-120 2
-15 51
-252 120
82 61
142 40
234 -71
> 7380 93655
-22 -41
-39 -17
-57 41
94 96
55 -42
-31 -37
> 8349 93097
-21 -19
-53 -14
-56 51
-7 56
38 -30
99 -44
> 8018 93375
-11 -41
-43 -25
-45 33
-42 23
1 78
21 4
49 -13
70 -59
> 8160 93512
54 20
11 -38
-53 -38
-63 5
-36 9
-20 2
-29 6
-5 12
38 47
103 -25
> 9205 92713
-40 4
-34 27
6 44
36 21
68 -23
3 -24
-13 -23
-26 -26
> 10897 92510
-31 -62
-72 -77
-43 -18
-100 24
-104 -7
-26 103
34 30
149 71
96 -20
97 -44
> 11463 92690
46 -50
-82 -6
-41 -38
-25 49
20 48
30 -6
52 3
> 12037 93017
-5 -21
-30 -41
-43 27
-60 80
138 -45
> 12939 92680
-139 6
65 32
84 13
13 -20
-5 -17
-18 -14
> 13336 93016
65 61
35 -10
109 -5
-1 -33
-58 -104
-128 -68
-127 3
-191 -51
-37 22
-124 -24
-58 -54
-41 -13
-111 19
-53 -27
-75 -11
-184 -2
-21 15
-33 44
-77 10
-10 -19
-1 -74
-23 -19
-80 -35
-98 -9
-64 -24
-19 -41
-58 -33
-40 26
-115 16
-179 92
-26 33
23 22
103 42
126 2
110 31
43 -1
22 -33
53 -16
42 38
44 13
102 68
47 12
208 -15
17 69
86 57
311 -25
92 -79
33 24
87 41
27 54
66 38
67 23
30 8
84 -58
> 11087 98527
-107 -50
-16 21
-5 21
3 23
125 -15
> 10953 98210
27 -43
-17 -24
-76 -63
11 75
-60 63
-94 34
-4 19
13 13
27 9
173 -83
> 10045 98221
-70 -81
-97 -22
-3 16
58 49
21 48
54 52
43 9
-6 -71
> 11645 98239
-78 -38
-95 -14
-15 22
-1 7
22 6
46 41
70 21
129 24
60 -8
-25 -22
-113 -39
> 12005 98525
79 -59
-23 -12
-162 20
6 42
20 60
32 34
48 -85
> 11860 98010
-164 11
-59 63
55 -9
41 6
24 -21
103 -50
> 11792 98376
-77 24
-31 -3
-117 38
0 30
-28 63
206 26
60 -30
-13 -148
> 12150 98137
41 -17
32 -2
38 10
18 -6
9 -17
4 -34
-12 -14
-48 -20
-68 38
-16 33
-3 17
5 12
> 12387 98045
7 -55
-48 -51
-24 13
-43 50
75 58
36 6
8 -6
-11 -15
> 12647 98396
31 -84
-66 -9
-101 28
-175 -17
0 20
18 47
120 78
97 9
0 -32
27 -22
49 -18
> 13202 98265
-13 -10
-85 -4
-90 8
-79 50
164 6
53 -16
37 -30
13 -4
> 16486 97579
19 -37
-8 -26
-36 -47
-155 11
-66 57
13 38
144 14
33 11
31 -7
25 -14
> 7548 99038
-52 30
-25 36
121 -26
45 -33
-11 -7
-78 0
> 15823 94733
-11 10
-18 41
25 21
73 33
41 -10
-110 -95
> 16075 94494
-81 -106
-146 24
98 65
73 89
122 53
65 -18
-53 -55
-78 -52
> 18866 93745
23 -127
-21 -130
-108 82
-84 104
8 17
32 27
92 28
58 -1
> 19893 93492
57 -79
-72 7
-72 25
-51 68
138 -21
> 20086 92915
-86 -2
-132 62
-39 48
95 -13
122 -50
40 -45
> 19481 93875
-6 -46
83 -114
-14 -27
-49 -44
-36 18
-43 70
-90 24
-27 59
33 87
33 32
43 13
21 -1
52 -71
> 21927 91851
-42 -16
-75 -15
-60 18
82 36
52 9
43 -22
0 -10
> 21723 91908
-14 -51
-135 16
-41 -14
-30 30
5 60
102 13
73 -13
39 -15
1 -26
> 22520 91079
-415 -34
70 106
108 27
82 -20
155 -79
> 22476 91411
-98 56
-25 43
29 47
43 -9
66 -25
86 -39
40 -28
-18 -17
-123 -28
> 23035 90580
-20 -44
-40 26
-29 42
-26 56
43 -18
72 -62
> 22785 90683
28 -11
51 -76
-29 -93
-87 20
-75 37
-55 5
-77 84
-96 26
-118 5
-262 -165
-11 89
35 174
71 52
231 36
94 2
154 -131
75 -38
71 -16
> 9631 79970
48 -58
62 -24
3 -16
-10 -13
-19 -13
-29 11
-66 50
11 63
> 8975 79904
76 -29
15 -15
39 -112
-35 19
-43 54
-52 83
> 71140 -8344
-109 -177
-115 -444
-61 -134
-22 53
6 92
101 319
41 333
60 300
76 23
61 -22
-38 -343
> 19645 -154953
87 -36
16 -77
128 -20
118 -113
169 -423
113 -210
-16 -42
-93 -19
-153 73
-119 -89
-63 -79
-82 -61
-159 83
-208 75
-257 -15
-55 25
-103 200
-4 55
48 45
97 46
151 225
59 257
135 203
70 46
44 -37
77 -112
> 21177 -156917
23 -35
-12 -50
27 -212
15 -36
-49 -4
-29 -25
-39 -11
-15 269
-42 161
48 112
51 36
9 -30
13 -175
> 20840 -156104
45 -44
66 -130
-10 -76
-26 -107
18 -26
60 -45
41 -53
-9 -72
-76 -41
-48 8
-79 75
-32 71
11 64
-95 31
-88 11
-13 29
-6 99
30 75
16 128
70 93
42 24
35 -29
48 -85
> 21897 -160221
-54 -22
-39 8
-7 35
44 20
38 27
28 73
51 3
47 28
10 -52
-71 -63
-47 -57
> 21471 -157830
41 -24
41 2
148 -110
-9 -58
-92 -103
-15 -150
-52 34
-44 0
-112 101
-58 28
-7 31
4 98
52 -36
11 39
-12 10
-40 10
14 56
-50 53
-22 50
11 108
28 56
26 -19
44 -52
80 -15
-7 -44
6 -34
14 -31
> 22223 -159579
-83 -148
-98 -62
-52 41
-38 102
-42 37
-10 97
-24 51
56 88
42 29
77 14
54 29
49 -4
66 -47
3 -227
> 20930 -156942
-18 -109
-86 63
-68 15
-14 64
29 59
58 41
47 -39
27 -33
25 -61
> 51470 179182
58 -98
88 -176
40 -216
-12 -44
-57 99
-52 179
-163 352
1 174
28 -36
20 -122
49 -112
> 52030 179627
-50 -123
-47 -6
-39 52
-14 95
25 83
62 52
63 -153
> 52110 177564
-92 -43
-26 -43
-16 -97
-73 -131
-19 11
-43 68
42 86
65 179
46 2
66 57
43 17
11 -33
-4 -73
> 52504 173658
-53 -141
-13 -92
-33 -23
-14 214
-34 42
3 65
87 22
48 31
9 -118
> 52852 173436
91 -184
53 -150
-16 -118
33 -172
-5 -134
-70 -183
-31 100
-21 127
-89 54
-45 159
62 145
-3 79
15 144
-1 45
10 47
17 41
> 60398 -172388
-6 -138
65 -216
49 -118
101 -64
-39 -124
-75 -26
-30 116
-134 322
2 239
-32 165
45 -46
54 -110
> 57203 -170387
-14 1
-35 28
-17 94
47 103
58 45
-39 -271
> 55352 -160493
-18 -24
-25 36
-50 138
79 14
19 -33
-5 -131
> 55308 -160583
55 31
18 -1
-3 -21
-56 -65
-8 -31
1 -15
44 19
20 -6
19 -24
7 -28
-22 -65
-48 -51
-24 -7
-137 22
-29 30
26 44
7 49
-19 93
26 121
12 5
36 -48
75 -52
> 54932 -162434
-36 18
-23 25
-31 69
5 24
20 25
65 39
23 -4
28 -27
0 -29
-51 -140
> 54495 -162821
-51 9
-42 79
-22 92
21 87
46 -54
15 -37
33 -176
> 55059 -159462
-24 4
-57 37
-11 27
5 32
28 -1
41 -27
18 -72
> 55221 -159898
43 27
9 -16
-5 -33
-70 -62
-5 -57
-59 -63
-14 -32
3 -38
-66 20
-19 -2
-28 -10
-87 -63
19 57
102 132
23 39
12 46
28 19
22 61
16 19
37 15
39 -59
> 55152 -159515
74 -30
-8 -30
-36 -20
-17 7
-39 -10
-2 -42
-22 5
-27 -13
-18 30
24 57
-21 26
12 15
80 5
> 52851 -169983
-21 -9
-24 11
8 104
-22 154
15 15
40 16
20 -19
17 -44
-1 -66
-32 -162
> 52698 -170682
-67 -109
-30 -36
-39 11
-12 19
31 64
12 41
0 43
17 35
32 27
26 2
17 -23
13 -74
> 54152 -165764
55 -129
4 -73
-20 -75
-22 -47
-24 -18
-31 3
-60 46
-7 21
12 103
-10 23
4 31
18 37
10 104
19 45
20 -11
32 -60
> 54208 -165442
14 -46
52 -46
11 -17
-6 -39
-26 -64
-69 33
-44 6
-11 10
8 44
44 93
16 60
11 -34
> 53485 -167805
23 -23
50 -158
-1 -87
-24 -120
-33 -95
-42 -69
-49 -39
-55 -9
-32 8
-18 34
-21 -17
-26 -57
9 -135
-10 -67
-29 -51
-52 -70
-26 -18
-70 -5
-34 -13
-25 -40
-69 -73
-41 -65
-46 -99
-32 -16
2 23
123 325
6 42
53 102
20 48
7 43
41 60
76 76
78 99
107 307
42 99
48 22
50 38
> 53610 -166522
42 78
22 89
24 46
20 -30
3 -46
-20 -164
25 3
59 57
89 170
59 88
38 -105
28 -36
-21 -28
-53 -43
-41 -54
-31 -75
48 -43
95 -12
10 -46
-4 -61
-24 -115
-15 -129
-21 -60
-36 -52
-33 -28
-30 -3
-30 15
-30 35
-14 44
2 54
-12 83
-26 113
-20 36
-28 -63
-39 -5
-5 -10
7 -19
49 -56
1 -122
-43 -26
-19 -50
-110 -44
-31 -68
-58 -220
-43 -106
-7 -109
-16 -71
-47 -99
-24 28
-40 112
-1 40
14 37
3 70
16 42
34 51
16 48
-1 44
9 37
21 29
37 117
39 193
6 110
23 81
61 68
73 180
> 53784 -166234
-16 -17
-23 2
-25 25
3 14
34 26
30 45
46 36
10 -11
-7 -41
-14 -33
-38 -46
> 52388 -172470
-34 -74
-28 -38
-53 -38
-16 81
15 74
58 151
43 -69
15 -87
> 52096 -173357
40 -196
8 -104
-26 -122
-14 -15
27 -145
-8 -53
-19 2
-32 60
-18 51
-6 43
15 163
-21 212
4 93
22 136
-6 53
17 156
12 -1
9 -89
-4 -244
> 52420 -174169
-42 -138
-36 -58
-25 -71
-21 30
-27 147
-53 -47
-32 -168
-49 -194
-41 -248
-47 -202
-9 -96
-16 -82
-28 82
41 537
43 333
57 223
65 -58
23 16
23 108
44 25
42 12
35 -28
53 -123
> 51886 -176194
-51 -10
-45 111
22 84
31 -63
43 -122
> 51792 -176287
11 7
58 -99
-20 -35
-81 18
-27 46
59 63
> 51833 -176588
34 -5
53 41
24 2
38 -47
4 -101
-91 -47
-55 9
-21 -38
-29 -100
-186 -88
72 125
-46 66
82 213
34 47
-15 41
5 18
18 15
66 0
17 -36
-4 -115
> 51973 -176045
29 23
27 47
20 -13
33 -43
18 -46
-1 -79
-43 -29
-26 7
-26 35
-31 98
> 51841 -177210
-36 -47
-29 -78
-55 -333
-20 -2
-24 15
17 77
7 103
4 93
-11 152
10 53
13 29
90 13
29 14
31 41
35 17
27 -47
1 -21
-21 -35
-68 -44
> 51826 -177644
14 -156
20 -66
58 -88
-2 -163
-13 -51
-21 -27
-34 42
-47 108
-37 59
-26 9
-21 -23
-26 -78
-18 19
-56 134
-1 24
34 22
36 52
92 56
24 46
24 81
> -53027 73586
27 -198
34 -83
-10 -54
-13 3
-32 31
-9 51
-117 77
-37 52
-1 123
48 119
7 88
17 43
22 -107
64 -145
> -49067 69221
8 61
25 39
83 74
61 -26
11 -103
-4 -99
-36 -17
-38 20
-34 34
-43 -2
-33 19
> -46327 51742
-47 -83
-54 38
-21 65
9 73
45 -20
36 -31
32 -42
> -46908 37590
-38 22
-17 202
19 43
42 31
17 -15
47 -83
14 -105
-25 -35
-59 -60
> 36345 27914
-68 -99
-63 -41
-42 -58
-31 3
-72 38
-112 -41
-46 30
-3 25
21 72
119 123
17 122
65 -20
80 76
160 86
64 2
-8 -61
-81 -257
> 35629 27157
85 50
106 16
-31 -65
-63 -2
-128 -85
-87 45
-55 -17
-47 39
56 38
14 58
80 -25
70 -52
> 36641 27862
-6 -25
-27 -51
-24 2
-46 50
16 22
29 9
40 1
18 -8
> 37002 27040
8 -24
42 -49
35 -78
-62 49
-80 -18
14 100
17 15
26 5
> 36840 27061
-66 -105
-48 -38
1 32
44 84
7 117
31 42
60 159
36 -86
-6 -51
-59 -154
> 37070 25362
-86 34
-54 61
38 89
71 38
114 4
32 -24
11 -39
-126 -163
> 37138 25275
11 -40
-42 -89
-72 -41
-35 28
-9 66
77 80
16 -8
54 4
> 36442 25415
-37 -2
-26 -16
-20 -26
-19 65
53 46
42 -15
39 -58
-9 -12
-23 18
> 36658 25364
16 18
43 25
72 -111
-31 -36
-36 29
-64 75
> 37782 26982
-4 -35
33 -123
-1 -81
-29 -104
-57 -58
-14 32
-5 108
-48 67
-12 57
55 133
9 77
61 -15
12 -58
> 37638 26212
-3 -126
-69 -89
-40 -15
3 47
40 176
51 92
54 54
-1 -25
-35 -114
> 36887 25942
-39 -90
-23 -18
-18 -37
-17 -54
-8 28
8 88
90 126
23 79
34 -63
-50 -59
> 36581 26337
14 -67
-48 0
-36 61
51 51
23 79
39 -40
15 -51
-31 14
-27 -47
> 37601 24277
-73 12
49 67
72 45
34 -22
-5 -59
-77 -43
> 37383 24398
-69 -19
30 57
64 45
42 -32
25 -18
-25 -36
-30 -25
-37 28
> 36713 24425
31 -68
-21 -12
-67 -19
28 205
21 7
59 -2
-17 -76
-18 -10
-16 -25
> 37494 24943
15 -36
-63 -12
-39 1
-16 16
-1 26
104 5
> 37858 24948
47 8
9 -101
76 -65
-2 -27
-26 -63
-63 14
-28 53
-47 32
-53 85
-79 78
68 30
37 -12
61 -32
> 37545 25156
-10 63
65 37
31 -31
17 -133
33 -53
-4 -43
-31 20
-32 36
-69 104
> 36959 24676
-42 27
4 18
28 42
75 -47
-2 -35
-23 -10
-40 5
> 38602 26012
-28 -166
-66 5
-92 109
-62 31
-51 -38
-33 -79
-27 18
-81 107
56 95
16 9
46 8
23 46
165 -7
18 -9
55 19
4 -50
57 -98
> 39172 26531
98 -138
59 17
54 -62
-9 -183
-42 0
-28 -77
-19 -62
3 -116
-88 -66
-21 11
-40 51
-43 166
98 104
4 97
-34 -28
-83 -137
-55 53
-52 229
-1 79
21 78
37 -44
44 -14
-11 43
-33 52
18 12
61 -18
62 -47
> 39081 23735
33 45
95 -186
-114 72
-14 69
> 39268 23971
-42 -83
-79 -47
11 47
43 52
67 31
> 38879 24581
63 -17
38 -78
-18 -13
-73 -12
-57 105
-13 -1
-30 -24
-4 28
24 106
70 -94
> 40516 25569
-33 -121
-83 125
27 113
37 -22
28 -40
24 -55
> 40016 25374
-31 -26
-29 -62
49 -52
-5 -176
-24 -6
-66 13
-58 -3
-26 64
4 59
19 18
44 21
1 25
-40 3
-31 11
-17 36
2 58
83 15
59 28
33 38
52 11
-19 -75
> 40793 24623
-24 -37
-82 -69
-40 -1
-68 130
36 128
44 -5
45 17
26 -12
56 -55
7 -96
> 40196 25741
-60 -72
-31 71
31 230
42 7
60 -59
-4 -43
-38 -134
> 11197 -16067
2 -20
-8 -18
-24 -39
-36 -32
-1 -19
-17 -41
-19 5
-49 36
14 80
25 43
34 19
79 -14
> 19802 -16420
-92 -57
-64 11
-37 28
97 65
160 29
-17 -49
-47 -27
> 32758 -16693
16 -81
67 -155
-25 -125
53 -137
-62 -50
-40 15
-45 55
-59 153
-15 181
62 72
48 72
> 11095 -15963
-8 12
-28 -13
-4 59
27 9
66 -9
13 -4
32 -29
-13 -8
-85 -17
> 28380 -16334
148 215
48 -5
-18 -195
-145 -198
-13 -40
-30 -195
6 -91
-36 -62
-47 39
-144 71
-142 137
25 115
30 47
89 78
229 84
> 29144 -13535
-25 -115
-63 -138
-43 -36
-144 -36
-24 76
66 68
49 161
47 77
144 24
47 31
39 -41
-26 -37
-67 -34
> 28617 -14028
-210 -125
-191 -79
-86 -124
-29 -136
-19 23
-26 136
113 136
84 269
156 65
176 35
106 1
47 -30
7 -29
-4 -68
-34 -49
-90 -25
> 7637 -12615
-15 -239
-51 -98
-96 345
-65 66
26 15
99 25
47 -11
25 -32
30 -71
> 28147 -15401
12 -14
-5 -18
-17 -20
17 -230
-90 -38
-70 -88
-106 2
-104 97
-26 54
-11 97
64 122
64 48
118 6
78 -24
76 6
> 11302 -15717
-33 -38
-74 -25
-13 13
-7 42
40 0
19 38
24 20
28 9
10 -14
6 -45
> 11618 -15537
-85 -83
-19 57
23 10
17 27
14 42
64 2
-14 -55
> 17095 -24980
81 -55
18 -78
-103 -224
-23 -5
-53 20
-79 14
-10 41
20 97
103 153
46 37
> 16913 -24991
-42 -79
-38 -23
-36 73
-3 51
24 82
28 -5
76 -44
-9 -55
> 28118 -17325
-80 51
-24 49
8 40
61 84
28 -3
45 -26
43 -84
4 -45
-27 -31
-58 -35
> 11434 -15949
32 47
123 -13
9 -50
-71 -54
-50 -4
-28 26
-15 48
> 11773 -16102
-13 64
122 52
5 -36
-10 -130
-31 5
-73 45
> 27768 -18043
-7 -118
-33 25
-21 29
-61 122
164 97
40 -37
-82 -118
> 16169 -22693
53 -56
4 -54
-7 -31
18 -84
-89 2
-103 -43
-52 75
-7 63
57 111
70 28
56 -11
> 15019 -24329
19 -63
-58 -105
-49 -20
-57 25
-39 51
-17 55
38 78
74 12
89 -33
> 28845 -17929
-87 -72
-193 119
-79 23
7 25
76 76
47 14
73 -8
35 25
63 -18
60 -53
-2 -131
> 16645 -24271
33 -106
-14 -16
-46 -5
-125 76
83 39
23 40
-38 149
11 61
21 -13
30 -42
22 -183
> 16732 -22904
112 -1
-3 -28
-32 -58
-108 10
-18 22
-75 39
51 32
73 -16
> 15324 -23210
-67 -37
-16 5
-63 -10
-45 42
4 28
30 66
101 -3
50 -19
6 -72
> 15139 -23535
22 -45
111 -121
45 -6
12 -41
-18 -11
-67 5
-78 -29
-89 -2
-116 80
-38 68
-7 132
92 61
131 -91
> -12082 44476
11 -24
-22 -39
-27 -6
-46 -28
-7 -45
8 -42
-6 -72
-81 157
-83 83
-22 45
33 21
104 1
138 -51
> -12256 43704
9 -73
-41 2
-55 31
-25 195
61 -70
51 -85
> -12709 45135
56 -43
-48 -49
-85 51
-49 -6
-61 -19
-62 19
-27 30
8 62
57 -1
72 30
24 -5
72 19
39 -64
4 -24
> -11614 43379
205 14
41 -51
-7 -43
-16 -18
-41 -25
-320 -29
-92 76
-14 52
-57 92
14 19
39 26
109 -44
139 -69
> -7730 39847
-102 -130
-69 -56
-35 -58
-42 33
-13 21
14 54
65 51
11 62
173 74
79 9
-14 -16
-67 -44
> -2110 40976
-57 -19
9 37
58 124
15 19
15 2
17 -8
16 -45
-73 -110
> -6166 39488
51 -55
164 -65
139 -11
90 -48
-131 -42
-78 -75
-152 14
-90 -24
-102 61
-4 70
-86 70
17 41
-72 23
-34 34
2 28
25 54
40 10
212 -77
9 -8
> -20098 57737
108 -80
-7 -81
-59 -61
-88 -29
-40 -70
-45 -30
-109 -24
-68 3
-22 -47
-22 10
-54 55
-9 142
28 126
50 56
66 18
42 56
114 11
115 -55
> -20906 55662
26 -66
15 -146
-39 -139
-98 -61
-56 -17
-159 77
-57 53
-84 195
-11 98
30 141
61 25
139 17
118 -100
115 -77
> -13310 48351
112 -42
-7 -39
-51 -14
-4 -65
-125 21
-15 132
36 -2
54 9
> -16933 49856
-154 -32
184 112
208 87
-17 -37
-221 -130
> -15957 -5775
-47 -8
6 91
27 32
58 -2
7 -46
-51 -67
> -5444 39749
50 47
139 57
100 6
151 -3
47 15
51 -6
-39 -84
18 -108
-187 28
-255 -54
-38 26
-22 35
-15 41
> -4695 55481
-60 14
-31 48
93 -3
134 -84
-50 -73
-41 34
-45 64
> 3754 8760
4 -24
-22 -60
-67 -38
-89 -15
-98 -46
-14 -27
-17 -85
-28 -13
-91 -18
-38 11
-29 30
-48 177
7 52
81 59
95 29
228 154
77 5
53 -41
-4 -150
> 400 6626
-60 -102
-60 -46
-53 -10
-110 29
-51 23
-19 37
74 103
122 90
83 0
78 -63
-4 -61
> 1699 7414
-19 -26
-77 -57
-39 11
-22 45
26 37
63 28
31 -2
21 -13
16 -23
> 4527 7227
-132 -87
-7 64
30 97
69 27
12 -57
28 -44
> -23083 -44220
9 -23
-42 -31
-56 -86
-40 40
21 99
24 65
-2 58
27 -31
29 -63
30 -28
> -26219 -48498
49 -42
-120 -126
-124 63
12 19
22 16
67 37
94 33
> -27575 -48542
-237 -13
45 69
60 -11
141 87
115 32
51 -37
-36 -50
-60 -40
-79 -37
> -23825 -45233
42 -16
31 -23
24 -30
-168 -149
-39 38
20 110
-26 42
52 1
36 10
28 17
> 34820 11255
-75 -102
-63 -29
72 154
48 3
18 -26
> 33893 10922
-4 -177
-33 -11
-117 -12
-22 35
1 28
-31 72
3 26
27 48
5 27
24 35
39 45
20 -4
18 -16
70 -96
> 54185 -4412
40 20
44 54
124 -39
10 -19
4 -29
-30 -84
-110 -106
-42 -84
-106 -47
-46 -39
-4 19
12 70
-22 82
126 202
> 56661 -6570
-67 -99
-15 5
6 56
42 78
39 46
6 -22
-11 -64
> 55574 -5105
93 -55
24 -25
26 -67
-8 -66
-18 -28
-24 -25
-49 -22
-137 62
-24 54
-9 46
1 126
45 10
80 -10
> 56523 -5836
12 -111
75 -83
36 -73
4 -35
-7 -44
-31 -104
-13 -20
-30 -14
-17 9
-61 172
-134 -46
-18 -113
-18 -28
-27 13
-5 137
55 398
147 17
32 -75
> 55931 -6129
-26 -87
-49 -95
18 -33
-3 -31
-16 -38
-23 -32
-24 -18
-39 -3
-57 -30
-15 5
7 39
70 118
7 32
-8 16
-45 -16
-58 32
-51 -37
-12 2
0 52
51 165
37 33
28 -3
79 -35
129 -36
> 56045 -5939
-41 -34
-12 3
-17 58
-49 -129
-33 -31
-45 1
-25 11
-16 18
-3 51
11 21
191 173
113 72
1 -37
-11 -38
-64 -139
> 60720 -1093
-116 -73
-102 98
12 25
16 9
63 -1
54 -14
9 4
2 45
28 8
31 -14
3 -87
> 60485 -1236
-18 -51
71 -21
70 6
2 -62
-11 -50
-69 -84
-13 -55
-23 -19
-13 23
-12 99
-136 75
-41 -119
6 -83
-15 -87
-21 4
-25 19
-8 28
2 96
-9 18
-28 2
-21 16
17 72
-2 86
-35 32
-38 15
-75 -24
-129 -56
-32 57
8 15
84 39
36 46
107 20
10 13
53 13
30 19
175 68
62 14
-26 -66
0 -40
67 -78
> 60684 -825
32 -1
84 52
12 0
19 -28
1 -21
-26 -42
10 -26
-6 -25
-13 -12
-51 -10
-49 16
-10 13
-3 84
> 58905 -3272
14 -85
-9 -38
-28 -6
-42 34
-58 88
-1 57
13 57
7 6
13 -53
12 -10
31 -6
48 -44
> 53417 -4315
2 -147
-33 -106
-126 15
-84 81
2 53
-44 46
38 94
46 79
46 116
42 35
-3 -106
18 -42
96 -118
> 59304 -2536
-15 -68
-59 -58
1 113
40 119
27 23
6 -129
> 58823 -3035
-66 60
-18 36
3 10
58 16
28 17
8 -45
-13 -94
> 58982 -2818
3 -67
21 -110
-1 -76
25 14
28 37
18 1
23 -32
37 -105
8 -93
-13 -61
-66 -37
-46 -7
-32 7
-16 15
-4 28
33 62
-10 9
-34 0
-17 10
-14 22
-6 34
20 172
-48 131
2 38
14 33
49 31
26 -56
> 61862 -6662
33 -129
9 -51
-5 -43
-37 21
-21 25
-26 75
-46 94
-1 27
38 20
21 -3
35 -36
> 61496 -6704
40 -37
35 0
13 -29
19 -112
28 -24
3 -29
-31 6
-68 41
-83 117
-34 68
-4 23
31 -19
51 -5
> 62075 -7379
-29 124
-6 76
7 62
26 52
28 -32
38 -90
12 -48
-12 -102
1 -86
-65 44
> 62094 -7014
-117 204
-26 85
13 11
26 -9
90 -86
15 -29
24 -3
20 18
-8 54
-37 73
0 40
134 25
38 -173
50 -155
-30 -213
-192 158
> 59274 -2964
-27 103
-65 9
-20 37
25 86
32 9
8 -11
14 -84
47 -47
59 -114
-13 -66
-10 -10
-33 39
-17 49
> 62187 -6454
72 48
33 -67
64 -82
-78 3
-53 -7
-19 15
-8 19
-11 71
> 57827 -6854
1 57
83 114
30 105
80 153
20 23
35 -1
16 -34
1 -118
48 136
44 43
4 50
174 127
72 5
54 -25
14 -18
-16 -60
-104 -247
-61 -198
-20 -34
-18 -12
-86 63
-9 -1
7 -86
-13 -74
35 -64
11 -62
-7 -16
-20 -17
-20 -40
-44 -11
-43 8
-16 11
-7 39
-17 21
-5 32
-32 -67
-15 -5
-28 54
-42 139
-9 7
-30 -87
-29 -12
-51 -127
-52 70
-12 30
0 26
23 47
54 56
> 57018 -6433
-47 50
-17 37
-2 37
13 30
20 18
25 0
21 -17
20 -44
-33 -111
> 57238 -6362
-36 39
-18 57
-2 103
19 129
-149 19
-8 28
1 38
18 35
84 119
51 99
29 27
26 -3
16 -34
-6 -174
21 -188
18 -25
12 -43
40 -5
55 -23
52 18
44 1
80 -21
66 -81
21 -59
-5 -52
-64 -21
-40 -238
-10 2
-32 32
-14 0
-16 -23
-8 -37
13 -61
-37 -49
-17 -8
-30 20
-49 66
-36 233
-89 80
> 57683 -7206
-26 -65
6 -54
-18 -67
11 -48
-3 -30
-17 -29
-20 -17
-14 1
-68 194
-1 138
94 90
56 -113
> 57384 -7296
-3 -115
-83 4
-69 -15
-37 6
-61 35
-16 34
-5 55
5 42
11 2
246 -19
12 -29
> 54005 -10140
12 -41
-39 -85
-18 204
-40 35
-35 74
28 5
74 -8
16 -40
2 -144
> 57007 -7523
-35 -20
-12 6
-8 32
13 88
18 18
17 -8
19 -48
-12 -68
> 60393 21908
9 42
36 -43
32 -80
-18 -8
-40 27
-11 -40
-19 13
-50 102
5 73
18 -14
38 -72
> 60244 19551
-59 -32
-40 18
-10 43
28 20
7 29
-5 38
22 -5
59 -33
-2 -78
> 60193 20073
8 52
-9 30
2 40
67 64
22 -19
11 -56
21 -16
38 -81
6 -53
-8 -14
0 -30
7 -45
48 -57
-16 -65
-36 -35
-22 24
-13 43
-17 17
-34 -5
-47 -19
-8 -63
73 -6
-4 -42
-14 -50
-35 -15
-134 74
-17 54
12 234
58 -2
29 11
12 30
> 63262 21366
-34 -79
-5 -58
18 -11
18 4
19 14
0 -152
-79 65
-47 104
11 57
16 8
28 49
-8 11
-2 38
49 6
16 -56
> 57981 19135
-70 -96
-46 48
-5 51
63 18
40 175
15 -50
3 -146
> 57250 16961
-75 -59
-84 -37
-189 -137
-25 -98
-308 -218
-85 -18
-173 7
-67 31
-4 45
51 52
514 249
36 60
144 46
223 170
21 4
51 -8
40 68
12 -29
13 -64
-27 -29
-68 -35
> 55297 14765
-59 -51
-136 -30
-69 202
-28 165
17 37
65 49
58 -4
152 -368
> 54425 13602
39 -22
24 23
47 68
25 -13
17 -22
38 -145
35 -41
49 -27
-2 -86
-59 -97
-55 -9
-39 -54
-35 4
-112 -25
-32 6
-39 28
-80 174
4 51
87 67
1 113
-57 112
34 27
68 -25
42 -107
> 55041 12310
23 -36
-43 -15
-27 -39
-19 -58
-16 -18
-45 -25
-22 65
70 174
-11 153
15 38
31 -36
20 -43
14 -53
10 -107
> 55615 12520
-59 31
-2 21
43 94
50 -18
32 -28
1 -21
-30 -29
-35 -50
> 54833 11658
-3 -120
62 -177
60 -103
-11 -199
-48 -17
-120 -6
-144 421
33 129
-8 94
25 86
89 -7
39 -19
26 -82
> 54906 10347
43 -81
14 -66
-22 16
-82 125
-22 76
11 67
13 21
36 -91
9 -67
> 55069 9781
-9 -10
-154 35
-9 98
-25 53
14 104
22 -3
78 -59
72 -169
11 -49
> 54962 10738
-59 -46
-52 -70
-25 7
-81 61
6 44
49 31
262 156
94 30
2 -26
-106 -68
-90 -119
> 55784 10527
-19 63
18 17
51 20
44 35
36 -26
78 -89
-33 -31
-52 28
-59 -24
-64 7
> 54533 11085
-18 -42
-49 -31
-10 59
-40 58
2 154
20 -3
63 -46
32 -149
> 57309 10935
-47 -61
-33 137
24 41
24 25
46 98
7 -89
-21 -151
> 55055 8451
4 -46
-151 -109
-141 -11
20 23
61 39
17 254
27 29
8 -250
29 -9
57 19
29 14
40 47
> 46050 -1389
-17 0
-65 20
-71 89
-80 66
87 36
99 -107
47 -104
> 50773 -1313
-39 -73
-31 -130
-37 -47
4 48
-81 209
0 55
10 55
16 20
41 27
34 83
45 -78
38 -169
> 53091 4740
-55 -31
-16 18
-20 60
71 99
112 0
-92 -146
> 42822 10359
6 -73
-12 -38
-6 -120
-25 -18
-43 21
-5 78
24 127
-48 83
58 -9
26 22
22 -4
39 -33
-36 -36
> 39116 8367
-17 -8
-60 2
-70 60
99 58
23 -38
25 -74
> 41102 8344
20 -24
-23 -53
-68 -43
-34 -18
-3 47
46 33
23 33
39 25
> 40075 4059
-12 -206
-27 -8
-60 -2
-17 24
-13 101
-116 307
12 19
56 28
19 -7
115 -89
43 -167
> 38740 1417
-29 -15
-40 4
0 99
-12 66
13 23
29 -1
11 -96
56 -61
-28 -19
> 39081 1349
-50 -46
-49 -3
-9 -44
-69 -33
-25 34
-22 152
62 36
14 50
106 129
48 -11
34 -49
-40 -215
> 39497 -31261
-103 -22
-18 25
-17 77
48 44
72 -2
42 -61
-24 -61
> 38790 -27127
13 -133
-14 -91
-23 -35
-68 24
-37 59
-27 208
9 20
36 33
62 0
49 -85
> 38744 -28311
-89 124
-34 95
-77 266
12 48
80 -185
108 -348
> 38638 -28698
-40 -144
-76 98
3 103
26 35
35 -18
28 -31
24 -43
> 38553 -28402
0 -108
-34 -39
-56 18
-54 77
4 122
-28 101
19 41
9 125
40 -82
100 -255
> 37834 -25585
7 -64
70 -135
-17 -62
-22 -2
-46 14
-63 100
-48 295
20 188
29 60
74 9
11 -85
-15 -318
> 35957 14448
21 -97
-106 1
-50 84
-2 97
33 33
33 -29
71 -89
> 44062 15231
96 -165
-20 9
-45 47
-66 125
35 -16
> 45065 14739
25 -38
88 -71
47 -59
-78 -46
-48 -87
-20 12
-44 62
-10 101
-31 15
-38 59
21 123
88 -71
> 44715 14857
44 -26
62 -67
24 -10
3 -63
-24 -19
-24 -12
-30 18
-15 84
-40 95
> 44486 14913
-52 83
-41 43
-35 59
-49 65
27 25
12 26
2 26
86 -127
98 -107
77 -108
7 -43
31 -51
48 -62
-32 18
-120 125
-59 28
> 44117 14953
51 -88
-42 26
-219 245
5 14
-14 52
10 1
14 -14
195 -236
> 43915 15374
-15 63
74 -66
37 -101
-50 39
-46 65
> 44725 14468
144 -15
101 14
61 -73
50 -25
86 -11
-2 -27
-20 -45
-125 54
-40 2
-40 -39
-40 9
-142 77
-88 31
-49 60
39 8
33 -5
32 -15
> 42799 17390
-9 -46
-90 400
69 -136
31 -176
-1 -42
> 38142 20789
104 -94
22 -70
115 -13
92 -49
-18 -13
-62 -2
-63 -28
-14 -39
38 -46
-19 -26
-115 -57
-42 1
8 38
46 61
-15 21
-35 26
-20 -3
-57 28
-9 45
22 37
-49 155
18 20
53 8
> 37841 20840
12 -81
77 -67
-75 -72
-32 15
-80 69
-78 115
67 90
-24 85
97 -106
36 -48
> 38601 20648
8 39
29 28
161 5
45 -26
-26 -59
-58 -43
-98 -34
-79 -3
19 29
4 30
-5 34
> 38451 20701
25 -26
8 -25
-4 -26
-66 22
-95 63
10 50
37 -20
33 -27
27 -11
25 0
> 39470 19955
36 -28
94 -24
19 1
49 -57
25 15
54 75
27 -11
23 -34
23 -53
-22 -132
-31 -61
-41 3
-141 160
-123 75
-51 91
-34 125
56 -22
9 -50
28 -73
> 37901 23511
25 40
44 -16
16 -19
5 -32
-11 -22
-39 -23
-10 -20
-20 16
-9 32
-1 44
> 36384 22950
-15 -17
-49 -27
-99 5
-45 28
-30 103
44 12
57 43
81 -99
56 -48
> 51739 3949
7 -160
-16 -90
-20 0
-32 33
16 87
-67 132
22 124
18 -7
18 -21
54 -98
> 69855 -51350
-51 31
-72 -20
-58 24
-122 81
-27 32
-8 32
35 156
31 44
35 -8
46 11
93 55
41 158
31 56
20 19
60 -261
15 -155
-10 -114
-59 -141
> 65722 -37048
-27 -175
-85 -15
-79 51
1 156
44 44
87 34
59 -95
> 71034 -53629
7 94
15 47
27 33
32 18
38 5
33 -9
64 -71
47 -72
-14 -117
-76 -161
-51 -85
-28 -11
-24 17
-19 43
-51 269
> 72568 -55524
116 250
39 116
68 141
30 -16
21 -173
-17 -29
-36 -193
-8 -88
-1 -58
14 -92
-12 -328
-29 -84
-34 -137
-51 74
-12 98
12 107
-6 67
-10 42
-16 13
-19 33
-7 94
-31 53
-15 67
4 43
> 70976 -51970
-8 -137
-64 -41
-22 4
-11 25
-18 310
2 134
14 68
23 -24
50 -176
34 -163
> 60909 -46394
-129 -396
-22 2
8 122
-25 113
-54 57
-27 114
121 115
61 13
47 35
55 14
-35 -189
> 49365 -126115
15 -94
-41 -22
-43 1
-18 43
-14 123
90 -28
11 -23
> 47422 -122507
-64 -3
32 41
-4 11
-27 1
-4 20
18 38
22 5
51 -48
44 -27
-1 -17
-67 -21
> 47691 -122517
13 -33
-6 -10
-31 -14
-48 -2
-21 18
-23 55
20 6
88 -11
8 -9
> 48707 -122918
-28 -59
-27 -26
-25 17
-33 93
18 6
53 -16
-4 20
-34 45
3 29
21 40
22 -13
37 -116
-3 -20
> 48549 -122869
3 -16
-14 -27
-53 -20
-28 10
-22 32
-13 53
9 16
21 6
50 -47
47 -7
> 48613 -123114
-7 -48
-19 -8
-61 17
-18 13
-19 46
-21 107
33 -26
37 -11
75 -90
> 48080 -122503
-55 -21
132 -49
43 -25
14 -26
15 -73
12 5
53 150
27 6
39 -36
21 -32
3 -25
-33 -40
-70 -56
-42 -24
-14 7
-51 52
-18 33
-5 34
-22 17
-74 3
-25 12
-38 33
-11 66
-17 30
-33 24
-13 27
5 28
16 16
46 0
95 -136
> 49667 -124494
-33 37
-46 95
-78 222
21 -14
136 -155
61 -112
37 -126
10 -76
-17 -27
-22 19
-50 113
-19 24
> 48875 -123385
11 13
22 -6
47 -104
140 -207
-56 43
-93 105
-71 156
> 48867 -123468
55 -87
4 -27
-176 64
-18 18
-3 23
25 42
2 28
37 -16
53 -65
21 20
> 50030 -124978
41 70
13 1
48 -9
34 -22
51 -53
-21 4
-21 -9
-41 -30
-113 24
9 24
> 49844 -126738
28 -88
-34 -100
-55 29
-20 -8
-13 -35
-14 -11
-18 12
-76 125
-29 71
-12 63
5 39
21 15
48 -2
71 -22
62 -48
36 -40
> 50320 -125126
20 -14
50 -56
28 -65
-4 -40
-60 -44
-42 -13
-182 98
-86 65
53 11
66 71
58 39
47 -17
52 -35
> 32960 -118507
73 -50
-22 -33
-75 61
-97 56
-20 64
9 59
21 -33
111 -124
> 29131 -118312
52 0
5 -56
-25 -33
-51 1
-208 115
38 42
101 -4
43 -19
45 -46
> 34014 -120252
-96 85
-13 53
14 70
54 60
12 -10
42 -78
-13 -180
> 34028 -119679
52 -203
-12 -36
-36 26
-37 7
-27 75
39 248
21 13
25 -20
-25 -110
> 33357 -118469
-40 23
4 76
-9 73
74 -51
29 -44
62 -163
-13 -14
-27 6
-5 4
-5 52
-14 15
-56 23
> 41467 -71393
18 28
57 11
30 -10
-1 -20
-56 -19
-48 10
> 39529 -74250
152 117
65 26
-188 -146
-29 3
> 40615 -74188
-96 -48
4 48
19 49
44 59
29 13
34 -2
9 -31
-43 -88
> 32308 -64771
-34 -92
-12 18
-2 25
33 90
89 62
5 -27
-79 -76
> 41449 -70674
-75 -86
-15 -69
-32 44
49 275
39 -15
42 -91
-8 -58
> 41469 -71346
-4 55
27 50
162 9
-16 -32
-18 -16
-60 -27
-54 -11
-37 -28
> 41328 -70063
-10 -24
-32 -146
-37 178
17 77
33 -8
98 -55
-23 -3
-46 -19
> 35190 -75782
-16 -83
-51 -119
-4 20
71 182
> 35836 -75651
20 15
25 -1
29 -12
36 -68
-110 66
> 38072 -75226
-35 -26
-165 -127
16 46
152 107
32 23
109 67
117 38
-58 -39
-168 -89
> 35769 -75504
-34 0
-163 23
-93 -7
-200 -48
-57 -154
-9 12
27 134
40 35
169 44
115 9
153 -23
52 -25
> 34756 -76437
-125 -92
12 25
161 146
135 151
-24 -49
-159 -181
> 28333 -96519
-103 -163
-28 -74
-54 -45
5 37
123 220
62 131
44 9
-6 -15
-35 -34
-8 -66
> 27523 -97295
-195 -81
-85 -9
57 31
241 103
281 190
-43 -69
-256 -165
> 29136 -95090
10 50
107 175
86 97
2 -58
-51 -46
-154 -218
> 27196 -97386
-96 -21
-279 5
-491 135
-217 82
46 14
141 -31
501 -149
395 -35
> 29638 -85049
-5 -68
-26 109
36 100
89 171
-14 -75
-39 -65
-52 -124
11 -48
> 30728 -81463
243 44
-24 -32
-49 -34
-84 2
-86 20
> 30169 -89185
-58 -91
-17 -12
-15 -22
-16 -32
-2 73
-23 49
46 -4
42 13
43 26
> 29597 -91796
44 -79
3 -50
-34 -82
-37 11
-87 165
15 37
38 32
28 8
18 -14
12 -28
> 29928 -88828
-152 -28
32 29
125 14
67 -13
57 -41
-129 39
> 23939 -77532
23 -5
26 5
149 -30
79 -53
-98 -68
45 -72
64 99
22 -2
39 -43
-18 -56
-12 -93
-16 -34
11 -66
-33 -50
-129 86
-51 62
-156 46
-22 30
-109 5
-14 197
130 55
42 -2
28 -11
> 22083 -77774
9 -81
-4 -64
-51 19
-49 77
-18 39
-4 29
-45 45
31 41
44 23
58 12
29 -140
> 22285 -78027
21 -35
81 -32
44 -57
7 -50
-14 -73
-22 4
-22 44
-58 46
-16 78
-37 54
16 21
> 22455 -78284
84 -67
8 -49
-3 -45
-13 -48
21 -137
-18 -66
-25 22
-21 45
-24 81
-4 123
-15 35
0 47
10 59
> 26846 -77511
-228 181
-57 91
-72 33
-64 -24
-63 9
-73 -27
-133 1
-60 -47
-71 -109
-29 70
-101 87
9 20
51 35
285 24
93 129
197 -28
67 -96
42 -95
24 -12
26 3
23 -30
36 -73
88 -80
67 -85
11 -138
22 -116
4 -75
-36 -81
-3 148
-55 285
> 22715 -74242
-50 143
41 64
17 -23
37 -117
52 -46
28 -86
-36 -7
-40 11
-52 28
3 33
> 24068 -74429
57 -21
2 -22
-22 -55
-136 -24
-9 42
108 80
> 20937 -73661
7 260
35 236
140 106
73 32
108 15
13 -46
-108 -79
-51 -98
2 -67
46 -123
-11 -98
-65 -62
-23 -95
-21 10
-20 2
-53 -19
-33 6
-39 20
> 22568 -73915
-41 9
-49 -30
-29 -59
-21 -15
-27 -42
-78 -75
-87 -134
-52 -16
30 70
92 114
55 118
177 138
143 -40
50 27
-15 -104
-34 -21
-47 -1
-67 61
> 25332 -76344
43 -140
112 -165
78 -62
-13 -16
-71 -22
-54 -32
16 88
-11 72
-90 121
-29 131
-91 85
-103 124
-93 7
-90 -51
-114 -10
-4 -106
-22 20
-42 59
-72 36
-33 35
111 -5
126 34
209 26
46 -12
50 -65
141 -152
> 23647 -75949
24 -61
-68 -27
-11 81
-121 175
-27 75
6 41
40 -89
53 -54
104 -141
> 23268 -75131
-63 -10
-12 -63
-28 -19
-48 91
-48 159
-200 126
25 7
106 -6
88 -91
62 -127
183 -45
106 -66
108 -42
121 -99
-78 6
-22 22
-93 47
-139 83
-68 27
> 24450 -75526
231 -128
17 -56
-9 -17
-34 -17
-65 83
-61 22
-38 46
-161 99
-64 85
-45 -3
-47 -69
-35 -22
1 35
19 99
-10 67
51 -6
227 -210
23 -8
> 22128 -77879
21 37
52 -47
14 -5
26 -76
61 -16
-3 -13
-51 -8
-47 -35
-35 30
-41 100
3 33
> 26548 -82201
-67 17
-34 39
-19 72
26 36
7 -79
16 -23
71 -62
> 24544 -78367
-61 109
-17 66
27 46
-81 10
-47 60
-78 31
48 62
34 102
34 28
60 108
33 10
90 -11
121 2
87 -96
149 -79
62 -54
80 -2
58 -58
59 -130
-11 -48
-169 52
-105 -25
-163 -115
-62 25
-5 14
-33 17
-64 -76
52 -20
-14 -96
-84 68
> 24689 -81562
-60 -17
-39 -52
10 64
14 35
28 0
47 -30
> 27376 -80262
-171 91
73 -16
401 -169
116 -40
56 -41
-208 61
-267 114
> 21821 -82682
69 -33
20 -41
33 -235
-110 -87
-42 -5
-199 109
-26 -33
-17 -48
25 -58
49 -67
-30 -4
-61 42
-63 75
-28 107
3 107
75 198
53 93
50 -6
145 -61
54 -53
> 26494 -82085
58 1
114 -37
35 -48
-109 33
-98 51
> 22681 -79382
126 -197
-2 -49
-17 30
-77 75
-73 175
26 -2
17 -32
> 26637 -78234
26 308
28 4
53 -22
-30 -145
9 -179
-21 -39
-4 -65
31 -121
69 -104
-72 -36
-21 12
-46 -12
-60 -79
-17 -86
91 -138
17 -50
-162 187
-27 55
6 73
52 155
78 282
> 25348 -80257
-7 -23
-44 -71
-63 -4
-55 -49
-30 -52
-47 -25
-101 -78
-47 -22
188 199
206 125
> 18140 -87849
14 -10
1 -39
-154 -55
-37 -6
-58 -39
19 47
215 102
> 17426 -87903
-103 -32
-40 5
140 77
57 55
44 9
22 -37
-45 -7
-38 -26
-37 -44
> 18676 -91816
-22 20
23 112
34 30
49 117
14 -13
4 -39
-102 -227
> 9334 -82244
47 11
49 -26
2 -17
-14 -46
-84 78
> 19363 -81285
-22 -11
-12 -41
20 -33
36 -21
-10 -28
-97 14
-6 101
5 27
27 52
1 118
42 -23
16 -155
> 20552 -86928
-62 -50
-108 -41
-110 28
31 51
165 131
84 54
27 -8
-20 -66
-7 -99
> 17353 -62714
50 -81
-17 -32
-21 -12
-18 -1
-8 1
-36 63
-17 74
-62 46
16 25
22 -10
29 -35
62 -38
> 14093 -60908
-20 -37
-62 -52
-95 -67
-50 -9
-83 12
-65 110
104 56
189 8
82 -21
> 14686 -60934
49 15
20 -8
1 -26
70 -74
49 -100
-3 -54
-23 -32
-45 -7
-152 79
-31 37
-19 93
-72 -79
-20 1
-43 25
7 165
-48 37
11 25
57 11
120 -44
31 -19
41 -45
> 10840 -60918
-8 -161
-29 -95
-6 -196
-33 -95
-16 -127
-30 -59
-19 16
-35 94
-25 42
-36 21
-64 13
-270 -34
-16 -30
-10 -104
-51 -28
-123 -245
16 134
-20 175
13 423
56 162
34 8
93 4
62 32
63 -48
96 -22
76 19
112 -15
46 37
124 79
> 12302 -68369
-44 -2
-30 23
-21 41
-35 20
-90 5
-50 28
113 48
86 -13
71 -150
> 11277 -60709
-69 -95
-39 -7
10 55
85 210
61 21
-1 -38
-47 -146
> 16810 -62176
-6 -15
-52 -32
-52 1
-19 68
59 6
70 -28
> 13318 -59592
-15 -55
-153 4
-48 32
-40 89
20 29
71 65
44 -60
121 -104
> 11068 -64007
-66 -21
4 -85
37 -72
43 -29
-6 -36
-28 -99
-70 -53
-20 40
-20 143
17 58
-58 60
-17 46
-3 61
7 76
88 91
24 10
131 -32
36 -44
-99 -114
> 18171 -63160
51 159
43 21
5 -46
-70 -127
-29 -7
> 12237 -61660
-52 -55
-76 -35
-63 -6
-38 -26
5 67
41 88
169 20
14 -53
> 17549 -61762
26 15
86 -3
29 -27
7 -43
17 -32
-10 -14
-19 -3
-89 25
-47 82
> 16006 -61250
-10 -25
-41 -43
-60 7
-9 25
4 56
31 27
39 -9
46 -38
> 17013 -61860
-16 112
40 32
12 21
21 9
28 0
7 -22
33 -31
31 -78
-71 -70
-35 5
-50 22
> 15373 -61251
154 -26
58 -43
48 -138
-30 -12
-78 -11
-125 65
-173 41
22 93
124 31
> 16256 -61173
107 -182
50 -41
55 -10
39 -65
-29 -40
-44 -18
-74 28
-60 -39
-72 18
-9 77
11 118
26 154
> 16326 -61642
29 -106
-15 -19
-39 -27
-239 35
-86 49
-14 40
45 80
41 26
179 -11
44 23
21 -45
34 -45
> 13203 -61135
91 11
65 -15
-3 -43
-25 -42
-43 -44
-78 -9
-68 73
16 29
45 40
> 22369 -72981
-9 92
-69 105
36 37
17 -16
42 -68
30 -114
-1 -34
14 -62
26 -86
-74 -35
-13 52
1 129
> 12159 -68827
72 -186
111 -64
31 -41
7 -41
-82 5
-156 159
-97 192
15 52
99 -76
> 21790 -71722
-38 57
13 4
23 24
45 -31
19 -138
-9 -42
-52 18
-1 108
> 21507 -72916
55 -79
-47 -68
-57 14
49 133
> 21864 -71955
-34 58
10 17
22 -20
90 -32
-2 -79
-32 -8
-25 34
-1 21
-28 9
> 21770 -72191
10 9
13 38
11 -6
-8 -69
55 -114
-56 -9
-37 7
-3 34
15 110
> 58671 -161085
-3 -46
-99 61
-8 78
16 73
218 204
-6 -54
-53 -217
-65 -99
> 57094 -153157
-1 23
32 127
4 74
11 25
12 0
15 -27
18 -350
-53 -69
-80 -21
-52 80
29 60
65 78
> 60504 -151960
-97 -44
-49 -65
4 48
12 34
99 100
17 -12
14 -61
> 58479 -152516
6 30
56 93
30 31
24 5
16 -11
8 -28
0 -67
-53 -142
-24 -32
-33 48
-30 73
> 57850 -153241
48 -49
35 -57
38 -134
-15 -39
-14 3
-33 52
-47 114
-33 56
-7 26
28 28
> 55830 -155737
-28 14
-10 42
-2 76
31 39
66 2
34 -9
3 -21
-11 -27
-83 -116
> 56601 -154518
-40 -106
-59 -105
-31 -32
-31 -16
-20 3
-8 23
24 68
85 172
52 66
25 -18
3 -55
> 56609 -154217
-38 -105
-32 -10
-26 74
2 49
15 59
14 34
14 9
24 5
21 -8
6 -107
> 60422 -146372
28 -22
31 -166
-13 -46
-35 -64
-24 -33
-13 0
-35 20
-25 33
-62 32
-6 23
57 176
43 217
25 74
18 26
13 -22
5 -56
-7 -192
> 60337 -145284
-16 46
-8 88
24 31
51 17
13 -26
-64 -156
> 59878 -144542
-65 -72
5 48
103 163
61 154
33 13
-19 -118
-45 -91
-73 -97
> 60332 -147020
31 -100
-5 -61
-47 -24
-126 -132
-88 -129
-60 -141
-83 -127
-10 -34
-42 -46
-74 -58
-29 26
14 110
19 67
22 24
12 43
2 62
22 41
44 20
26 31
10 44
21 27
61 31
23 28
179 331
35 29
43 -62
> 60092 -147914
60 -166
-38 -151
-61 -41
-18 198
30 52
27 108
> 60351 -147842
-30 -13
-22 -36
-69 20
1 66
-28 -17
-18 6
-7 28
12 28
32 28
51 20
79 52
47 -30
25 31
26 1
41 -31
-4 -14
-40 -34
-8 -23
6 -14
21 -5
-6 -16
-89 -43
-20 -4
> 60826 -147931
49 -12
25 -21
24 -74
-8 -64
-21 2
-51 -24
-13 9
-13 58
8 126
> 54726 -132677
30 30
84 13
52 17
15 -32
12 -52
7 -71
-36 -41
-9 -25
13 -24
109 -84
30 -36
78 -14
55 -71
48 -30
112 -200
-22 -132
-44 -25
-49 36
-26 93
-10 74
-91 46
-114 82
-21 42
-28 6
-66 66
-92 119
-54 83
-25 101
42 29
> 56582 -133855
29 46
-11 42
50 29
79 -40
52 -53
-5 -94
69 -65
24 -11
29 -51
34 -91
-14 -131
-79 -100
-90 -17
-25 7
-107 106
-37 -12
-67 140
-57 66
-42 -111
-211 -50
-126 55
0 68
56 55
-14 43
-18 30
7 23
20 21
66 11
98 54
97 15
96 -14
97 29
> 55539 -133634
-42 -103
-84 102
-144 -15
48 103
45 54
15 30
41 34
13 3
67 144
18 -1
28 -22
15 -41
-37 -109
5 -112
12 -67
> 54996 -131431
-65 -25
-22 10
-15 40
-6 76
16 98
46 -5
130 -103
133 -65
50 -108
1 -52
-15 -13
-48 0
-64 22
-46 -39
-65 3
22 52
-13 58
-39 51
> 56637 -132907
-30 -29
-40 -12
-43 17
-12 46
-1 127
15 11
17 33
10 80
23 66
60 -31
49 -57
110 -187
-99 -28
-59 -36
> 56499 -132380
-164 -126
-11 -33
-82 -60
-18 -76
-26 -24
-68 8
-52 31
-12 57
-10 152
-27 45
-49 -15
-22 14
-18 38
-11 82
24 77
0 37
-10 40
166 21
135 45
144 -139
100 -111
11 -63
> 56442 -132935
-50 -82
-27 -21
-24 3
-82 144
-15 60
3 51
40 111
26 22
26 -11
25 5
24 21
24 3
23 -14
13 -63
6 -196
-12 -33
> 58229 -134313
58 -86
46 -121
-21 -128
-21 -14
-48 68
-36 138
-3 136
25 7
> 52804 -129215
7 -31
-10 -18
-29 -4
-50 18
-117 99
-31 49
-110 133
46 32
91 -3
61 -54
129 -192
13 -29
> 54615 -130922
-73 -31
-43 -6
-21 9
1 23
65 122
33 42
23 10
14 -5
5 -19
13 -130
-17 -15
> 52137 -131107
-36 -10
-87 14
-34 22
-20 34
2 18
133 18
56 -87
-14 -9
> 54047 -130316
39 -81
3 -51
-15 -47
-83 -152
-40 -49
-30 -11
-29 4
-29 20
-15 19
-3 20
15 6
34 -8
27 4
20 17
-1 35
-22 52
-56 68
-6 63
-12 23
22 46
57 71
36 31
77 -62
11 -18
> 53481 -130035
69 -160
70 -200
11 -57
-87 -66
-53 107
-84 105
-61 155
-169 217
-12 65
3 20
49 80
28 14
191 -190
45 -90
> 51605 -127933
69 -54
30 -12
4 -33
-41 -91
-20 -19
-20 -7
-116 57
-37 47
-17 64
0 40
17 16
32 9
79 0
20 -17
> 52548 -128298
193 50
43 1
-2 -118
-86 -75
-136 4
-57 10
-30 14
-32 -8
-53 -25
13 76
25 25
33 20
89 26
> 53183 -129471
5 -30
-9 -14
-50 15
-31 22
-74 68
-26 40
-14 41
8 15
61 -30
122 -107
8 -20
> 53118 -129168
141 -9
34 -18
37 -43
-13 -13
-32 -2
-73 -61
-38 -17
-32 7
-21 18
-10 29
0 104
7 5
> 69598 -139291
-19 34
-40 131
38 83
13 164
27 -53
31 -141
2 -67
-52 -151
> 8867 -60998
32 82
51 55
46 12
36 -51
21 5
17 -21
-15 -29
-81 -105
-27 -19
-100 9
20 62
> -2753 -80224
-59 -26
-140 -22
-44 -1
-12 27
-4 95
39 19
127 39
12 22
14 58
94 104
52 -88
5 -84
-27 -65
-57 -78
> -541 -51254
-25 -170
-84 -122
-205 -132
-231 -2
-117 -122
-250 -136
19 105
92 195
131 173
187 155
2 34
355 115
126 -93
> 8252 -79128
-42 18
44 45
42 -20
-1 -11
-43 -32
> 1293 -78992
-48 26
8 57
107 9
-11 -23
-56 -69
> 2646 -78178
-37 -32
-50 18
-39 51
22 27
62 -5
30 -19
12 -40
> 9177 -60790
26 54
13 -23
2 -23
-10 -39
-16 -24
-13 -62
-47 -32
-26 -2
32 120
39 31
> -2718 -44481
-8 -21
-59 -67
-61 -13
-78 17
-114 -33
98 99
128 16
22 -4
72 6
> -12880 -38668
-95 -17
-80 -102
-64 4
22 39
104 143
21 1
48 -15
44 -53
> -13416 -39007
-30 -15
-38 29
-40 15
-8 40
59 34
72 -3
3 -73
-18 -27
> -1267 -44979
-81 -17
3 -15
-27 -10
-19 53
25 21
48 64
41 -5
10 -91
> 227 -50128
5 -145
-98 -72
-91 6
-14 53
4 173
-62 111
6 85
30 78
209 142
52 -41
37 -141
-78 -249
> 2129 -50491
-99 -18
-120 53
-17 57
46 100
41 7
162 -50
12 -21
7 -56
-32 -72
> -132 -50653
26 2
48 -16
17 -98
-9 -77
-55 -153
-67 -31
-16 4
-38 -16
-37 19
-64 93
195 273
> -144 -49709
32 265
57 63
56 9
56 -28
27 -103
-21 -99
-48 -110
-67 -91
-42 -27
-50 121
> 382 -50343
200 -8
9 -22
-10 -24
-23 -28
-133 -1
-98 -26
-80 -74
-42 -84
-151 -14
-62 180
147 18
120 94
123 -11
> 359 -50261
34 108
130 113
72 3
43 -22
-13 -40
-20 -14
-20 -138
-68 -31
-126 0
-32 21
> -485 -90269
-32 -201
-64 -62
-95 -10
-97 155
1 52
15 20
15 54
83 68
114 8
60 -84
> -722 -89423
-71 -57
-34 -63
-62 -66
-24 6
-21 26
-18 40
41 118
85 61
40 63
58 36
23 -8
15 -21
10 -30
-42 -105
> 7486 -81710
37 39
98 -58
1 -23
-30 -60
-84 -45
-28 -2
-27 7
-83 82
-42 112
5 55
47 -10
45 -82
61 -15
> -322 -91399
66 -61
-28 -187
-27 -7
-80 7
-53 36
-34 85
17 100
40 26
99 1
> -1221 -90477
-78 -43
-43 56
2 40
48 45
30 -20
22 -33
19 -45
> -595 -90959
19 -9
51 17
108 -25
194 -200
184 -34
64 -62
66 -34
35 -55
-21 -130
-43 -18
-60 -88
-17 7
-32 40
37 81
-13 40
-264 60
-87 119
-123 53
-62 76
-64 -24
-83 -189
-94 -124
-61 -37
-64 11
-72 65
-20 47
-3 241
79 225
189 106
80 -63
77 -96
> -190 -90668
30 -112
-32 -40
-79 -48
-58 59
-35 189
30 46
56 21
88 -115
> -27068 -109390
-48 -39
-55 -5
31 154
39 57
5 -53
28 -114
> 21652 -106524
24 -12
36 -61
-14 -42
-85 5
-52 27
-32 76
82 29
41 -22
> 18863 -110989
-33 -51
-48 -24
-62 89
21 61
61 -28
61 -47
> 25047 -110703
-78 46
-61 67
-16 51
111 -28
39 -28
46 -95
-7 -9
-34 -4
> 24345 -109890
-14 -10
-130 22
-53 51
3 22
13 9
19 2
162 -96
> 29302 -113202
37 -172
78 -2
69 -40
74 -92
13 -79
-110 -7
-50 13
-105 85
-211 231
-62 102
17 7
80 -22
170 -24
> 31747 -114789
-46 62
5 33
18 6
33 -21
37 -62
-4 -14
-43 -4
> 28368 -115234
-25 -40
-122 14
-117 -93
-67 169
32 13
103 22
156 -48
40 -37
> 24538 -111857
13 -84
-18 -72
-187 301
48 13
144 -158
> 26076 -111091
-6 -48
-29 -44
-205 -42
14 21
149 69
-25 41
11 6
36 -12
55 9
> 29005 -112203
121 -46
81 -14
33 -22
-36 -139
-36 -46
-274 -61
-46 17
-75 159
-4 77
236 75
> 24800 -112164
41 -31
44 -3
339 66
62 -27
-335 -63
-161 -75
-27 87
-33 35
-80 12
-115 86
11 20
38 -10
70 -59
76 -4
70 -34
> -45241 166893
-36 38
-23 92
120 -44
0 -16
-61 -70
> 10707 124335
-106 -47
5 28
27 65
47 1
11 -11
16 -36
> 10116 125231
35 -55
4 -43
-92 26
-130 129
49 -7
134 -50
> 7433 122915
-36 -44
31 -49
-35 -25
-77 8
-1 35
46 104
25 4
23 -11
24 -22
> 7131 125783
55 -69
-113 -31
-33 25
-134 61
57 16
168 -2
> 9759 125968
-20 -19
-118 -27
-53 30
26 19
91 22
74 -25
> 11640 124565
47 -54
8 -74
-29 -77
-134 69
-46 54
6 125
58 14
90 -57
> 11683 124788
32 -57
-56 13
-78 37
-23 26
-15 29
52 18
32 -33
56 -33
> -6393 134795
-49 0
8 25
110 66
-1 -34
-25 -29
-43 -28
> -6713 134629
-20 2
-32 26
15 17
81 52
46 10
-3 -38
-32 -35
-55 -34
> -3004 127834
-12 16
-4 88
83 50
-15 -50
-52 -104
> -3254 127554
-8 -24
-26 -42
-43 43
-28 98
44 -23
61 -52
> -5902 124023
22 -47
-59 -4
-28 34
-55 36
48 9
72 -28
> -5332 123550
-35 33
-6 40
101 4
22 -66
-21 -18
-27 -2
-34 9
> -7018 120633
-98 8
-9 31
6 102
56 8
3 -36
42 -113
> -8448 123011
-49 -78
-34 -29
-56 -16
-17 58
59 31
50 53
19 123
19 -15
17 -49
-8 -78
> -8152 117546
-31 -55
-56 -9
-68 24
-42 -16
-19 44
1 22
178 113
41 -4
-4 -119
> 66599 70057
28 1
69 19
16 -159
24 -118
3 -184
12 -113
-35 -34
-151 182
-75 194
12 176
16 38
51 51
30 -53
> 76199 96854
38 120
66 79
12 -8
28 -55
12 -112
-10 -43
-21 -2
-66 -93
-51 -1
-11 15
-8 44
11 56
> 79701 100068
-11 -112
-19 -14
-69 -27
12 221
56 164
14 -158
17 -74
> 69634 161521
5 -16
-43 -95
-55 -87
-71 -212
-64 -28
-72 82
-137 -40
-87 12
-28 46
-38 181
-48 97
-30 -5
-66 -34
1 45
27 40
42 10
46 -22
90 -101
88 -16
99 -5
76 -22
45 23
23 166
64 69
91 9
42 -97
> 31718 129707
-78 -20
17 31
85 76
45 -7
-69 -80
> 36571 126387
42 -68
-142 19
-43 66
65 14
78 -31
> 39602 124890
-43 -44
-51 3
28 56
72 30
-6 -45
> 28204 121205
-69 -71
-72 -2
-1 32
24 87
59 0
36 -17
23 -29
> 22905 113465
-2 -61
-44 22
-27 37
-4 23
-70 78
46 -9
48 -34
53 -56
> 21772 112782
-39 -21
-35 -48
-28 20
-52 9
-36 29
20 19
93 11
17 12
41 50
12 -24
7 -57
> 21675 112559
-52 -34
-4 21
21 98
70 4
-35 -89
> 22210 113998
68 5
55 41
-53 -162
-38 -43
-22 13
-10 25
0 121
> 10388 107078
-51 6
60 84
49 27
0 -18
-26 -26
-32 -73
> 10782 103223
-22 0
-80 58
39 37
63 -95
> 54760 8510
-3 -42
-18 -50
-25 -18
-23 54
-3 95
25 39
36 -15
11 -63
> 53625 6755
-19 -86
-27 -27
4 93
42 66
0 -46
> 66016 -62624
-42 127
-28 49
-40 38
-38 22
-35 6
-29 -104
-80 -124
-84 -49
-8 -113
16 -45
-26 -152
35 -200
39 -72
157 -218
-18 -5
-79 54
-47 -11
-35 -231
-13 1
-25 142
-19 172
-74 -27
-313 1
-112 -39
-97 -84
-93 -121
61 -130
62 -52
32 -44
26 -63
12 -80
1 -85
-56 -91
48 -98
58 -96
153 36
76 40
-1 -16
-36 -54
-111 -130
-136 -85
52 -110
65 -100
66 -82
75 -133
89 -128
104 -68
22 -31
87 -75
25 -29
8 -26
54 -65
58 24
69 101
49 92
49 153
27 178
63 81
114 100
79 109
45 119
8 -59
-38 -151
-56 -106
-94 -126
-59 -117
-70 -301
-13 -111
-8 -128
10 -282
23 -65
66 34
119 201
8 -32
-42 -71
-29 -97
-15 -84
6 -124
73 -145
23 -68
25 -142
26 -58
180 -235
48 -48
48 -27
39 -76
32 -123
-5 -29
-40 45
-35 1
-22 -108
8 -113
37 -117
-50 -11
-87 126
-111 2
-12 -35
-6 -86
13 -58
83 -191
58 -181
32 -127
-23 -15
-100 82
-98 97
-82 157
-97 250
-56 114
-78 -90
-26 -77
-8 -49
0 -152
43 -277
49 -130
116 -189
119 -313
0 -68
-49 -221
-8 35
-3 142
-16 105
-94 250
-40 19
-44 -63
-56 4
-68 70
-43 72
-31 147
-4 74
-19 28
-151 -88
-41 -8
-17 25
-2 31
62 189
15 79
4 68
-18 80
-38 90
-39 54
-40 16
-26 27
-43 185
-19 -17
-64 -191
-10 -11
-5 39
-38 120
-60 111
-71 68
-35 14
-33 -1
-20 16
-4 58
13 24
-2 27
-18 30
-54 31
-160 67
-45 36
-1 20
160 10
26 32
-28 117
-62 173
-56 121
-26 14
-50 -92
-23 20
-33 67
13 63
56 44
56 78
39 91
-32 171
-83 141
-29 22
-36 92
20 81
-94 157
-43 -74
-63 -164
-21 -16
5 39
0 311
-25 84
-48 20
-134 -138
12 -127
3 -167
-7 -87
-17 14
-62 232
-50 66
-52 89
-43 43
-19 -1
-30 -36
-10 17
-19 159
17 99
7 124
-5 110
-18 8
-49 -16
-45 -112
-11 30
13 131
-21 61
-107 78
-84 87
-19 -71
-7 -80
-107 12
-110 51
-105 1
-94 -16
-21 -73
2 -78
24 -31
280 -190
50 -47
44 -57
121 -202
-19 8
-56 50
-83 45
-166 58
-107 26
-40 -12
-10 -41
-20 -11
-28 20
-109 154
-66 75
-68 53
-46 49
-24 46
-20 -12
-15 -68
-7 -117
9 -54
63 -210
-19 -30
-232 116
-55 -3
-20 -58
23 -72
66 -86
73 -131
81 -175
63 -168
-2 -40
-18 -26
-3 -28
12 -30
48 -56
32 -59
106 -245
1 -25
-32 23
-70 25
-15 -28
6 -64
30 -121
70 -82
122 -104
46 -55
-30 -5
-116 29
-39 -5
-10 -61
10 -26
31 -26
51 -24
39 -58
27 -92
28 -52
49 -25
12 -18
-12 -162
36 -81
140 -234
153 -214
81 -135
19 -49
-99 72
-146 78
-66 20
-3 -36
29 -79
188 -406
88 -250
16 -139
11 -226
-49 -52
-108 122
-81 118
-55 116
-107 181
-137 166
-43 67
-58 226
-16 118
-4 121
-21 11
-39 -59
-24 -13
-62 269
-34 101
-56 98
-14 56
-143 233
-23 58
-46 208
-30 69
-92 114
-47 72
-111 102
-49 76
-57 186
-16 79
-21 36
-51 -24
-21 -23
-35 -106
-48 17
-87 60
-53 -3
-21 -65
-25 -133
2 -67
21 -101
35 -126
87 -252
60 -378
32 -141
29 -47
17 -71
84 -939
21 -157
25 -98
38 -90
86 -358
19 -44
148 -240
173 -179
23 -60
22 -195
-14 -162
-19 -109
6 -165
29 -108
77 -227
41 -230
68 -201
24 -104
18 10
101 150
-2 -47
-76 -261
23 -93
60 -154
61 -116
168 -238
61 -137
14 19
5 154
-5 122
14 83
68 158
43 69
25 6
7 -132
12 -29
28 -24
36 -61
43 -98
19 -113
-16 -385
19 -67
29 1
82 76
33 41
18 13
3 -15
-2 -52
-73 -224
5 -48
78 -88
88 -53
31 -39
10 -52
87 -183
165 -261
51 -96
47 -107
19 -78
24 11
137 166
23 7
-9 -142
29 -214
-35 -101
-2 -65
19 -75
-7 -42
-112 -40
-28 -31
-15 -45
2 -39
19 -34
26 1
138 -32
20 -75
5 -211
12 -45
25 -51
47 -44
69 -37
38 -41
7 -47
-6 -38
-18 -29
-11 -65
-4 -103
-26 -3
-49 96
-70 93
-90 90
-60 -55
-31 -199
-9 -173
12 -148
21 -113
51 -160
-17 -227
-132 -52
-7 -48
3 -217
-12 -86
-73 -289
-10 -88
9 -67
-18 -65
-42 -97
-4 -132
33 -168
14 -142
-5 -117
20 -120
44 -124
19 -101
-3 -132
7 -31
94 -194
38 -60
119 -130
47 -23
50 -3
37 11
56 45
131 49
44 41
40 60
50 119
89 429
35 86
23 -3
108 -97
28 1
16 32
63 70
18 31
10 76
-32 157
-13 135
-4 180
-44 297
-85 415
-58 239
-86 180
-85 128
-43 18
-66 -59
-19 -30
-23 2
-26 33
-37 104
14 25
45 -8
38 21
30 51
40 6
49 -40
42 -49
35 -59
122 -268
41 -26
18 90
-41 392
9 151
47 57
33 61
17 66
8 132
-22 185
-3 90
8 80
26 104
86 154
19 99
14 148
2 112
-35 203
1 124
58 -10
110 -82
114 -103
38 -80
72 -207
136 -243
84 -125
42 -33
28 18
41 41
150 441
149 350
76 153
53 74
39 76
24 80
29 168
37 48
64 10
54 28
148 158
39 121
28 183
35 120
121 145
30 -14
23 -67
35 -52
317 -223
153 -149
133 -179
162 -159
160 -265
42 -3
48 47
11 -23
-70 -273
-3 -64
30 -105
38 -72
66 -58
35 6
33 39
81 51
41 2
40 -17
27 -24
15 -30
10 -83
4 -138
-14 -45
-122 152
-30 -23
-14 -194
6 -87
15 -80
24 -72
128 -226
48 -48
34 15
18 -19
-11 -46
-1 -62
12 -85
15 -17
69 158
21 9
23 -73
5 -109
20 -29
22 37
38 148
25 52
18 -88
2 -50
-41 -99
-84 -150
-32 -109
39 -150
13 -94
-8 -66
-65 -100
-48 -219
-112 -393
-36 -168
7 -182
22 -34
39 3
32 12
24 22
31 7
127 -13
35 31
21 62
22 114
-26 292
5 135
29 95
43 96
56 95
54 20
87 -101
19 -38
67 -259
25 -144
11 -126
19 -92
28 -57
48 -55
32 -5
42 9
29 53
33 232
9 -3
25 -190
-3 -89
-28 -77
-65 -97
-18 -55
38 -174
6 -104
18 -70
18 -39
18 24
18 86
56 150
30 10
50 -103
11 -54
19 -216
-19 -262
10 -98
54 -43
66 -28
76 -12
129 -47
68 -52
8 -69
-28 -314
0 -74
10 -52
87 -208
30 -84
7 -46
92 -152
18 -58
46 -69
72 -80
23 -86
-29 -94
-40 -93
-53 -94
-45 -50
-36 -8
-29 58
-47 329
-31 84
-52 71
-63 53
-75 35
-56 -3
-38 -41
-33 -71
-52 -203
-30 -210
-7 -212
7 -101
101 -546
1 -98
13 -127
42 -283
5 -156
34 -272
20 -462
-16 -92
-47 123
-23 107
-1 93
-41 132
-83 173
-49 99
-59 82
-21 3
-40 -82
212 -643
-74 -393
-28 -181
-4 -155
29 -194
102 -437
36 -166
5 -59
-44 -381
-2 -328
42 -663
29 -243
29 -64
15 -80
0 -144
33 -379
-74 -348
68 -418
40 -124
28 -39
116 -122
61 -17
56 35
39 34
20 34
-64 -227
-10 -80
-3 -105
24 -313
-12 -50
-23 16
-32 82
-20 11
-15 -175
16 -264
-7 -116
-9 -52
-52 -119
-11 -49
5 -63
117 -277
73 -224
29 -261
23 -120
29 -65
237 -360
51 -50
185 -114
40 -38
26 -46
5 90
-22 341
1 329
-15 179
-47 208
-33 270
-7 194
13 311
31 352
24 42
41 -229
55 -203
71 -188
30 -112
18 -189
13 -529
48 -489
64 -339
71 -275
39 -112
30 -41
94 -43
157 -45
105 -43
54 -43
47 -5
100 94
109 267
17 7
5 -54
28 -112
40 -36
65 -14
54 -1
45 12
56 45
100 115
122 166
114 178
38 31
101 16
74 23
52 25
39 38
74 110
70 138
60 216
23 18
30 3
23 13
15 22
192 535
78 244
50 206
36 248
75 703
21 363
-5 455
-42 841
-29 101
-15 25
-42 37
-27 -28
-91 -229
-76 -290
-67 -188
-148 -319
-53 -85
-300 -395
-49 -94
-40 -54
-108 -39
-39 12
-63 61
-136 215
-64 57
-59 -1
-140 -24
-71 -3
-68 10
-97 44
-127 79
-128 182
-130 286
-86 213
-63 210
-94 248
-45 56
-50 -115
-76 -267
-33 -352
-31 -188
-67 -234
-53 -294
-32 -116
-22 39
28 229
32 194
77 302
26 181
0 549
-15 93
-45 -41
-13 -23
-20 18
-27 60
-30 118
27 46
64 34
266 81
80 35
76 16
71 -2
45 -39
28 -141
-5 -192
7 -99
14 -119
22 -89
30 -58
90 -115
49 -84
90 -217
31 -99
35 50
41 197
39 119
113 140
18 84
-15 303
-89 411
-76 256
-9 68
14 2
36 -65
96 -296
69 -135
49 -64
22 31
21 166
26 22
29 -226
0 -115
-22 -93
-1 -99
39 -185
22 -50
67 -107
58 -56
36 -62
28 -22
89 -12
52 5
45 26
37 44
69 120
20 67
9 126
-34 272
-123 733
39 -17
167 -820
42 -290
60 -71
230 437
55 402
66 200
3 327
-42 307
11 5
80 -138
20 11
48 174
56 320
44 390
23 77
16 100
15 183
6 457
-6 257
-34 341
-61 199
-37 62
-118 106
-166 86
-69 127
-38 203
-41 141
-45 78
-56 20
-68 -36
-69 27
-71 91
-41 70
-46 154
-24 2
-29 -48
-38 -101
-120 -251
-133 -324
-114 -230
-34 -12
179 480
-6 150
-25 6
-88 -97
-78 -119
-50 -120
-19 22
-88 228
-14 -42
7 -110
-8 -45
-16 -33
-24 -20
-34 -2
-43 18
-33 -2
-21 -21
-9 23
3 67
18 56
59 97
161 319
60 204
5 66
-39 188
2 44
124 -207
31 -18
46 42
16 25
34 115
18 96
-7 53
-63 85
-44 39
-17 70
22 157
54 104
-35 129
-84 194
-84 -18
-84 0
-61 10
-113 232
-49 162
0 29
17 -4
37 -34
37 -88
58 -80
71 -72
164 43
86 121
-22 117
-49 153
-5 122
5 191
-100 390
-2 209
41 -19
19 -158
56 -232
66 -361
75 -166
36 -31
38 5
33 20
30 37
28 72
88 349
37 248
12 186
-1 312
-15 361
-26 196
-62 225
-61 284
-11 102
2 118
14 136
-5 129
-91 410
-47 108
-56 66
-55 49
-53 31
-44 -13
-186 -341
-32 -149
-71 -98
-134 -146
-72 -124
-14 -12
-3 26
32 75
93 129
79 93
66 172
79 280
37 245
-3 208
-11 175
-19 143
-16 84
-13 27
-59 57
-40 -4
-45 -35
-51 -68
-57 -305
-44 -168
-16 -104
-17 -312
-17 14
-25 232
9 258
-29 -6
-76 -122
-66 -39
-54 34
-44 -7
-93 -90
-83 -104
-13 39
120 237
131 64
116 95
63 112
25 84
9 265
68 147
21 125
0 53
-25 107
-26 -7
-121 -155
-195 -328
22 134
47 90
46 122
69 138
-62 91
-47 140
-106 84
-51 136
-39 81
67 -11
134 -118
54 32
27 91
113 285
-38 199
-33 122
9 62
-5 154
-18 248
-32 242
-45 234
-52 181
-61 127
-41 77
-23 27
-60 42
-40 -32
-92 -178
-42 -98
-19 -98
19 -263
-11 -82
-29 -86
-126 -274
-55 -151
-35 -149
-18 -35
2 320
37 89
71 74
72 141
34 266
-72 372
3 185
72 141
49 157
10 62
-6 34
-51 119
-45 37
-105 -3
-31 -16
-79 -107
-118 -260
-44 -170
-24 -188
-40 -206
-32 -72
-46 -71
-31 -71
-25 -90
-38 118
1 45
23 43
88 119
38 88
8 50
-4 52
-17 50
-31 49
-75 -4
-297 -149
1 24
80 92
310 268
62 65
63 129
94 290
50 224
42 252
15 135
-10 154
-49 100
-9 136
12 165
-6 106
-19 120
-36 103
-41 175
-77 395
-16 49
-29 46
-42 43
-42 -6
-41 -53
-25 -66
-9 -78
-23 -82
-59 -151
-10 -49
-25 -236
-12 -220
-24 -137
-64 -263
-118 -362
-28 3
-14 145
18 117
82 161
31 152
25 237
22 327
-3 141
-5 25
-19 18
-34 12
-45 -54
-21 -62
-101 -169
-26 111
-12 153
27 87
62 79
35 89
7 98
15 86
25 74
16 21
33 -109
19 -8
48 44
53 79
34 83
2 62
-35 204
-62 139
-186 352
-36 46
-137 122
-62 23
-42 -20
-26 -29
-10 -37
0 -78
56 -469
-7 -214
-16 -94
-23 -75
-30 -59
-36 -42
-21 -82
0 -298
-20 -167
-49 -288
-28 -103
-35 -23
6 176
46 290
13 272
-101 455
-16 150
15 83
4 100
-6 364
-13 124
-39 184
-84 282
-25 54
-26 32
-28 9
-67 -3
-23 -28
-15 -96
18 -405
14 -124
-18 -152
6 -123
27 -158
48 -173
-45 -260
29 -208
-26 -213
-108 -422
-19 48
93 577
-6 112
-33 183
-67 288
-27 81
-105 1
-71 -44
-79 -88
11 -133
49 -308
7 -126
-8 -93
-32 -124
-1 -58
63 -494
3 -111
-7 -13
-12 24
-97 448
-11 330
-16 208
-30 123
-22 58
-65 4
-65 110
-27 100
-1 63
24 109
4 110
-17 89
-36 111
-10 135
-22 119
-5 91
11 257
-14 111
-12 29
-21 -48
-51 -235
-48 -36
-62 133
-48 69
-36 -3
-82 -71
-32 -18
-3 23
66 171
-8 27
-92 17
5 22
76 58
101 -26
39 100
30 319
-157 -54
-82 -9
-137 -139
-44 -116
-9 4
-17 82
-2 52
21 49
106 118
110 239
2 44
-40 -2
-74 -31
-34 111
34 105
30 57
-5 133
-14 60
-32 18
-137 -61
-33 11
-91 140
5 14
44 -26
108 -29
47 27
61 115
86 236
17 87
-11 55
-42 87
-25 -28
-26 -93
-47 -70
-68 -45
-36 50
-4 191
56 192
-27 110
-73 132
-117 240
32 137
-89 169
-70 -227
-149 69
6 -295
-11 -166
13 -111
-4 -120
-35 111
-15 213
-45 20
1 167
9 126
-2 227
52 12
29 148
33 84
-20 71
-22 205
-101 276
-61 -122
-57 -33
-48 -41
-44 -22
-31 -49
-172 -395
-1 66
41 167
62 325
25 182
-16 129
-1 65
22 58
-25 107
-24 223
142 256
-28 155
-87 145
-154 309
-89 162
-40 53
-40 -7
-42 -146
-9 -75
80 -196
40 -180
-4 -110
-31 -109
-17 34
-123 436
-91 77
-39 5
-60 -292
-4 -93
29 -202
54 -119
19 -98
6 -135
-10 -43
-91 147
-27 -14
-18 -76
-44 -38
-79 292
-80 218
-33 32
-24 -147
-5 -105
11 -224
17 -122
-18 -34
> 81261 -68721
32 32
192 1775
14 53
28 60
36 36
53 139
13 621
17 304
22 206
47 96
29 173
-10 652
9 138
51 308
52 536
161 1096
36 319
67 208
74 354
96 341
61 67
59 -95
42 -90
25 -85
22 -220
31 -778
-70 -772
17 -4
66 164
32 2
88 -300
41 -208
19 -50
16 22
20 57
22 91
22 -26
20 -142
16 -343
-6 -150
-45 -299
0 -71
41 -131
57 -142
25 -128
1 -79
-13 -129
-19 -49
-51 -85
-19 -52
2 -101
25 -150
15 -177
-35 -393
-65 -492
-23 -254
-3 -132
-48 -399
-16 -339
-6 -437
7 -296
24 111
141 1522
43 236
45 175
21 2
17 -169
10 -814
10 -218
-8 -301
5 -182
44 -302
-6 -264
18 -816
8 -80
68 -213
17 -86
6 -102
-18 -901
-15 -214
-62 -339
-20 22
-31 204
-59 265
-9 -7
21 -192
52 -274
126 -577
5 -86
-25 -743
-82 -519
-22 -73
-31 -37
-41 -1
-61 207
-88 459
-34 117
50 -613
80 -431
52 -214
51 -139
34 -142
24 -216
34 -1331
-38 -1380
-41 84
-49 133
-103 498
-58 222
-34 101
-80 444
-35 77
-37 -178
-37 -265
15 -137
54 -98
40 -92
27 -85
166 -805
46 -254
13 -138
10 -351
-15 -556
42 -656
6 -705
-28 -269
-17 14
-35 167
-42 140
-32 192
-52 435
-39 415
-15 43
-4 -286
31 -1041
63 -581
10 -353
-17 -118
-17 -50
-29 31
-130 337
-14 -52
22 -327
49 -391
6 -205
-20 -332
-27 -6
-39 164
-44 278
-13 -37
-12 -305
-29 -246
-38 -182
-32 3
-59 194
-58 256
-86 530
-164 1338
-96 501
-78 204
-3 -41
35 -220
50 -223
42 -244
27 -397
116 -1034
97 -693
29 -260
-1 -101
-17 -71
-33 -38
-38 90
-66 330
-26 -29
11 -278
18 -140
47 -236
45 -166
139 -415
25 -233
23 -544
24 -185
39 -192
12 -152
-44 -379
-39 -205
-74 -313
-9 -126
-35 -268
-29 -428
-32 35
-143 1270
-21 142
-28 117
-12 7
-1 -358
-27 -135
-2 -108
23 -229
50 -283
19 -220
6 -249
-18 -207
-41 -165
-33 -19
41 -200
54 -186
31 -235
11 -424
-35 -504
-43 -308
-63 -281
-38 -225
-22 -252
-1 -530
-17 -327
-50 -452
-39 -277
-44 -205
-60 -224
-48 -36
-58 281
-7 111
21 189
48 269
16 208
-17 146
-7 149
3 509
-23 -23
-148 -709
-34 -55
-25 193
-4 112
141 1326
23 499
-6 378
-33 504
-17 -20
10 -510
-18 -495
-27 -270
-87 -535
-58 -247
-27 38
-52 427
-11 -54
-13 -300
-53 -384
-48 -34
-60 189
-33 169
-7 225
33 511
23 1612
42 652
118 748
44 473
10 196
-9 265
-39 -142
-123 -727
-88 -667
-36 -452
-12 -460
12 -1024
-59 -754
-27 -96
-32 51
-28 67
-24 83
-24 141
-36 296
-66 393
-29 228
-19 292
14 382
56 250
224 847
62 266
23 186
63 1146
50 1346
-45 -60
-61 -1331
-54 -566
-63 -393
-135 -613
-62 -188
-64 -163
-34 -12
-25 83
-39 282
-4 153
19 371
-55 419
-5 161
6 728
11 198
18 144
46 191
72 238
40 246
22 621
27 282
9 276
-43 -115
-98 -431
-53 -116
-19 271
2 245
62 815
4 252
28 294
109 873
78 373
40 154
27 62
52 68
76 75
52 93
29 111
10 126
-9 140
32 198
108 382
72 380
99 1087
-44 -146
-65 -505
-153 -751
-54 -177
-71 -165
-42 -53
-49 -34
-31 165
-16 547
0 615
-9 270
-18 269
-13 -13
-22 -306
-8 -338
-51 -879
-136 -1243
-23 -45
-96 -377
-84 -929
-69 -1556
-22 -249
-31 -202
-45 26
-103 280
-109 349
-109 472
-67 216
-102 285
-55 180
-40 169
-18 296
4 427
-10 163
-34 -147
-29 -205
-5 -192
13 -370
40 -425
32 -225
37 -168
60 -193
125 -328
85 -300
62 -327
92 -340
82 -380
33 -333
17 -618
-7 -485
47 -1147
-61 -192
-134 -116
-106 121
-173 73
-102 274
-21 116
-32 574
-26 188
-52 179
-117 254
-118 314
-76 141
-76 184
-62 219
-73 316
-36 86
5 -249
40 -228
23 -204
-3 -127
-18 -146
-30 -38
-42 72
-32 84
-22 96
-15 170
-15 367
-5 720
-32 415
-4 205
20 202
38 209
13 139
1 139
-26 -31
-52 -200
-34 -170
-17 -140
-7 -151
4 -548
-36 -157
-38 -124
9 -118
25 -158
35 -361
46 -879
27 -217
-10 -226
-58 -461
-20 -551
-50 -566
-110 -145
-106 -211
-79 -197
-62 -130
-133 0
-107 -61
-44 213
-6 426
24 219
46 267
88 356
58 151
-156 -143
-106 -155
29 632
32 167
58 149
112 246
216 241
-288 -127
11 360
-45 162
-30 165
21 -301
-1 -91
-134 -416
-51 -234
-83 -283
-164 256
-205 3
-44 201
-15 227
62 375
-39 318
-5 240
15 149
88 351
53 124
288 600
30 109
-56 -31
-47 -39
-39 -45
-117 -193
-148 -347
-71 -227
-31 -73
-41 -58
-28 -113
-23 -253
-23 -513
-7 -252
14 -212
86 -637
48 -143
105 -176
132 -266
63 -212
55 -370
28 -263
0 -218
-20 -261
-36 -260
-51 -260
-66 -78
-119 157
-107 158
-57 99
-41 92
-47 159
-5 165
-11 83
-24 81
-108 227
-15 62
-11 -40
-8 -212
-30 -298
-9 -248
9 -218
-12 -320
-20 -250
-32 -158
-79 -215
-166 -729
-167 -44
-168 -26
-18 200
-17 566
-36 258
126 -17
104 -51
122 118
-193 14
-175 86
8 292
-27 606
200 8
-138 136
-35 376
-36 298
140 118
68 108
-5 35
-31 52
-57 71
-57 180
-86 435
-36 337
-8 203
52 866
318 51
-180 238
-42 100
-14 497
27 1156
48 25
61 -54
61 -95
62 -136
25 -37
-33 137
-35 82
-15 93
3 104
-14 80
-108 211
-26 106
-11 125
4 118
16 109
9 194
-15 97
-28 99
-61 143
-40 -3
-47 -66
-52 -54
-55 -42
-31 34
-10 163
2 110
64 503
11 233
59 443
45 225
49 155
47 197
120 650
73 165
111 136
97 -16
83 -166
43 -124
3 -81
-14 -86
-59 -203
-24 -133
9 -187
43 -242
44 -98
46 45
59 -7
73 -60
38 -156
-2 -427
-47 -295
4 -55
93 -399
15 -125
11 -319
-13 -160
-43 -257
-10 -222
10 -84
34 -128
36 -98
13 9
-1 290
15 244
33 222
21 23
20 -100
45 -126
69 -150
26 -5
-15 140
-28 142
-123 502
-44 302
-14 291
-1 376
31 768
2 268
9 162
27 215
44 209
45 116
61 92
96 29
132 -34
99 -3
66 28
34 43
1 557
-20 482
11 266
53 352
-4 278
6 108
17 104
211 315
107 358
28 -44
48 -251
88 -649
20 -279
9 43
9 407
-7 569
22 518
75 332
39 12
65 102
26 -53
8 -132
100 -481
23 -301
9 -395
69 -158
26 -124
22 -179
17 -268
-6 -301
-40 -685
-23 -188
-13 -185
22 -154
51 -185
33 -200
7 -137
20 -23
7 324
-6 284
-19 245
0 331
30 627
0 240
17 151
-4 222
18 246
-30 273
-27 124
-25 282
0 592
17 109
176 51
6 -246
-31 -367
24 -260
12 -249
71 -345
15 -168
88 -180
64 -375
10 -184
24 -44
-18 523
-21 309
-42 293
-17 271
7 244
38 461
-5 392
11 217
26 174
10 149
-6 400
9 104
18 68
30 54
45 39
47 -28
88 -177
24 -66
15 -170
7 -409
38 -490
19 -119
39 266
6 250
-34 339
-19 357
-133 1011
-7 221
14 251
61 577
21 89
65 189
28 4
30 -172
5 -78
87 598
73 199
23 -9
25 -190
3 -119
-51 -739
15 -333
20 -114
17 7
16 128
4 132
-7 135
10 191
41 370
47 835
44 52
228 -455
34 -45
-12 74
-69 236
-61 259
-24 195
-7 215
16 183
40 151
164 441
92 329
180 856
182 1047
105 414
139 829
154 651
54 53
17 -460
-16 -496
-233 -2582
-13 -225
13 -178
> 69567 -120682
50 -133
43 -147
82 -374
34 -195
22 -211
18 -328
-8 -318
9 -317
-9 -80
11 -172
-9 -69
-28 -51
-44 -33
-106 -34
-90 -70
-22 -35
-23 -112
-77 -99
-31 -68
-12 -81
-4 -441
-14 -62
6 -226
14 -88
21 -46
25 -9
30 27
39 56
159 260
37 13
45 -224
32 -58
152 -65
64 5
79 25
49 -2
30 -59
10 -52
-10 -85
-24 -66
-37 -39
-38 -207
-15 -38
-14 27
-7 43
0 57
-16 95
-21 -26
-33 -95
-42 -79
-50 -63
-26 -49
-3 -34
14 -87
-72 -27
-25 9
-70 -127
-36 -11
-60 95
-86 95
-52 -5
-79 -215
3 -138
28 -203
39 -179
48 -157
78 -186
185 -362
47 -73
76 -74
106 -74
103 -94
177 -211
57 -88
73 -151
148 -376
32 -109
25 -129
-8 -49
-42 -87
-44 -41
-62 -2
-21 49
-34 132
-34 -55
-14 10
-22 60
-33 290
-38 -81
-61 -331
-53 -183
-120 -80
-28 -28
-150 -319
-59 -147
-39 -118
-11 -83
16 -48
33 -34
50 -22
33 20
42 199
20 22
68 33
3 -15
-33 -85
-28 -49
-23 -76
-27 -156
-28 -307
-107 -546
-64 -236
-86 -162
-89 -145
-161 -214
-35 -39
-76 -57
44 -11
110 -4
66 -27
22 -50
8 -50
-4 -49
-23 -47
-68 -85
-3 -31
54 22
20 -40
26 -220
-2 -69
-27 -156
-30 -32
-13 39
-18 -6
-35 -46
-45 -87
-57 -214
-32 -80
-35 -144
-26 -187
-62 -174
-37 -36
-30 -15
-40 5
-50 26
-26 35
-6 162
-14 9
-28 -45
-33 -128
32 -598
-12 -33
-15 17
-43 128
-30 54
-7 -59
30 -151
18 -25
56 -45
43 39
80 151
62 139
72 121
105 151
54 130
13 206
35 150
57 134
37 68
116 140
17 51
14 75
30 390
18 167
19 98
16 248
19 128
35 123
94 250
218 811
76 110
31 0
63 -85
25 -53
-1 -54
-86 -168
-15 -47
4 -98
-9 -132
12 -100
31 -121
14 -102
-16 -167
-75 -261
-34 -65
-39 -41
-72 -104
-6 -80
23 -103
-6 -122
-36 -141
-129 -352
-48 -229
3 -69
44 -102
-14 -154
-11 -50
-20 -33
-9 3
-5 89
-19 66
-15 9
-12 -48
-4 -75
8 -313
-21 -75
-122 -113
-37 -56
-37 -79
-22 -131
-7 -182
-37 -218
-67 -254
-48 -226
28 9
107 147
41 71
79 67
20 -20
30 -177
29 -57
52 -56
30 -52
13 -167
-17 -42
-32 -23
-61 -21
-27 4
-67 34
-10 -37
18 -359
-18 -288
-18 -58
-25 -31
-101 -25
-16 -38
29 -207
-46 -115
20 -76
-200 -219
-30 60
-32 107
-18 92
-4 75
-19 -14
-7 -105
0 -178
-8 -52
-19 -14
-47 44
-10 19
-25 238
-50 203
-13 28
-135 176
-10 -28
12 -103
137 -505
49 -255
13 -322
> 68895 -136444
2 -55
-8 -218
62 -353
13 -190
129 -609
59 -259
67 -163
98 -399
199 -492
106 -795
-20 -428
33 -455
16 -142
8 -79
6 -209
-18 -49
6 -69
62 -118
55 -173
100 -598
70 -125
94 -286
82 -510
-21 -58
-5 -81
11 -209
1 -180
-48 -318
-15 -353
-57 -202
27 -578
25 -40
17 -203
109 -383
-4 -235
30 -223
6 -464
-22 -318
47 -642
23 -86
63 -79
12 -169
40 -104
2 -106
-42 -122
3 -108
98 -209
9 -157
76 -424
-10 -142
22 -133
-3 -326
-66 -282
-10 -122
10 -129
46 -141
20 -119
-45 -316
-13 -149
-33 -97
33 -720
59 125
27 20
22 31
-3 -404
11 -80
47 -17
5 -129
34 -72
79 34
77 204
37 -67
34 -191
10 -180
-15 -114
57 -448
-42 -265
3 -203
-17 -217
-76 -277
37 -197
10 -207
46 -186
34 59
59 52
61 -144
35 -126
16 -223
-17 -63
-67 -83
-121 -266
-37 -129
-22 -164
7 -102
60 -68
26 -105
67 343
67 169
59 56
62 -67
5 -165
104 -659
50 -97
37 70
18 102
11 -75
-89 -313
-89 -190
-137 -222
-53 -130
-99 -281
-81 -303
-15 -89
-4 -486
-21 -27
-21 -110
3 -375
-30 -79
-24 -176
5 -53
28 -36
33 78
18 79
28 -9
17 -40
2 -83
-92 -366
-152 -401
-1 120
-104 216
-5 359
-48 -296
20 -132
-44 -28
-64 -15
-65 3
-45 -11
52 -42
2 -187
115 89
25 -100
95 143
18 -83
5 -71
-145 -517
-25 -14
-116 -348
-70 -643
-38 -129
-32 -229
-3 -77
15 32
28 130
43 94
10 57
19 -19
13 -33
42 -68
-44 -97
-61 -93
-133 -279
-336 -602
-147 -142
-157 -37
-66 -30
-8 -26
13 -18
-48 -46
-175 -285
-133 -332
-76 -282
-25 -152
-34 -588
-20 -154
-14 -465
17 -700
-88 27
-224 -101
-148 -98
-35 -66
-29 -123
13 -78
50 102
-16 -98
-48 -142
-40 212
-12 165
-30 173
-122 276
-110 574
-439 1261
-129 182
-207 143
-75 79
-93 189
-76 530
9 241
-17 178
85 174
-44 -3
-40 20
30 427
-29 245
-42 98
-56 -109
-119 -148
-104 22
-54 176
-54 109
-40 174
101 347
18 187
-66 220
7 283
-40 98
-63 36
-89 -5
-47 -419
11 -133
90 -264
21 -108
1 -180
-36 -255
100 -319
107 -141
117 33
17 -113
118 -123
28 -108
-16 -116
-37 -129
-89 63
-69 77
-2 149
-41 127
-200 303
-81 -29
-41 89
36 284
-73 424
-39 50
-106 36
51 -75
-21 -92
28 -144
34 -110
-30 -102
-197 -259
-11 -118
28 -280
-20 -373
9 -135
39 -164
-24 -285
9 -524
132 -339
41 69
30 71
91 -9
115 109
38 19
31 -63
14 -56
7 78
-8 178
41 -90
-5 -330
-23 -402
-33 -214
-117 -390
2 -134
-30 -251
-91 -327
-31 -36
-43 -28
-78 280
-22 -30
-14 -40
-18 -94
8 -285
6 -48
43 -158
-26 -184
-43 -141
-49 -208
-93 -146
-54 -103
-28 -77
-18 -331
-101 -175
-77 -334
33 -13
34 -4
-29 -79
-61 -78
-62 53
-28 48
-146 583
-84 739
15 56
-47 412
-20 40
-25 36
13 -159
-27 -172
-92 -79
-20 -232
12 -94
17 -49
-7 -22
-61 101
-143 276
-26 136
-100 6
-29 -69
-70 -3
-102 156
-43 182
-70 697
-48 308
-11 159
7 79
19 43
31 27
19 65
-7 38
-16 35
77 388
4 591
-38 227
-75 219
-51 123
55 40
41 52
13 -122
30 -74
43 -55
46 99
-136 328
-142 69
4 96
73 75
162 301
65 163
65 304
73 109
-24 125
3 168
129 279
1 57
-21 67
-64 96
-44 80
-40 31
-74 20
-69 -58
-34 -38
-45 -117
-18 -144
10 -222
-92 -76
6 105
-43 166
-146 232
-220 84
-96 64
-116 61
-90 -48
-68 -100
-103 -173
-61 -166
-29 -239
-15 -469
18 -82
63 -56
7 -81
-12 -90
-76 -77
-187 -261
-59 -187
-92 -140
-35 -114
-34 -226
0 -71
39 -64
21 -81
-49 -145
-41 -89
14 -11
18 23
22 62
20 30
35 18
68 -120
54 -207
15 -165
-47 -301
-30 -54
-57 -62
-74 150
-24 -9
10 -44
-20 -249
-49 -87
-53 -36
-117 -45
-124 26
-54 26
54 104
32 100
-22 -7
-79 -92
-27 -156
-69 48
-15 38
-16 -21
37 -113
16 -108
-21 -116
-39 -79
-170 -253
-204 -259
-88 -37
-53 19
-32 19
-58 93
-32 -221
-3 -157
-31 -88
-55 59
-52 211
-17 -26
-34 -265
12 -31
-6 -37
-62 4
-43 11
-39 59
44 133
-15 116
-45 48
-87 -109
-68 42
-36 173
-135 63
-63 62
-7 86
11 99
63 2
43 -13
54 58
9 60
-6 30
-41 -67
-30 -34
-28 65
-17 76
34 54
5 22
-62 -10
-36 61
21 136
-3 72
-25 -7
-43 -124
-78 -175
-33 60
-12 49
10 312
-61 312
-5 447
105 246
-32 90
-35 72
-26 -68
3 -182
-26 -70
-32 284
-24 111
-41 91
-92 -108
-75 -201
78 -91
77 -74
13 -41
8 -64
-74 -132
-85 -178
-15 -62
55 51
78 55
46 -53
25 -51
23 -143
53 -169
20 -123
-19 -95
-133 -116
-199 -338
-17 129
2 112
-25 86
-37 -22
-51 -12
-65 141
-41 120
-3 138
-155 191
-155 339
-45 -9
-52 -2
-90 236
-5 227
44 461
77 341
71 145
-4 162
48 35
89 36
72 -27
32 -21
38 -137
28 85
98 131
200 204
39 65
52 62
9 70
0 106
-10 15
-71 -192
-157 -149
-173 -133
-106 179
-198 104
-266 229
-125 80
-74 -3
-87 -40
-63 -48
-81 -103
-138 42
-70 90
33 97
1 150
-94 -145
-66 -1
-53 9
-103 57
-77 -132
-32 -153
-41 -136
-32 390
58 394
74 33
17 40
38 41
2 31
71 292
0 107
83 160
52 137
44 157
-79 102
-66 108
-86 233
16 88
58 91
17 71
-118 216
-72 96
-251 275
-65 132
36 162
79 17
199 -89
75 23
109 62
71 -33
-24 48
-21 83
59 94
85 70
17 91
-52 202
-61 140
3 -108
29 -126
-10 -111
-61 -50
-88 -27
-67 64
-37 49
-104 87
-28 112
26 169
108 356
130 524
111 179
145 154
-170 -114
-191 -117
-29 31
-8 34
-95 -254
-138 -232
-82 -63
-70 0
-97 36
-19 94
0 55
-41 145
-22 -249
-32 -112
-89 -56
-156 -10
-151 -63
-65 -13
-41 16
-37 73
-60 36
-15 39
-8 59
-12 12
-23 -73
15 -111
16 -28
25 -23
9 -40
-20 -109
-17 -48
-102 -152
-43 -88
-23 -91
-45 -96
-99 -153
-85 -112
-75 -75
-42 -16
-53 -8
-56 4
-60 15
-33 -9
-6 -34
7 -73
20 -113
31 -23
35 0
-22 -72
-90 -169
-81 -124
-127 -502
-125 -261
-41 -103
-82 -153
-73 -75
-103 -84
-79 -54
-53 -24
-41 12
-30 47
-71 172
-32 38
-27 -22
-5 -55
17 -90
21 -61
25 -32
11 -70
-4 -106
-15 -52
-84 12
-14 -17
-3 -40
18 -48
115 -154
25 -3
29 106
30 24
23 -21
-24 -70
-19 -176
3 -48
23 -30
37 44
7 -37
-114 -481
-83 -240
-105 -220
-124 -192
-145 -164
-99 -146
-54 -127
-44 -71
-34 -15
-23 -35
-12 -55
3 -46
18 -37
-11 -70
-72 -164
-26 -25
-37 -2
-49 20
-61 -10
-73 -42
-37 3
-1 46
25 68
54 90
57 31
61 -28
30 8
-19 124
-91 131
-5 45
47 146
41 55
33 5
147 -30
29 14
-4 88
-35 47
-63 68
-38 14
-14 -39
-15 -5
-17 29
-9 42
-2 53
23 58
48 64
23 44
-5 93
60 94
192 238
30 22
109 36
33 30
30 55
25 82
11 58
-17 102
-33 102
-19 40
-16 13
15 -111
-3 -60
-20 -40
-23 -31
-48 -33
-67 -4
-15 17
-12 82
18 204
17 78
34 76
53 72
21 55
-30 126
16 44
40 44
12 58
-17 71
2 55
21 36
56 56
21 34
26 129
102 198
32 84
-3 48
8 40
33 64
8 39
3 28
-19 64
-30 14
-150 -5
-19 10
27 50
42 42
53 27
62 18
33 94
144 639
56 85
112 78
30 36
-2 37
-16 11
-95 20
-10 18
13 29
36 44
85 156
8 -15
50 -26
26 -27
22 -42
16 -81
-10 -69
5 -16
22 15
101 123
18 62
24 163
23 65
9 53
0 89
10 52
12 1
11 -49
9 -100
40 50
53 159
7 98
-19 97
-5 64
6 32
39 49
87 39
30 49
20 51
6 56
-8 63
4 65
15 67
33 72
53 79
29 65
6 51
21 48
37 44
10 67
-6 84
55 37
25 91
15 26
100 75
36 2
53 -46
17 -30
17 -4
32 42
89 194
14 86
-18 66
3 35
79 18
18 37
14 186
9 36
59 49
46 100
28 33
33 6
25 60
18 116
30 101
75 166
31 48
103 92
40 422
54 3
8 11
29 162
0 127
12 35
76 12
54 27
4 -74
11 -7
62 203
31 30
45 -6
51 42
95 158
16 41
22 122
29 82
100 179
67 75
36 29
26 7
25 -12
51 -79
79 -238
29 -132
10 -112
42 -230
36 -48
84 39
96 72
27 -21
111 274
36 61
35 39
53 92
17 13
20 -62
12 18
74 170
19 69
-10 48
-13 6
-50 -23
-7 19
11 128
38 142
21 46
64 23
16 -15
33 -171
14 25
18 80
23 249
23 98
76 99
44 31
43 -1
41 -35
52 -87
63 -141
49 -138
7 6
-3 102
-46 125
-10 71
1 73
27 113
71 172
45 77
28 32
44 -45
19 -2
56 36
154 275
52 130
6 81
15 35
78 -34
25 2
53 48
69 140
34 134
28 178
44 132
60 85
52 119
103 334
6 45
-7 34
-40 61
8 363
11 133
15 31
79 71
40 50
58 129
15 70
15 191
-4 105
-80 -267
-54 -141
-55 -92
-44 -53
-32 -13
-19 -32
-19 -92
-23 -34
-49 85
-128 376
-29 133
-29 317
-50 71
-10 -4
4 -98
72 -459
10 -224
-27 -142
-2 -115
22 -90
30 -78
38 -68
1 -92
-109 -338
-74 -175
-98 -368
-20 -34
-63 1
-106 37
-88 5
-192 -83
-71 -55
-111 -161
-104 -123
-67 -48
-139 -70
-61 36
-21 53
-49 251
-1 63
12 46
127 315
-7 32
-10 11
-134 -143
-52 -73
-70 -138
-33 -113
-21 -180
-56 -157
-20 -35
-43 -47
-58 -32
-20 14
-5 46
-71 166
-2 119
44 142
15 111
-14 78
-3 66
8 51
20 8
33 -36
11 16
-23 119
-34 103
5 26
54 36
39 46
85 176
53 54
55 2
28 14
2 25
-28 56
-2 41
46 147
2 42
-12 38
-4 60
123 231
23 7
64 -56
7 11
-2 40
-44 164
12 19
83 -22
23 9
64 81
-25 29
-110 55
-18 17
3 15
124 49
72 89
35 28
99 17
6 20
-92 90
-16 38
35 145
-33 52
-20 66
-29 161
-3 92
9 107
13 70
17 32
2 36
-14 41
14 34
133 98
23 42
2 46
7 31
14 16
100 -21
55 3
42 12
28 22
21 53
14 83
24 55
33 27
38 -20
44 -67
8 -68
-28 -70
-15 -107
-2 -144
-15 -109
-29 -75
3 -16
35 43
41 87
7 42
-2 130
13 33
26 21
66 27
25 -11
24 -73
10 -58
69 -158
24 1
8 85
-3 78
22 49
86 51
90 84
14 -17
-8 -61
-29 -109
4 -15
26 22
23 47
22 72
6 61
-8 51
3 109
23 63
80 141
32 71
1 22
-200 -219
-50 -34
-21 14
-58 100
-5 83
25 152
23 33
46 30
16 26
-25 44
-20 90
-32 42
-3 30
10 40
22 35
31 31
19 60
6 89
-7 72
-18 54
27 106
73 158
50 133
8 199
-23 99
-59 -314
-61 -37
-96 -2
-26 34
-32 72
-28 140
-54 -104
-12 -50
-16 -24
-28 67
37 156
11 96
-14 69
-19 15
-24 1
-31 17
-10 474
-29 -15
-60 -70
-37 -51
-47 -88
-9 51
-1 130
-27 155
-52 181
-9 134
35 85
39 67
83 112
64 121
62 139
6 33
-84 -96
-51 -37
-75 -38
-124 -39
-40 49
-22 111
-24 69
-24 29
-20 113
-14 197
-40 148
-67 96
-21 5
-17 -77
-30 14
-7 168
4 174
42 299
42 560
-11 397
-53 445
-63 434
25 140
24 83
23 37
43 -12
24 0
9 13
-13 47
-22 32
-79 40
-24 -5
-77 -113
-29 76
-125 489
-26 195
-12 228
16 203
79 300
25 67
142 238
44 93
-5 88
-11 29
-108 160
-58 254
-7 -60
12 -131
-20 -42
-38 -25
-39 -13
-80 -7
-43 -10
-9 -11
128 -33
109 5
29 -16
80 -116
7 -36
-10 -29
-21 -42
-21 -15
-31 -12
-33 -1
-58 24
-64 52
-28 -7
-88 -99
-23 -62
-21 -92
-20 -33
-19 26
-23 59
-42 137
-86 236
-139 457
-49 180
-22 189
-14 -6
-23 -39
-14 23
-5 86
-23 99
-40 111
-106 214
-50 66
-44 27
-61 70
-79 114
-47 89
-16 64
-18 32
-36 8
-9 13
-186 472
-63 207
-66 166
-22 92
1 24
83 121
22 332
14 49
20 25
69 -5
53 -42
96 -122
22 -95
-6 -164
62 80
21 -6
39 -123
12 -16
34 -19
23 -46
41 -126
32 -139
2 -84
-17 -75
7 -21
51 71
10 40
32 -5
54 -49
13 13
-50 158
-43 265
-34 55
-45 33
-16 27
-19 71
-40 81
-22 73
5 40
19 39
31 23
43 6
30 -6
54 -35
101 9
-8 16
-40 33
-107 52
-19 32
30 85
-6 106
-76 -217
-33 -3
-166 156
-46 28
-113 -34
-64 -2
-6 25
18 301
-36 122
-78 87
-42 60
-23 161
13 52
33 30
28 10
34 -12
171 -90
78 -33
81 -22
107 -50
132 -77
178 -52
114 -116
9 68
-3 34
34 -17
67 -67
9 71
35 10
66 39
-9 15
-85 -9
-86 28
-162 113
-234 85
-46 56
-31 90
-24 21
-96 22
-192 167
-69 112
-18 179
-67 154
-56 73
-11 49
46 78
136 95
83 92
17 33
3 34
-19 -12
-31 -45
-179 -111
-78 -18
-83 6
-56 26
-79 137
-57 73
-81 77
-11 22
-3 65
16 31
67 67
1 62
-47 303
-12 -18
14 -299
-16 -25
-31 1
-58 20
-48 79
-161 319
-11 -26
76 -199
64 -212
0 -49
-18 -24
-35 -22
-88 110
-217 102
-165 -29
-125 553
9 88
-15 11
-81 -25
-29 9
-36 28
-73 100
-26 62
-30 153
-116 11
-16 42
-8 76
-23 21
-45 5
-38 27
-31 49
-68 74
-21 49
-20 111
-56 60
-51 35
-31 39
-12 44
-23 293
-46 -187
-1 -106
-230 -162
-90 -85
-59 -67
-28 -50
-32 -15
-121 68
-30 36
-35 136
19 38
93 76
88 35
31 31
17 4
52 -27
19 11
23 31
55 149
80 347
76 255
-44 -41
-46 -66
-38 12
-148 151
-76 58
-124 39
-61 7
-91 -7
-105 24
-23 21
-14 87
-21 -2
-53 -234
-64 -62
-22 -2
-97 68
-111 45
-142 85
-17 234
-21 41
-21 40
66 186
132 145
79 -10
34 -5
77 47
161 135
46 -2
68 -20
112 -61
61 -20
69 -7
65 10
61 25
56 37
52 50
-7 5
-67 -40
-62 -25
-57 -10
-63 2
-69 13
-91 36
-113 59
-95 -11
-69 -62
-87 -34
-51 44
54 63
140 108
68 39
99 22
115 4
27 17
-62 30
-40 31
-19 33
-2 34
15 37
11 69
-183 -220
-115 -109
-84 -59
-194 -160
-64 -32
-93 -78
-30 -88
-45 -43
-35 -20
-81 -19
-59 -4
-59 -37
-69 33
-82 107
-89 206
45 186
10 103
-6 169
-64 -165
-32 -252
-28 -21
-130 -22
-109 -147
-143 -102
-70 72
-78 189
-25 162
-138 90
-79 135
-83 123
96 102
46 178
25 26
61 18
97 8
66 24
136 152
19 42
44 55
-1 15
-17 16
7 38
89 185
0 54
-61 119
-13 -28
-13 -93
-22 -62
-30 -31
-33 -18
-37 -4
-49 17
-106 75
-49 76
-29 88
-6 42
19 101
-7 162
-37 92
-116 165
-55 22
94 -151
49 -54
40 -158
2 -67
-50 -121
11 -63
128 -291
10 -73
106 56
40 -5
10 -81
-23 -85
-51 -93
-107 -58
-92 42
-75 49
-39 212
-84 217
-103 127
-264 73
-51 87
81 259
4 53
-53 -56
-52 -23
-183 -65
-188 -78
-72 3
5 31
40 57
123 146
20 95
-6 3
-54 -81
-38 -31
-25 -8
-86 31
-24 -9
-159 -320
-161 164
-210 92
163 107
200 93
100 68
38 42
30 79
24 153
16 41
274 412
20 41
29 31
38 22
35 7
87 -13
1 11
-58 42
-34 15
-30 0
-63 -44
-120 -192
-40 -21
-40 14
-63 33
-24 34
-62 189
-44 37
-40 6
-113 142
-51 39
4 -25
60 -87
63 -74
67 -59
36 -49
24 -168
80 -66
-39 -196
-58 -112
-45 -123
-62 -122
-105 -48
-96 -16
3 131
-114 -102
-58 -33
-46 -6
-102 18
-69 32
-60 71
-38 19
-16 15
-12 45
0 24
36 35
49 34
116 133
28 104
10 305
-14 343
-10 -44
-23 -233
-16 -313
-12 -66
-34 -73
-181 -213
-84 -56
-74 -25
-118 6
-63 117
-99 150
-43 84
-30 90
-48 209
-1 44
27 54
21 328
50 69
92 46
-97 32
-94 -37
-24 34
8 70
-13 43
-30 -22
-40 -75
-43 -45
-45 3
-7 21
-5 123
44 389
-6 77
-21 6
-20 -169
-40 -172
-17 -177
-19 -31
-38 -3
-20 46
-7 167
-25 143
-1 70
-10 59
24 125
-3 68
-29 31
-14 43
1 57
20 31
88 24
61 30
14 17
-115 13
-27 19
-10 31
-21 266
38 151
78 74
74 42
52 12
47 -18
46 15
61 74
-46 -15
-109 17
-48 4
-32 -9
-100 -74
-118 -120
-55 13
-8 58
-58 53
-40 -1
-185 150
-53 2
-62 80
-150 219
-30 70
-6 132
21 139
61 83
22 74
16 13
78 1
23 14
79 91
31 3
81 -83
4 12
-14 54
-30 55
-37 37
-19 3
-44 -39
-27 -61
-36 -19
-186 0
-58 30
-52 56
-27 55
-1 55
24 126
-23 -31
-64 -126
-7 -78
50 -30
81 -76
18 -37
0 -33
-25 -31
-49 -30
-59 25
-68 81
-40 56
-12 33
-86 328
5 23
49 71
-9 38
17 63
58 14
28 -15
33 12
102 137
-6 8
-30 -11
-54 -32
-147 -25
-53 -16
-15 -22
-16 -5
-15 14
4 103
-26 158
7 52
70 85
-76 -34
-30 -35
-1 -119
-14 -117
-18 -45
-40 38
-72 -5
-19 14
-8 32
10 70
-13 3
-33 -32
-29 -9
-63 32
-13 9
-2 14
15 14
46 22
22 25
14 39
0 39
-47 97
-35 38
-140 67
-59 36
-30 33
3 54
13 19
-2 18
-16 17
-93 32
-114 -2
-17 14
-32 4
-18 -46
10 -85
-8 -29
-25 -12
-19 7
-13 24
-4 55
-18 41
-37 54
-80 79
-25 6
-11 -64
-29 -53
-30 -9
-39 12
-30 23
-46 99
6 8
86 -38
8 9
-18 27
-52 36
-34 36
-38 56
-31 19
-78 -76
-34 -12
-78 -63
-37 -9
-32 20
-36 -2
-39 -23
-24 -3
-25 29
-24 13
-76 -7
-133 24
-23 -3
-60 -66
-16 -45
-1 -46
-19 -31
-109 -62
-23 -23
-33 -75
1 -28
34 -82
-15 -102
8 -114
34 40
72 32
45 36
47 92
-8 15
-103 30
-8 15
87 47
11 13
-35 59
-6 45
18 26
112 24
58 -3
65 -29
84 -89
5 11
-9 36
8 14
77 -16
20 12
56 94
47 13
104 -22
8 -53
-12 -7
-60 5
-21 -20
-73 -110
-61 -39
-42 -57
-52 -99
-48 -69
-80 -67
-25 -11
-54 -7
1 49
17 101
-10 -5
-48 -109
-12 -73
8 -32
30 -3
52 8
114 80
241 230
-9 16
-49 3
3 24
143 121
51 -22
81 -61
63 -29
44 1
18 -11
-48 -82
-13 -48
-4 -65
9 -50
69 -100
4 -38
-31 -88
-4 -44
48 -682
32 -123
42 -76
59 -254
74 -204
5 -77
-94 30
-134 -22
-178 39
-70 42
-120 161
-125 84
-254 67
-196 110
-122 28
-72 7
-60 25
45 22
35 5
-5 70
-46 56
-21 143
-100 -270
-118 41
-36 114
-49 69
-127 -23
-100 -34
88 -70
84 -28
-114 -6
-118 5
-94 -28
22 113
-33 64
32 208
-32 38
3 185
-50 60
-50 106
-4 48
-13 30
-10 -101
11 -80
54 -64
14 -56
-40 -152
-1 -238
43 -51
-6 -26
-41 14
-37 28
-298 -14
-266 32
-101 -34
-75 14
-623 -110
-130 14
-128 -20
-95 18
-91 -52
-278 -32
-364 -18
-40 -35
-112 -55
-130 -49
26 55
-13 36
-56 -78
1 -46
-26 -26
-330 -107
-75 -45
-124 -41
-143 96
-86 38
-203 -15
-77 11
-181 55
-122 127
-16 16
-96 3
-101 -36
-69 82
-97 45
-162 46
-76 3
-228 -71
-186 7
-148 -67
-31 -19
-16 -4
-3 33
-26 -18
-50 -12
8 -31
24 9
12 -12
-29 -30
-113 -41
-107 -47
-120 15
-119 33
-157 216
-234 224
-86 51
-156 50
-104 5
-147 -42
-257 100
-204 19
-231 276
-140 135
-87 169
-144 75
-28 59
-80 79
-74 31
104 -101
-130 10
-78 -33
-30 2
66 67
-29 59
-80 113
-44 79
-28 97
-48 63
12 54
116 -28
155 11
36 91
-9 56
-63 129
-7 54
58 123
-4 38
-33 59
-12 53
5 132
-5 67
9 56
-28 101
-4 -48
9 -65
-27 -79
16 -370
-9 -130
-34 -97
-46 -71
-40 20
-24 32
-107 37
-58 74
-106 64
-82 34
-26 27
-40 26
5 -48
19 -47
62 -63
28 -69
64 -72
85 -20
48 6
9 -62
-26 -68
-119 14
-110 1
-170 91
-165 13
-217 231
-52 283
-88 74
-50 12
-69 5
-75 -45
-85 -84
-139 9
-102 33
-177 213
-227 199
-63 31
-72 90
-116 60
-69 146
-126 115
-56 123
-60 40
-90 -25
-65 28
-52 150
-36 48
-46 25
-127 -29
-137 38
-63 -13
-80 11
-89 -18
-36 85
-72 79
-12 85
16 226
-7 117
-57 200
-12 140
18 107
-79 192
-82 146
-93 32
-52 92
-88 312
11 233
-18 93
-159 113
-114 -17
-32 116
47 30
-8 102
-29 81
-102 129
-82 163
-242 322
-196 148
-161 56
-66 7
-67 -15
-142 28
24 59
-39 47
-109 7
-7 2
-189 65
-39 28
-106 121
-202 66
-146 227
-93 -3
-18 -28
4 -50
-9 -20
-36 54
-134 6
-66 52
-138 152
-158 125
-76 23
-76 0
-80 14
-167 234
-99 27
-141 6
-150 33
-54 138
-56 42
-220 26
-124 -18
-24 59
-180 75
-76 109
-148 254
-105 145
-43 172
-32 57
-70 61
-187 212
-365 355
-125 163
-179 98
-205 -45
-208 -92
-79 -81
-26 13
12 95
-52 1
-37 -18
-104 40
-51 66
-5 -68
47 -96
58 -69
63 13
34 -12
-32 -72
-44 -75
-13 -122
46 -254
12 -212
-43 3
-63 39
-77 135
-119 143
-109 176
-55 42
-92 18
-66 35
-60 112
-14 131
-38 92
-118 114
-3 60
-18 95
-96 84
-80 56
-70 102
75 173
-5 154
66 66
89 50
-154 13
-75 24
-134 98
-266 363
-44 132
-59 149
-301 203
-147 54
-136 5
-46 22
-11 23
-85 14
-164 -22
-281 -51
-109 10
-94 46
-170 225
-38 23
-59 3
-30 20
11 52
2 67
-113 105
-114 159
-224 383
-135 140
-93 131
-140 135
-132 267
-87 74
-106 45
-70 63
-337 95
-111 80
-8 83
36 100
60 95
97 98
81 134
55 38
191 43
74 -6
118 -89
64 -167
142 -34
61 -65
74 -35
94 -82
76 -90
66 -40
170 -240
-6 -41
-33 -21
-47 4
-64 24
-56 -23
-39 -47
31 -43
34 10
18 -21
31 -126
127 -112
249 -76
82 6
117 52
79 -10
127 -69
149 -138
276 -120
107 -20
46 -116
217 -142
141 -38
194 -2
140 -73
85 -14
58 -46
99 -5
72 -76
129 -24
172 -225
-15 -27
-109 5
-69 38
-106 80
-17 -24
9 -31
106 -109
161 -20
127 -126
43 -7
69 12
67 -94
41 -93
160 -92
176 -46
134 -224
169 -181
75 -24
94 9
97 -59
115 12
85 -72
59 3
73 -6
32 -86
17 -77
39 -60
287 -112
20 -53
-6 -62
26 -14
34 6
74 -53
-20 -118
96 -38
79 -7
265 -210
72 -74
171 -233
124 -117
96 -194
66 -30
126 -147
134 -80
82 -20
269 17
114 -52
144 -18
194 -58
121 -84
76 -37
382 34
109 58
152 -50
52 -55
50 -39
-95 193
-29 43
-15 89
-28 60
-180 285
-47 115
3 68
15 78
68 26
36 29
-71 189
-35 59
-55 67
-122 10
-52 142
-38 250
-20 45
-29 102
-28 37
-92 4
-26 -30
16 -35
-29 -11
-21 14
-89 18
-145 -23
-142 52
-141 106
-210 127
-174 66
-141 21
-68 41
-47 44
-150 80
-184 158
-76 26
-40 -4
-72 15
-25 77
-54 78
-151 31
-99 30
-123 117
-73 104
-25 22
-46 12
-104 75
-84 85
-93 67
-87 208
-269 190
-148 161
-41 135
-37 65
29 72
-3 90
-51 229
-68 -48
-142 -37
-110 22
-94 32
-54 42
-73 41
-90 101
-71 100
-83 333
-50 18
-51 4
-95 31
-113 63
-67 73
-6 79
13 193
-176 207
-84 33
-45 2
-50 25
-49 70
-53 29
5 -42
47 -41
-62 -71
-105 -83
-105 -72
-306 41
-94 81
-24 50
-16 58
22 112
27 76
48 73
43 48
-37 2
-108 -88
-36 -95
-35 5
-37 34
32 136
31 49
-5 57
-114 36
-41 55
-118 230
-71 92
-100 281
-27 42
-32 15
-17 -44
0 -60
13 -52
43 -51
8 -38
-107 73
-192 193
-89 6
-79 58
-76 134
-14 107
-21 36
-14 72
15 53
-16 37
-65 23
-55 -5
-9 -33
112 -200
0 -38
-456 680
-135 150
-270 206
-162 162
-253 165
-135 167
-232 213
-52 79
-150 151
-300 146
-339 -3
-170 122
-146 70
-54 26
-127 222
-111 -24
-130 8
-131 -12
-92 -65
-101 -92
-82 -62
-35 -55
-32 19
-2 72
-22 93
-84 75
-35 7
-55 -15
-67 -117
-14 -166
-62 -99
-50 -27
-70 53
-88 46
-153 38
-99 50
-270 196
-144 178
-119 63
-134 107
-156 335
-62 198
-80 128
-99 231
-84 134
-195 213
-149 119
-159 138
-138 423
-124 319
-22 153
-84 330
16 221
-13 77
-38 72
-80 85
-190 162
-37 113
-101 102
-121 237
-117 146
-76 154
-136 416
-80 189
-63 218
-201 334
-55 343
-84 346
-36 94
-10 146
-230 242
-99 381
-239 384
-58 570
-183 377
-74 297
31 102
10 195
195 442
87 308
202 330
33 185
0 150
19 13
18 -60
31 -175
28 -3
73 89
38 35
3 41
-55 66
-38 -4
-40 6
4 38
61 102
-4 34
-32 30
-88 -95
-26 20
-15 191
-168 470
43 -27
84 -165
22 -57
1 -53
26 -67
31 -56
61 17
-2 35
-46 63
-34 71
-60 161
-91 163
-166 182
-138 193
-302 374
-138 143
-74 106
-97 109
-299 278
-272 266
-23 30
-317 416
-113 178
-125 264
-64 231
3 539
-28 128
-164 384
-54 125
-123 166
-51 281
-31 245
-195 411
-99 355
13 28
48 -98
14 -74
22 -30
0 94
-67 175
-50 236
5 158
12 92
43 53
61 57
101 -17
13 24
-22 45
-17 61
26 106
-33 113
-42 4
-36 -13
-60 40
-88 45
-42 80
-106 -4
-29 -2
-29 -51
0 -34
63 -74
56 -45
3 -42
-77 -85
-62 2
-146 208
-250 272
-74 63
-186 274
-91 95
-175 100
-244 187
-407 508
-132 132
-110 84
-27 1
-19 0
-58 -8
-64 -135
-23 -21
-48 75
-59 118
-46 48
-65 -4
-45 8
-72 -40
-165 -128
-106 -19
-159 54
-174 115
-57 56
-91 310
-191 161
-38 39
20 38
66 17
31 59
122 115
64 -22
48 -55
84 -198
90 -76
150 -26
-15 27
-47 38
-79 173
-217 310
-110 72
-86 -27
-56 11
-79 77
-42 99
-64 261
-83 104
-103 222
-126 159
-115 100
-75 21
-156 2
-75 -28
-115 -92
-134 129
-34 61
-8 92
-23 75
-9 85
58 2
43 -8
112 -124
88 -48
11 79
-54 105
-76 124
-83 32
-152 7
-65 82
-106 94
-111 68
29 25
146 -12
58 85
18 101
-35 149
-12 166
36 130
-81 11
-35 64
28 63
-8 124
-50 113
-27 132
-67 34
-55 18
-295 172
-46 134
-50 102
-4 49
47 24
140 16
46 21
22 64
24 30
-189 29
-273 120
-161 14
-57 55
6 179
49 228
50 66
61 25
40 61
7 176
20 44
47 56
100 -29
67 -35
185 -186
146 -105
31 -43
48 -49
63 -8
74 7
48 51
27 39
25 169
36 74
246 376
43 -66
73 57
63 28
76 44
52 115
21 20
46 45
36 65
14 195
-23 161
-64 131
-91 107
-31 78
-58 60
-11 40
-28 49
-86 107
-181 45
-44 33
-48 26
4 31
46 10
38 -19
63 -11
-17 25
-29 24
-6 94
-33 5
-24 28
20 32
37 29
43 63
-100 42
-72 45
-109 159
-83 92
18 -73
79 -118
55 -96
95 -66
6 -28
-56 -38
-82 -101
-109 26
-47 -32
-25 -28
4 -53
-10 -54
-161 44
-356 208
-288 240
-27 29
-92 97
-177 123
-90 35
-33 44
-144 76
-3 87
-114 70
-72 9
-229 -38
-3 -42
14 -33
-109 4
-182 124
-215 96
-104 -76
-139 -209
-121 132
-92 29
-109 14
-138 -8
-238 28
-54 32
-63 21
-128 -28
-119 -14
-77 -26
-50 -60
-47 -32
-45 -70
-43 -5
35 112
-47 5
-70 -30
-71 7
-115 69
113 80
-17 30
-148 -16
-26 52
-5 45
44 40
7 50
-328 -166
-110 -81
-126 -33
-7 -60
-108 -55
-74 -48
-84 -39
-25 -73
-11 -62
-32 -7
-89 30
-40 1
-92 -107
-41 -31
-30 -6
10 -61
-27 -26
-70 -31
-60 -55
-26 -43
-34 -37
-21 -53
22 -176
-49 -47
22 -74
-13 -43
-46 -75
-67 -57
-50 -25
-251 -12
-132 79
-150 -27
75 -216
-97 -165
-128 -67
-100 137
-69 28
-159 33
-90 -73
-101 -329
-45 -236
-89 -148
9 -128
-58 -55
-62 -108
-25 -132
-50 -52
-193 27
-182 36
-255 -21
-161 -87
-107 -104
-53 -84
-202 -161
-68 14
-148 83
-37 103
-4 -76
40 -97
-99 -50
-164 -49
-51 -70
-76 -217
-104 -61
-207 82
-97 19
-249 -34
-191 72
-112 2
-142 -9
-64 -98
-48 -95
-46 11
-34 20
-80 93
-48 154
-229 235
-42 71
-39 94
42 30
34 6
103 122
137 74
37 46
-203 -23
-22 41
30 63
125 46
278 -13
79 51
-44 9
-57 -7
-189 18
-128 76
-94 16
-198 -93
-313 -99
-68 -41
-70 -64
-46 -73
-50 -60
-51 -143
-13 -22
-108 -179
-142 -149
-93 -146
-151 -93
-352 -340
-88 -51
-348 -54
-91 48
-118 94
-149 87
-74 -43
-65 -17
-308 225
-160 61
-124 -1
-82 -48
-20 -61
49 -100
-63 -72
-67 -17
-115 39
-72 84
-153 246
-368 702
-119 115
-133 90
-165 143
-229 144
-123 29
-417 212
-87 64
-124 149
-163 152
-195 87
-212 163
-123 7
-231 90
-186 85
-214 134
-281 90
-158 80
-279 90
-172 91
-576 359
-185 72
-172 25
-94 6
-244 323
-131 90
-260 62
-137 5
-47 90
-66 25
-46 44
-130 162
-178 74
-201 121
-95 82
-161 53
-126 75
-261 203
-144 40
-288 -75
-18 -60
-42 -57
-85 79
-185 8
-94 114
-93 39
-176 130
-138 72
-151 196
-114 204
-195 137
-84 122
-142 84
-92 87
-287 549
-135 182
-78 226
-241 322
-49 97
-102 328
-85 136
-132 306
-94 164
-93 326
-67 106
-101 93
-127 158
-61 144
-87 99
-48 94
-95 242
-72 96
-56 37
-199 34
-62 28
-193 280
-56 115
-121 125
-225 325
-68 74
-52 56
-197 26
-233 1
-440 59
-219 66
-126 12
-93 41
-99 9
-425 1
-301 -47
-194 -3
-528 109
-104 8
-136 -8
-148 -42
-226 -25
-108 -30
-218 -44
-363 -31
-293 -72
-121 -57
-64 -61
-23 -113
-116 -6
-82 -24
-113 5
-115 76
-46 92
-37 28
-90 -18
-126 -78
-104 -19
-83 -13
-161 13
-202 -39
-312 -28
-135 15
-394 114
-79 -7
-124 -38
-112 -88
-58 -55
-238 -81
-77 14
-132 65
-232 -27
-104 15
-93 -40
-175 -21
-244 -95
-110 -10
-237 -85
-120 -16
-197 5
-84 -17
-29 -20
-109 -107
-87 -34
-250 -67
-314 -32
-130 -81
-164 -40
-107 -77
-76 -110
-71 -25
-272 33
-152 133
-93 26
-207 11
-283 -32
-210 -52
-187 -269
-298 -40
-131 3
-228 52
-183 -8
-326 85
-310 51
-402 13
-179 92
-151 -40
-122 9
-310 -140
-53 -44
-72 -107
-194 46
-140 1
-90 60
-134 -28
-167 -167
-70 -23
-126 -73
-149 -76
-123 11
-133 -39
-195 -25
-304 -126
-176 -42
-144 -163
-101 -68
-106 -50
-58 -57
-81 -62
-174 37
-117 -96
-102 -95
-411 -97
-148 -93
-105 -39
-45 -111
-112 -20
-76 -13
-178 -22
-113 -43
-40 -55
-17 -104
36 -227
-67 -32
-86 -28
-138 59
-111 -62
-109 3
-212 145
-129 52
-90 -7
-237 -61
-142 13
-115 39
-600 255
-198 -24
-367 -160
-65 -72
-109 -189
-119 2
-181 -73
-205 -42
-404 -136
-102 -64
-144 18
-201 90
-127 21
-71 44
-57 100
-7 87
-31 -1
-27 -63
-53 -34
-50 -13
-32 111
-23 103
16 279
34 68
203 159
29 62
-3 73
-26 75
-115 135
-25 69
-7 59
45 114
132 69
15 41
-150 -42
-73 -126
-20 -174
-59 -84
-46 -40
-62 -40
-51 43
-35 43
-16 114
30 125
-226 39
-181 48
-46 -18
178 -118
56 -83
-21 -76
-37 -66
-43 -12
-109 69
-100 84
-7 -23
12 -119
-164 -74
-139 3
-100 79
-85 11
-46 -3
-9 -120
-86 -37
-77 -25
-113 -136
-131 -25
-177 104
-230 -72
-36 -155
-168 -17
-103 -24
-69 124
-54 140
-103 173
-41 164
-158 -16
-140 -59
-186 -339
-41 -178
-17 -106
-124 -43
-136 -40
-17 219
-105 162
-33 88
-24 35
-35 7
1 -44
97 -224
8 -64
-37 -113
-101 -171
4 -181
-148 -49
-75 23
-28 95
-46 68
-122 2
-88 -37
-172 -23
-53 -16
-85 6
-118 -54
-85 -54
-66 -75
-6 -99
39 -5
32 14
124 124
307 103
103 0
107 13
48 -40
-6 -78
-29 -66
-203 -50
-104 -39
-68 -122
-17 -123
-7 -159
29 -21
4 36
81 275
76 62
109 -41
52 61
60 40
266 78
67 38
55 19
39 -95
4 -37
-14 -81
-42 -61
-36 -24
-107 24
-42 16
-33 1
-39 -14
-50 -62
-36 -143
-7 -68
-31 -94
-4 -168
21 -132
-51 -304
-129 -8
-94 77
-62 74
-75 -151
-134 -172
-60 -129
-54 -61
-127 -220
-95 -49
-70 -2
-88 73
-77 138
5 67
29 29
43 15
112 -60
5 -82
17 -37
30 25
37 62
15 141
47 191
89 127
-1 35
-116 -69
-67 22
-46 25
-59 195
-64 120
-21 179
-1 32
22 13
29 -22
40 5
28 30
-21 140
-97 105
-89 57
-109 -56
-100 50
-27 -58
-118 -187
-102 -80
-101 159
-29 81
-8 52
-23 57
-36 -18
-52 -91
12 -80
67 -81
22 -63
10 -67
-50 -54
-84 -67
-56 46
-15 40
-27 139
-30 54
-61 -3
-53 28
-25 124
14 142
26 144
62 94
129 68
77 31
6 32
-225 81
-62 6
-52 19
-25 40
-88 69
-39 110
-31 7
-21 -144
156 -326
-3 -396
32 -150
14 -185
-163 -6
-112 14
-88 78
-102 25
-29 131
38 73
28 98
-48 163
-29 -48
0 -72
10 -47
-23 -52
-79 -113
-198 -41
-254 2
-303 22
-49 -9
-26 18
-38 47
-37 81
97 36
83 17
71 28
62 66
77 13
85 33
5 93
-25 -3
-14 -47
-31 -30
-67 9
-86 -17
-62 -26
-56 -34
-68 -11
-61 106
-32 96
-86 56
-15 -56
31 -64
38 -146
-24 -128
-25 -61
-116 -28
-63 -5
-124 153
-42 98
20 62
-66 52
-28 -60
48 -315
-90 -100
-129 -196
-72 114
-84 91
-13 51
-35 68
-72 275
-41 81
26 -236
-125 -11
-28 33
-79 67
-110 119
44 86
243 142
50 70
-3 26
-77 -39
-58 79
-23 -4
0 -41
-46 -82
-139 -84
-102 18
-2 -40
122 -292
21 -17
19 -34
218 -141
72 -35
106 -198
21 -80
-47 -78
-62 -54
-65 74
-83 53
-44 -37
-17 -151
-2 -258
-105 40
-95 72
-182 168
-24 125
-44 103
-19 79
-12 94
-33 82
-10 122
10 89
-71 181
-65 44
-287 -34
39 -140
-102 -127
-31 51
-72 173
26 79
-32 36
-11 47
5 58
-60 103
-104 68
-81 64
-29 135
79 194
131 261
61 328
62 17
42 -66
17 -56
64 -84
110 -326
8 -48
18 -34
24 28
14 42
-133 366
-133 218
-58 53
-84 -4
-43 -29
-55 -102
-61 0
-30 11
-133 90
-47 5
-38 -4
-27 -10
-52 -36
-38 -62
-13 -46
28 -37
27 20
76 111
54 12
55 -17
45 -62
55 -45
60 0
24 -40
11 -60
-11 -48
-86 -101
-83 -193
-28 -123
-8 -67
20 -131
-7 -74
75 -117
0 -35
-59 -1
-62 -18
-17 -46
-18 -85
75 -206
4 -94
35 -61
15 -70
-13 -31
-53 30
-31 28
-115 61
-66 26
7 57
-27 57
-110 37
-64 -36
-62 22
-49 99
26 204
-24 125
91 204
-29 138
61 66
75 -6
0 60
-47 51
-67 -72
-105 -96
-47 -105
-83 -299
-67 137
-61 48
-90 122
-19 216
28 67
24 32
45 7
85 -4
110 88
70 130
69 36
66 -11
41 65
7 67
-31 141
-44 26
-22 40
87 123
18 89
-16 414
-23 147
-45 154
-39 -43
-17 -37
-22 -206
37 -182
-4 -139
-164 -335
-4 -174
44 -5
25 -44
-13 -52
-58 -104
-52 -57
-65 -21
-185 -6
-55 -82
-66 -55
-48 55
-129 271
-41 178
89 18
81 38
37 35
122 180
68 149
62 231
238 510
-47 161
-35 72
-42 -8
-33 -17
-113 -109
-73 -111
-126 -341
-252 -50
-39 -101
28 -11
38 36
60 39
112 -25
52 -89
-16 -139
3 -168
-7 -57
-96 -107
-68 15
-53 21
-161 203
-34 73
-57 229
-80 178
-38 250
-42 146
58 215
46 87
209 48
122 -37
74 1
147 32
264 131
73 -18
121 44
57 115
39 117
12 172
147 484
8 144
41 143
43 59
153 114
64 206
-6 107
-52 127
-94 564
50 49
109 -100
185 -197
298 -226
38 -48
41 -68
-26 -147
61 -133
-9 -96
26 -56
25 104
-2 143
14 160
58 23
43 5
142 -36
207 -78
103 -57
-12 -67
-40 -84
18 -7
77 124
87 80
111 14
170 51
84 45
117 106
101 189
56 161
30 124
37 43
67 -52
55 -59
27 -65
21 -155
-15 -227
34 67
33 251
73 24
70 -35
40 5
-114 99
-111 81
-65 83
-62 148
14 111
107 232
64 88
61 43
517 121
38 -32
57 9
295 219
138 203
126 132
60 98
105 250
103 187
78 203
258 376
65 74
42 31
36 102
88 -54
26 -70
-26 -163
-5 -75
31 -53
44 184
81 155
64 72
70 39
223 37
88 -31
100 -85
63 -145
49 -651
39 -127
452 -610
111 -119
98 -57
75 -23
103 -23
114 9
83 43
194 164
199 135
320 317
29 59
45 297
25 52
40 39
84 146
69 158
-42 432
-1 119
63 33
69 7
80 -99
135 50
184 287
116 71
81 24
122 -42
109 69
261 -66
158 21
58 32
50 62
228 204
105 146
53 125
77 283
34 56
56 57
20 -61
-2 -62
42 -187
150 -398
93 56
33 159
102 162
18 162
-59 164
-74 76
-110 28
-105 89
-20 96
76 343
59 48
50 27
140 23
149 -2
124 -34
94 -55
36 -44
39 -67
-11 -97
-58 -190
-35 -146
-33 -24
-15 192
-87 -1
-42 -39
-27 -164
-12 -155
18 -151
60 -3
57 50
29 12
15 -26
-6 -84
40 -78
59 -198
60 -88
132 -73
225 52
178 -11
328 -110
133 -27
159 3
66 19
76 64
74 152
-5 48
-21 65
-36 -16
-21 -33
-40 232
-68 238
-86 260
-142 350
-10 151
8 409
42 254
63 161
156 403
76 93
140 56
216 -148
103 -33
159 25
246 78
56 37
15 33
55 122
257 49
106 6
30 -54
52 -48
6 125
64 -72
48 -83
19 -86
92 -43
163 34
135 -70
53 39
-13 146
-106 122
-43 219
-37 245
18 220
-12 271
19 208
136 1076
41 152
124 669
237 828
266 533
84 99
177 40
164 111
299 308
488 361
107 55
116 4
309 -30
37 -19
43 -32
-7 -188
56 -139
153 -189
117 -70
127 -40
180 21
214 195
144 -12
174 -133
169 -244
124 -216
212 -519
151 -136
75 -47
161 -59
33 50
10 40
60 43
132 -17
70 -20
93 -28
145 -74
90 -16
377 92
174 31
40 48
-11 67
5 59
63 49
56 30
395 -49
92 19
-95 39
-190 32
-137 48
-73 -11
-98 -61
-64 -68
-9 -70
-44 -72
-78 11
-249 -58
-210 -27
-193 38
-197 193
-198 246
-83 59
-58 29
-29 44
29 286
-4 372
-225 316
-98 392
-86 75
-40 138
-5 55
-2 77
97 255
35 190
-32 302
-88 133
1 143
-38 193
200 537
66 93
-4 103
154 159
137 225
130 42
233 208
168 63
70 52
37 49
340 450
136 158
128 111
263 144
435 166
116 67
103 85
53 63
80 -40
120 -25
82 -2
191 74
96 93
109 32
106 23
45 45
95 210
140 211
51 42
75 -21
65 26
66 83
172 17
-28 43
-49 33
161 -5
123 41
56 59
48 31
120 -125
103 -13
106 -3
-25 48
-61 16
-90 55
-50 139
-108 15
-5 93
137 286
-17 82
-63 17
-122 -35
-18 -33
44 -70
-13 -31
-278 27
-109 -81
-91 -171
-101 -24
-47 11
-42 -26
13 -126
-38 -55
-148 3
-73 -16
-137 -98
-80 -174
-218 -235
-22 -122
-35 -38
-36 -52
53 -102
-15 -68
-83 3
-65 17
-85 -26
-52 30
125 119
90 122
198 338
222 308
222 231
190 173
170 128
472 320
625 267
438 287
288 246
204 229
172 247
124 224
132 3
133 104
103 45
131 27
251 15
267 -37
185 71
109 -24
68 42
73 -14
65 -25
180 -23
175 -62
91 1
93 19
113 6
58 -49
79 -47
42 34
1 35
47 60
244 43
60 -37
0 -66
31 13
28 121
219 144
47 -29
29 -77
29 -185
123 -40
-68 88
-10 80
4 88
40 48
92 -30
39 56
-34 129
-4 87
-93 -56
-14 39
180 179
69 95
100 21
3 -51
29 -30
36 75
3 37
44 46
172 239
288 455
257 270
126 236
314 659
32 129
-1 178
-40 138
2 63
45 31
73 10
85 98
24 110
195 263
46 285
19 48
42 49
45 -51
22 -53
100 -7
52 44
50 269
-6 220
66 101
34 181
-55 163
-43 27
-37 -115
11 -108
-22 -75
-44 75
34 162
21 204
48 164
7 145
52 30
61 -15
49 -28
34 -5
47 13
23 75
2 68
-48 21
-79 -36
-53 20
-40 65
-24 58
-6 129
32 248
0 459
-6 80
102 54
57 47
52 -45
91 -12
64 18
271 274
66 123
160 460
85 123
79 12
309 -34
14 -1
91 -24
268 92
207 126
125 40
60 62
62 130
215 201
143 77
133 20
87 96
238 61
226 141
93 156
77 62
118 52
176 31
432 -42
206 2
388 89
262 164
70 74
71 135
145 124
62 -17
326 -44
138 12
134 39
280 39
260 62
317 102
323 80
22 -4
278 -58
310 -53
318 -17
281 -47
624 118
28 -25
-98 -41
57 -40
53 13
233 -6
93 40
50 12
34 -20
22 -26
-29 -54
108 22
115 36
92 72
126 124
114 2
126 69
63 -20
54 -68
7 64
34 44
125 53
-21 37
-117 129
-195 26
-10 52
1 45
122 162
253 221
116 62
375 268
446 220
157 57
103 -26
141 79
38 37
-52 1
-43 -11
-40 -23
-54 -1
28 41
188 134
120 -2
-17 58
30 32
235 155
148 170
82 132
100 224
6 14
259 174
149 169
228 170
76 37
85 -43
-32 61
16 66
162 167
310 256
300 183
523 191
316 76
121 56
99 -2
125 -42
55 6
58 18
39 -6
62 3
138 41
107 12
264 -29
21 -42
95 -4
123 -50
391 -58
209 -107
268 -47
350 -93
316 -158
85 -89
37 -67
75 -431
-40 -182
10 -225
-14 -204
47 -156
84 -114
30 -94
25 -220
199 -126
121 -325
188 -170
188 -253
268 -223
72 -90
159 -114
63 -210
152 -210
112 -118
193 -339
71 -158
70 -98
70 -163
124 -193
49 -270
17 -240
-74 -401
-16 -319
-50 -123
19 -162
38 -160
70 -82
62 -154
-59 -124
14 -250
131 -344
71 -82
60 -156
65 -105
79 -293
10 -150
-38 -55
-88 -20
-16 -274
-77 -135
12 -69
-59 -80
-168 -180
55 -32
55 33
101 79
39 12
67 -5
22 -73
0 -50
-64 -79
-203 -73
-206 -57
-194 -185
-67 -100
63 2
380 82
85 28
104 22
49 27
43 41
76 1
39 138
96 -9
102 -44
-22 -85
-40 -59
-143 -83
53 -39
54 -55
25 48
13 49
76 42
38 37
61 42
107 -9
104 -45
96 -59
-46 -70
-7 -58
66 58
8 -69
53 -38
83 -92
76 -106
47 -50
-41 -106
-122 -57
-68 -43
-20 -47
150 -24
211 -106
25 -98
-17 -88
97 -134
64 -193
84 -73
-15 -95
18 -75
69 -4
-8 -102
9 -101
33 -94
26 -101
55 -27
79 -126
57 -41
0 -83
37 -50
-7 -81
5 -102
65 -74
35 -68
18 -129
-21 -41
-33 -21
-41 27
-44 14
17 -52
79 -86
-49 -94
-6 -36
15 -44
33 -43
14 -34
-30 -75
-77 -78
65 -72
-9 -36
-24 -46
-57 -13
-33 -74
-67 -64
-66 -52
-79 12
-106 -144
-83 41
-95 -69
-70 10
-42 17
-46 101
-38 -96
-94 -17
47 -67
78 -70
1 -110
-342 -281
-49 -164
-38 -56
-427 -197
-161 -50
-92 -66
-34 -52
-26 -61
73 38
64 46
240 46
88 47
220 61
240 85
-135 -271
-59 -135
55 -183
39 -96
-26 -118
-38 -56
-27 -87
-93 -143
166 -183
33 -53
55 -51
67 15
51 -4
154 -107
114 -33
65 -7
85 -19
62 -52
49 -21
76 80
39 -4
62 -53
-48 -97
-46 -37
-105 -173
-87 -95
-130 -234
-40 -115
-193 -302
-53 -249
80 -113
8 -354
38 111
152 324
-37 209
31 39
48 47
139 12
63 103
100 98
163 -1
93 19
213 148
40 59
116 92
214 104
94 17
54 181
161 135
31 57
12 94
50 61
198 173
216 119
114 120
85 49
179 223
37 24
69 109
42 39
106 -7
151 24
240 -75
71 -98
55 -133
12 -116
32 -155
97 -75
72 -42
105 -33
27 -50
3 -55
45 37
31 -2
167 -58
101 -53
95 -27
79 -10
426 -167
204 -58
390 -24
422 -144
131 -107
89 -135
-3 -85
-77 -11
-173 -95
37 -5
41 5
90 -13
58 -33
284 -87
65 -42
-2 -52
-110 -40
-88 -8
-37 -27
-47 -48
34 1
44 23
84 17
132 -50
71 -46
146 -162
-92 -105
105 36
66 -2
79 -163
252 -311
152 -134
118 -371
20 -184
219 -393
-13 -73
-93 -70
-264 -95
-53 -71
143 76
107 34
112 9
87 -17
48 -88
54 -214
78 -478
5 -314
-40 -231
33 -269
-24 -180
-69 -82
-98 14
-96 -2
96 -42
90 -296
53 -230
55 -504
-54 -87
-110 -48
-92 -31
-93 -5
-115 -41
19 -13
17 -10
320 38
212 -23
81 -38
94 -116
60 -196
118 -68
149 -185
187 -190
35 -89
8 -101
50 -125
-28 -117
-117 -87
-107 -67
-175 -25
-61 -79
112 60
194 5
147 25
194 102
288 4
72 -34
148 -116
61 -74
129 -111
339 -388
179 -277
109 -189
17 -73
-41 -1
1 -17
34 -80
159 -144
16 -37
68 -149
12 -173
-19 -64
-63 -77
45 -320
-13 -64
-86 -171
-5 -158
-78 -110
99 -139
37 -84
51 -92
3 372
125 71
118 54
98 23
25 6
69 39
60 1
60 30
60 52
49 130
97 49
92 -82
103 -139
42 -221
35 -75
215 -203
47 -77
-79 -36
-2 -141
-60 7
-52 27
-71 -4
46 -23
29 -46
27 -26
49 -6
88 -72
85 -108
20 -60
10 -43
-6 -35
-26 8
-74 -23
-57 17
5 -19
15 -18
41 -31
-64 -36
-26 -24
-5 -19
-5 -20
135 -81
258 -114
24 -35
17 -50
-54 -8
-46 8
-46 -51
-15 -90
44 46
99 33
91 -24
43 -20
66 -75
1 -32
18 -30
89 0
24 -71
32 220
-16 314
87 147
11 193
36 119
60 42
-41 -363
50 -460
-43 -245
13 -88
-11 -155
-66 -307
21 -376
-31 -329
2 -96
-92 50
36 90
-21 295
-55 131
-31 -47
-23 -55
9 -354
-360 -662
-3 -94
-18 -79
-7 -106
52 -188
37 -172
69 -167
30 -196
215 -238
44 -2
58 -14
57 -141
-21 -742
-41 -144
-46 -448
-52 -291
21 -268
76 -94
120 -62
120 -29
71 53
69 -53
104 -18
108 -56
148 -217
123 -212
29 -227
57 -178
-18 -293
-15 -44
-5 -62
84 -80
112 -50
161 -49
159 -20
58 -29
61 -54
63 -90
-41 -118
-39 -81
-94 -42
-118 -42
-156 67
-49 0
-56 27
47 282
0 94
-131 44
-67 -32
-30 -80
86 -164
-10 -48
-92 -63
-55 -73
-112 -313
-53 -275
-208 -443
-36 -206
-128 9
-57 -84
-157 27
-89 24
-64 31
-205 76
-120 125
-129 55
-182 125
-127 29
-195 -25
-163 -8
-126 -119
-62 -36
-34 -57
-78 -239
0 -83
25 -67
61 -53
116 -41
86 20
50 -45
42 -67
125 -103
89 -17
174 -120
292 157
59 71
149 91
128 129
213 71
69 -4
109 -92
160 -41
2 55
17 34
121 -149
55 -44
224 -112
69 -10
87 0
38 49
19 39
92 381
36 73
60 66
47 29
56 36
128 147
118 -18
171 -107
97 -232
2 -103
-14 -118
-111 -204
-39 -12
-32 -39
0 -85
-49 -81
-129 -29
-171 -110
-87 -172
-90 -275
-416 -591
-25 -364
5 -119
33 -114
32 -149
-20 -84
-55 -57
-161 -19
-153 -81
-138 -50
-49 -51
22 -59
75 -56
72 24
33 82
8 58
22 22
-8 -124
121 -391
-52 -77
-188 -201
-87 -125
-56 -33
-116 -165
-83 -47
-200 -61
-132 -117
-53 -37
29 66
64 84
-31 19
-79 -57
-133 3
-159 -44
-104 -43
-72 45
-120 31
-88 -35
-34 -117
15 -149
-65 -122
-100 -108
-277 -142
-294 -412
-54 -113
-21 -86
-46 -32
-61 48
-48 53
-154 47
-309 30
-70 -45
-14 -80
21 -30
34 -28
60 13
30 43
27 17
38 -39
19 -45
103 -56
151 -138
93 -132
143 -82
21 -30
231 -323
179 -134
168 -252
170 -421
29 -193
-7 -235
25 -43
57 -42
27 -95
-5 -100
37 -143
29 -222
-40 -75
-79 -71
-101 -132
-17 -60
-17 -63
-134 -149
-128 -420
-60 -129
-135 -163
-74 -224
-26 -141
-6 -151
46 -191
192 -166
55 -91
45 -39
21 -52
-29 -6
-65 69
-89 51
-13 -46
12 -68
-21 -184
45 -55
51 -111
111 9
26 34
24 13
23 -17
-24 -67
18 -68
128 -35
45 12
47 -8
94 -129
54 -64
39 -46
54 -168
65 -32
36 -56
220 -163
51 -96
273 -222
151 -101
269 -127
80 -13
62 -29
40 -25
17 -72
76 -54
121 -64
169 -36
54 9
74 30
76 52
63 32
75 93
82 -12
101 -41
-4 -48
15 -40
25 -36
35 16
36 44
45 -4
82 6
-2 51
-27 18
-6 18
204 11
59 18
50 -16
70 -49
95 -38
51 36
15 36
45 57
100 32
-46 15
-88 -13
-64 -33
-56 -3
-63 31
-3 31
19 54
102 -7
82 -23
348 27
376 -53
419 73
257 82
61 65
97 66
113 69
73 24
409 -111
16 -42
1 -34
59 -39
46 25
31 45
-11 38
-89 4
11 22
119 64
24 31
37 27
49 -68
37 -65
161 -78
128 -277
-3 -30
-71 125
-72 53
-3 -38
47 -54
-5 -82
-42 -44
1 -44
69 -42
64 -69
41 -56
20 -86
-16 -35
3 -47
29 -10
62 -6
19 28
9 110
-115 208
32 -10
386 -486
50 -259
-26 30
-18 64
-16 -14
-19 -52
8 -68
82 -86
106 -328
-16 -74
-56 -116
-18 -320
103 -300
21 -202
-22 32
-49 18
-47 -133
-21 -112
-102 -176
18 -124
-7 -276
-32 -150
72 -379
-8 -91
-36 -110
42 -58
78 -73
1 -84
-32 -173
-16 -32
-77 -103
-21 -45
-64 -76
28 -97
221 -366
-23 -4
-26 26
-51 36
-86 -67
43 -106
55 -89
7 -42
22 -54
65 -18
61 33
231 184
42 133
144 101
55 56
144 92
330 51
229 -32
121 5
80 22
124 64
93 -69
141 51
95 14
276 110
104 12
125 -45
4 -117
-11 -49
15 -53
113 53
43 20
128 81
77 -2
53 70
61 53
5 42
-112 21
-203 -45
-40 17
-43 79
-167 78
-5 29
88 49
89 42
209 28
144 81
247 59
242 93
29 -8
4 -42
-71 -71
8 -34
94 -3
31 31
33 61
10 54
18 30
58 48
81 10
3 -44
-11 -43
-2 -75
-19 -58
40 -45
43 2
142 102
48 79
-3 41
38 24
36 10
101 -34
103 -1
129 46
276 200
124 161
155 134
99 61
120 49
146 44
49 -32
34 -13
188 -7
41 -88
129 -123
29 -93
-39 -88
-10 -60
2 -93
-23 -18
-26 91
2 47
17 38
2 23
-32 24
-37 -24
-19 -30
-11 -33
25 -229
64 -209
14 -85
54 -233
12 -125
-12 -39
-13 -1
-12 -13
-12 -66
2 -216
-30 -118
-91 -162
-34 -132
-139 -941
-22 -68
-132 -295
-112 -170
-251 -82
-44 -23
-158 -26
-176 6
-156 -8
-198 4
-79 -10
-35 -15
-116 -143
-66 -43
-378 -46
-200 -216
-54 -104
-60 -77
-148 -301
-25 -21
-32 -11
0 23
68 103
-24 9
-71 -34
-29 12
-4 48
-52 29
-97 4
-82 -165
-85 -94
-10 -66
24 -203
58 -111
34 -29
37 63
38 0
78 -94
-12 -129
-19 -110
-10 -228
-10 -44
-53 -225
-37 -19
-51 -40
-55 -116
-46 -242
21 -101
-14 -324
-72 -212
-54 -109
-109 -316
-29 -203
1 -68
8 -86
173 -136
167 -116
56 -217
130 -167
18 -379
56 -136
-7 -23
-44 65
-34 77
1 -49
64 -194
65 -99
30 -8
-46 118
2 32
91 -135
157 -72
52 -88
93 -51
145 -166
129 -25
94 -53
303 -88
318 -253
427 -412
102 -65
83 -9
304 -162
294 -144
34 0
46 -14
30 -52
28 -31
68 -40
423 -116
-265 164
-150 133
-45 74
-43 -2
-59 -39
-109 -10
-83 25
101 21
64 51
126 22
51 -45
90 -125
104 -100
297 -178
173 -19
231 -60
47 0
68 -16
151 41
110 59
56 13
364 -21
426 39
29 -16
27 14
193 12
409 49
625 161
218 83
352 199
170 61
206 18
69 6
35 -10
3 -64
329 -188
89 -33
206 -31
68 -28
148 -33
59 -28
86 38
65 41
55 1
64 -10
50 -207
171 -76
-63 86
-81 158
3 44
11 41
91 59
252 91
166 -142
22 27
11 30
-16 122
26 81
106 98
108 39
-33 -107
42 -14
41 -1
14 60
5 81
27 48
34 34
-39 13
-27 28
36 52
26 33
101 12
101 21
-81 98
26 114
39 73
51 68
22 -54
10 -50
220 -115
14 32
-7 32
-32 16
-36 34
-54 77
37 75
26 1
-2 98
-33 160
10 104
-71 -121
-72 -103
13 54
85 161
53 167
72 121
33 76
153 268
66 115
115 121
89 13
91 121
112 130
89 -48
71 -57
171 -30
11 41
-33 52
-3 40
76 58
-3 90
-95 18
-107 -54
-13 45
33 128
-20 79
-130 -224
-34 -10
101 186
185 474
19 210
34 4
92 -60
165 105
-3 47
-25 25
-38 -4
-63 -36
-32 -39
-9 -36
-54 18
-31 40
28 60
17 71
7 307
12 105
-10 107
-65 224
-79 161
-38 120
-40 410
36 177
24 25
51 -55
31 -21
62 55
39 63
36 124
-85 69
-5 152
-141 107
-50 51
-41 183
49 53
1 29
-59 -11
-48 16
-106 89
-33 4
13 -87
-10 -45
-32 -7
-95 287
-63 252
20 74
121 91
28 84
-5 123
-39 77
-125 55
-26 34
31 77
46 35
58 18
57 9
40 21
94 1
32 -49
17 -40
24 -20
33 2
-79 282
-42 59
-35 21
-48 5
-20 75
4 45
-15 52
-34 43
-19 55
-55 79
-89 54
-35 35
-89 -22
18 45
82 95
-27 41
-37 39
29 23
53 23
44 89
60 5
15 -49
30 -52
88 -64
-3 -65
87 -268
66 -66
53 -95
80 -46
27 32
29 6
9 21
-10 41
24 62
27 -32
47 60
12 76
36 101
20 -9
81 5
57 -43
33 -13
35 13
12 -93
-56 -69
-87 -27
-11 -42
26 -112
77 -71
39 38
32 62
39 50
28 -3
27 -69
-35 -36
-13 -39
2 -82
-67 -100
-30 -181
36 -110
75 -128
138 81
101 107
-10 99
-18 81
-82 91
-103 366
27 67
30 77
122 123
-1 57
-12 40
36 170
47 149
1 32
-10 53
-51 128
16 292
2 50
-10 101
4 114
48 18
151 39
115 46
13 21
-67 62
-65 26
-112 -1
-36 26
-7 41
-60 44
-55 23
-33 -114
-5 -81
-23 -21
34 384
103 109
10 23
16 42
-30 4
-55 -57
-15 25
45 195
58 30
57 66
85 14
0 52
-39 47
54 38
16 36
-68 33
-71 -21
-34 -138
-23 -40
-35 -37
33 233
31 288
22 74
42 83
29 75
-14 74
11 117
-29 91
-22 28
-36 14
23 -116
-30 -214
-66 279
-119 319
-42 65
-5 35
34 13
43 2
35 65
8 72
-50 -37
-48 -22
-41 53
-31 -13
5 -53
-146 172
-100 150
-78 47
-40 -8
-18 -21
45 -47
57 -31
-74 0
-73 38
-15 57
28 133
13 157
24 60
33 80
-5 88
125 251
12 96
-3 71
22 24
53 -16
47 19
36 46
39 266
-178 350
-474 404
-400 521
-164 118
-76 7
-42 -7
-284 -10
-249 -88
-391 -95
-69 36
-43 33
-25 32
24 28
-15 54
28 35
31 15
96 14
25 -37
66 -41
17 39
-23 56
-80 59
-10 23
35 52
-40 40
-28 5
-64 -30
-93 -90
-153 -115
-10 -51
-15 -28
-51 60
-48 35
-341 179
-124 87
-65 64
-22 47
-9 62
34 12
63 -12
26 85
-1 83
-70 -54
-188 -11
-152 38
-12 34
12 36
79 49
34 39
22 53
-90 -67
-107 -63
-23 28
-32 64
-289 56
-163 96
-91 147
-61 203
-99 20
-149 118
-216 114
-29 56
-26 77
-48 40
-40 -25
95 -133
-9 -38
-41 -23
-40 -8
-91 57
-5 98
43 150
-20 125
76 179
-2 73
101 118
96 39
192 27
123 82
136 60
-4 16
-31 7
-10 10
299 15
437 70
239 -9
186 -39
89 -37
124 -100
974 -424
91 -36
109 -63
180 -38
75 -31
122 -20
1 29
-27 38
-49 -9
-50 14
-32 66
-22 12
-63 -41
-53 -3
-118 38
30 29
77 11
66 21
5 26
-203 -16
-142 13
-244 110
-33 43
169 -76
111 -40
91 -12
93 4
61 13
60 44
70 -40
494 -336
407 -205
337 -145
347 -87
129 -49
371 -71
90 -47
71 -12
73 -4
39 19
95 30
79 18
39 -7
73 18
-21 29
-7 48
92 77
50 -41
18 -49
21 -3
18 86
65 37
36 39
59 44
8 -21
-11 -27
11 -36
35 17
36 72
36 4
21 -21
37 -11
40 36
9 64
35 32
25 1
28 -31
38 -17
15 30
-2 37
53 123
85 51
39 -10
45 33
12 58
16 33
74 64
30 -8
19 -32
33 -31
65 -33
85 -5
-111 94
12 26
32 5
15 31
-70 21
-33 18
-6 29
37 65
28 28
71 12
52 -56
37 -104
22 62
-13 111
-20 98
36 95
40 38
16 50
-4 57
31 101
47 81
62 47
81 -39
-23 128
38 70
84 120
92 28
26 88
16 79
92 144
50 47
130 -52
90 55
-42 -1
-51 -11
-68 44
162 56
253 218
65 79
149 263
4 14
41 158
-6 393
81 42
176 18
-96 27
-84 -7
-49 5
110 40
99 27
136 110
47 54
26 47
93 132
76 138
28 -22
37 -11
139 1
-37 28
-74 26
-17 62
13 44
92 118
-11 84
4 154
3 99
3 64
45 26
18 89
7 101
66 77
94 78
52 -95
-48 -288
29 -154
55 -76
130 -95
-150 209
-15 82
83 151
31 15
49 5
62 42
55 53
36 -40
24 -42
128 -379
69 -66
-64 153
-32 146
22 107
77 23
2 34
-24 45
-72 16
-39 26
11 43
-7 57
-32 115
-15 101
26 70
128 138
139 192
118 29
78 -14
57 -13
56 -40
4 -42
-64 -125
-174 -22
-31 -45
0 -38
97 8
91 16
91 -10
21 -137
-24 -57
-14 -94
3 -146
-12 -107
14 -115
75 7
100 -21
96 6
-81 16
-73 39
-60 120
13 80
40 55
66 40
4 63
-22 94
74 -44
-23 49
-21 72
69 9
64 -7
-44 93
-26 105
-33 67
-63 63
155 -47
115 -58
46 -53
45 -15
77 27
20 6
29 -13
38 8
21 19
-26 28
-66 24
-17 5
-279 79
-167 82
-232 148
-53 46
60 -25
350 -199
322 -99
106 -33
109 -52
96 -24
51 -33
18 -145
22 -100
-63 -156
7 -88
64 -17
86 -129
126 -38
11 -93
41 -160
46 -77
25 -194
13 -31
20 -24
-11 244
-100 303
4 73
-79 29
-71 95
-41 45
-40 61
22 63
40 55
58 -18
38 -26
64 -74
34 -96
76 -114
126 -127
30 -18
26 -2
-196 220
-35 84
26 61
32 -12
54 4
-29 138
74 9
64 -15
35 -99
41 62
58 -178
40 -65
86 -71
55 -95
130 -134
93 -76
133 -186
1 40
-72 131
-133 111
-24 36
-256 301
-12 55
6 93
46 38
72 13
54 31
46 -2
69 -91
48 -117
83 -78
40 -95
63 -261
160 -141
13 -63
-30 -122
12 -41
45 -41
132 30
71 24
77 95
43 73
56 46
113 16
-111 12
-72 -36
-56 -81
-109 -86
-46 -21
-87 9
-11 77
45 79
3 76
-51 13
-47 38
-55 60
45 22
53 0
-127 99
-35 175
-54 140
-49 52
-38 61
54 8
56 -33
71 -43
186 -233
84 -27
74 -8
-32 18
-41 12
-103 75
-32 62
-42 71
7 45
51 -22
55 -42
57 -43
211 -36
45 16
53 5
57 -4
47 26
56 -25
64 -40
3 13
-37 73
43 53
52 -8
33 -61
95 -85
15 4
-44 149
28 18
51 -3
21 47
40 14
23 -2
16 16
-81 55
29 19
87 9
-19 25
-40 7
23 75
30 44
37 16
57 -4
34 22
8 57
16 47
-80 -11
6 97
-43 -40
-8 -42
-49 -48
-12 64
-23 63
-9 -100
2 -98
-54 -79
-123 -83
-128 19
59 84
-41 -2
-91 -51
18 -59
0 -68
-56 -17
-44 -1
34 90
-27 50
-63 23
-30 -79
-5 -53
-108 -41
13 33
49 30
-14 65
-51 38
-86 118
4 40
-23 16
0 -112
17 -85
-19 -66
-105 -31
-59 30
-75 53
-43 95
-38 66
15 31
28 13
9 21
-41 19
19 30
46 48
6 30
-43 -18
-58 13
-47 -21
-45 -43
-22 37
-7 35
-53 61
-54 -34
-61 -22
2 116
-20 76
-133 -60
-65 -73
-137 -96
-221 -87
-134 -22
-52 12
-60 51
145 80
128 42
48 45
43 68
19 67
24 45
72 -9
394 220
40 22
64 62
113 67
13 65
43 18
86 8
22 17
19 27
-15 17
-44 -1
17 23
43 12
30 1
47 2
76 -37
20 -38
-8 -76
41 59
91 44
55 -5
41 -96
148 -125
126 -82
188 -21
122 -107
74 -54
76 7
36 -15
52 -6
76 86
64 38
34 43
17 20
33 80
30 148
88 99
-51 -30
-61 -50
-41 -199
-40 -69
-78 -50
-110 -52
-70 5
-42 -5
-150 171
-56 122
-76 95
3 86
-23 75
-43 78
-98 -23
-97 -34
-9 31
61 129
206 148
40 41
45 2
23 24
31 62
-4 43
44 45
68 18
32 21
62 -17
-13 76
78 74
113 81
211 58
38 22
17 31
-164 -19
-41 4
135 31
150 21
98 24
80 32
77 14
72 -14
52 -26
-22 -52
26 -192
73 -22
79 37
40 40
25 34
14 37
33 49
36 42
158 98
78 17
4 1
140 -9
114 -52
-32 45
-47 43
-116 10
-143 -35
-73 -42
-88 -38
26 40
39 36
15 60
47 72
88 108
26 41
30 47
154 401
40 158
69 99
-19 78
10 368
36 108
-20 106
34 191
15 144
-6 88
-4 73
48 246
75 79
179 17
70 63
92 -26
-9 31
-24 28
-42 20
-39 40
26 37
37 56
2 29
-105 -55
-125 16
-27 19
49 89
11 106
166 273
-5 35
-102 11
-50 -13
-24 11
48 176
45 76
50 345
7 73
-7 38
33 15
98 -8
153 -36
117 -131
19 -51
4 -44
-10 -37
-20 4
-36 41
28 23
-33 63
-50 20
-108 84
-46 5
-56 -134
-41 -160
28 -132
46 -88
136 -34
48 -107
35 11
18 27
189 -120
36 -80
35 -179
31 -49
101 116
65 59
56 40
17 79
47 91
6 48
27 9
22 -20
2 -31
-9 -42
4 -39
52 -45
53 -19
51 -29
52 23
64 28
129 45
39 42
25 49
215 121
131 161
146 157
30 -35
16 -31
94 90
69 117
20 97
-37 -10
-30 1
9 48
23 53
-30 33
-18 32
33 16
62 -11
44 8
-12 23
-38 10
-9 32
103 31
39 46
-45 16
-68 13
6 34
96 33
-20 15
-66 21
8 40
51 46
45 90
-15 119
52 89
60 69
74 4
176 108
86 -5
51 114
64 47
22 37
-61 -3
-56 -29
-8 18
8 41
-11 26
-61 -84
-43 -18
3 89
-31 111
-40 40
-12 39
45 19
76 -7
66 42
62 28
-39 34
-24 43
29 57
33 40
8 31
0 48
-13 46
-11 35
-52 23
-55 37
17 43
19 29
44 22
-10 56
122 68
10 49
-19 63
-5 74
15 54
68 43
12 98
40 94
-21 173
152 204
22 -4
18 -23
17 -93
59 -7
45 34
99 -22
51 -28
30 5
-25 41
13 107
-11 58
-48 11
-31 36
16 165
60 196
-47 71
37 88
56 100
39 108
29 37
78 -76
41 93
25 25
17 38
-59 -40
-42 -43
-95 154
1 72
114 339
136 263
71 225
82 159
12 119
176 185
99 -48
34 9
-80 97
-61 54
21 78
9 89
-53 -36
-27 -46
-131 -163
-149 -267
-101 -86
-20 40
-5 41
-26 85
59 66
27 81
-20 264
21 249
-33 181
16 292
-29 246
-44 -92
-10 -288
-94 -345
-70 -90
-124 48
91 -100
24 -119
49 -12
51 7
30 19
41 9
28 -117
-31 41
-50 -42
-76 -302
-59 -152
-361 -754
-22 -35
-41 -36
32 141
31 85
-27 -18
-53 -96
-29 -66
-5 -96
-31 -139
-53 -105
-57 -69
-35 -34
-34 -21
140 204
-7 74
-202 -232
-223 -93
-64 0
-266 67
-72 88
36 36
37 24
-20 91
-61 52
-173 97
-27 76
19 98
-35 82
6 32
37 21
4 43
-15 42
118 14
59 95
4 63
-4 85
141 225
61 36
92 134
121 114
43 109
119 91
-12 43
42 59
81 -36
30 -27
105 53
37 119
-100 66
58 56
43 0
57 45
-41 76
-58 33
-35 70
-25 60
-6 151
34 42
30 23
67 -13
72 -46
-28 60
-15 87
12 76
-9 75
68 150
-2 67
6 57
70 264
59 254
92 249
58 238
90 233
10 75
37 72
23 78
3 71
28 111
50 103
21 119
-23 64
20 33
39 36
38 -39
19 -36
18 -354
44 85
30 94
35 5
98 -73
74 -78
39 -64
-45 -165
14 -120
58 -100
85 -35
52 -12
17 -32
-137 -262
-66 -204
-24 -25
-19 -36
39 -103
-13 -164
38 32
55 17
35 -210
6 -197
-24 -109
-6 -76
28 -23
31 -42
64 -151
3 -59
-20 -135
101 -172
54 -156
8 -25
86 224
39 -41
20 -43
27 -229
27 -67
20 -330
71 -15
45 -91
70 7
86 -49
159 -36
28 -91
124 -66
65 -23
70 40
103 35
25 -111
3 -100
-39 -150
19 -68
32 -59
133 233
135 174
201 60
103 86
52 63
72 -171
-4 -172
54 44
-36 -226
-43 -116
-81 -139
-17 -124
26 -59
164 -90
51 -93
78 -361
72 -150
6 -69
-56 -203
11 -72
98 255
-22 125
19 75
-14 166
44 70
42 86
-77 172
-81 279
-20 116
10 101
85 223
54 76
36 138
32 57
83 59
49 73
63 284
127 95
141 8
113 -169
37 -99
-2 143
-33 162
68 -7
48 -46
183 -306
87 -268
70 -560
4 -127
-40 -360
-13 -295
-87 -420
-162 -519
-108 -444
-125 -328
-105 -349
-84 -193
-85 -121
-81 -194
-10 -70
-91 -171
-228 -319
-80 -165
-143 -110
-201 -221
-152 -215
-93 -53
-88 -148
-173 -170
-84 -131
-181 -474
-33 -159
-63 -109
-35 -178
-67 -232
-22 -230
-81 -208
-39 -78
-70 -53
-37 -126
-52 -130
-171 -237
-78 -257
-94 -170
-146 -93
-106 -116
-126 -96
-45 -19
-128 -35
-34 -39
-30 -207
-154 -285
-53 -219
-146 -297
-38 -143
202 351
8 18
110 242
21 124
88 -26
60 -248
38 -67
-29 277
62 141
91 99
56 86
27 235
162 193
125 104
41 35
54 123
90 41
52 138
25 163
198 423
74 52
48 177
80 148
-13 123
24 132
98 357
129 152
82 143
133 267
283 258
80 148
237 306
92 88
121 66
145 65
74 -91
34 -105
38 -174
110 -356
-1 -170
14 -168
55 -84
34 -95
-89 634
-89 273
-7 110
-64 149
-16 90
8 88
52 124
135 175
188 144
255 302
111 260
67 41
49 84
44 130
14 119
36 74
47 -61
60 226
75 507
3 80
13 97
103 110
151 28
392 293
72 200
89 119
6 72
51 54
12 85
-17 42
13 127
-19 116
93 171
-35 193
61 493
-22 88
-23 313
34 359
-40 339
35 154
10 162
-9 120
-47 147
-15 348
51 103
-3 186
10 120
1 115
-17 174
-8 179
-38 197
-6 245
-36 85
-93 110
98 435
-10 109
13 225
45 149
-29 199
18 170
16 358
61 194
102 71
74 203
183 234
105 213
99 110
293 417
65 23
20 22
38 83
11 68
-11 172
16 181
11 66
78 169
26 84
43 308
9 163
-35 199
0 4
4 78
11 42
223 427
116 266
132 266
209 322
52 22
52 -18
38 -92
30 -51
60 -171
24 -7
-24 115
-6 120
28 61
36 10
47 -40
33 -94
29 -213
-1 -175
9 -97
29 33
1 125
48 319
20 45
34 -16
59 -54
87 15
55 28
122 -62
135 84
77 10
34 -19
40 -38
26 -8
32 4
47 -52
80 -55
117 -144
12 -160
24 -84
94 -90
47 -21
1 -59
-8 -173
-19 -144
-66 -171
-144 -209
-60 -111
92 -54
22 -34
17 -107
11 3
22 35
82 245
42 87
35 22
56 -14
76 -50
239 -217
28 -199
37 -577
-26 -118
-30 -46
-18 -5
-40 44
17 140
-4 112
-23 137
-13 -8
-1 -152
-38 -239
-74 -325
-103 -268
-131 -209
-100 -193
-69 -176
-38 -123
-32 -208
-25 -53
-87 -105
-86 -161
-41 -181
11 -9
12 -8
28 73
27 22
16 -55
31 16
59 133
37 57
43 -60
77 -210
46 -25
-43 132
-14 118
14 28
24 17
67 19
32 24
29 43
46 141
26 50
8 74
-11 96
3 156
95 296
35 162
12 26
34 35
23 58
11 79
-5 122
11 86
53 75
125 123
25 76
33 139
34 58
30 11
34 262
3 190
53 136
77 78
53 81
21 0
49 -79
10 -144
24 -98
45 -102
54 -102
103 -33
6 -96
-16 -137
-53 -28
-39 -175
9 -102
55 -280
114 -106
103 -70
94 -41
34 -89
17 -174
-47 -64
-72 -70
-25 -35
-169 -321
-73 -88
53 22
76 74
187 256
46 48
21 -80
-24 -87
23 -84
73 -7
41 -63
-15 -103
-36 -68
-23 -283
-42 -128
-127 -216
-7 -60
69 96
71 71
43 17
123 72
78 137
37 32
76 -116
55 -44
38 -56
59 43
76 24
4 -72
16 -63
-78 -86
88 -31
10 -38
62 -106
54 -6
17 -89
-44 -61
-52 -103
4 -93
23 -34
41 -11
25 -54
19 -163
22 -99
26 1
25 148
29 -23
140 -41
6 -56
-14 -138
23 -154
58 6
39 208
33 74
29 -90
7 -177
27 -248
30 -70
51 111
6 139
15 22
45 -75
13 -42
7 -137
76 -125
63 -279
72 -101
16 37
18 88
-3 76
-45 -86
-21 16
-68 304
-44 530
26 160
95 -1
77 -17
69 44
89 12
172 -295
13 -87
-10 -82
12 -63
30 -84
20 -32
26 38
74 53
22 36
11 -1
40 -70
32 -167
2 -106
-14 -109
7 -93
14 -59
27 -41
-11 119
7 38
44 85
8 87
25 83
50 116
57 37
100 -64
34 27
22 54
36 15
51 -60
52 -158
-9 -85
17 -104
182 -180
4 -102
-29 -230
-36 -163
-91 -239
13 -42
69 110
43 89
73 251
119 138
155 80
22 -14
-4 -129
-13 -100
-64 -239
-4 -56
31 12
18 -26
7 -64
-26 -86
-110 -178
-1 -63
69 99
54 48
67 171
26 117
126 228
93 -52
90 -82
23 -42
-20 -135
9 -97
44 60
17 6
75 -63
23 -31
8 6
23 81
11 -25
14 -78
-2 -73
-33 -169
-20 -226
0 -147
27 -30
12 61
-3 154
16 110
36 140
79 91
139 -125
8 -98
-64 -114
0 -24
42 17
30 -22
31 -164
29 -26
39 121
65 100
61 -91
71 -88
53 -40
56 -10
69 -77
-29 -95
-53 -75
106 57
126 -14
91 -100
1 -125
-22 -151
-45 -174
14 -35
25 55
58 185
76 108
57 -16
40 -63
38 -115
30 -92
-5 -111
-23 -28
-21 -45
-35 -41
-190 -142
-69 -32
-85 -67
-41 -9
-37 22
-28 46
-31 85
-18 -26
57 -158
8 -77
-9 -69
-14 -48
-18 -27
-87 -48
-41 -5
-32 11
-78 68
-28 61
-16 83
-33 92
-51 102
-23 31
-10 -36
86 -200
15 -76
-9 -125
-22 -14
-118 82
-15 -5
35 -101
-30 -32
-75 -33
-32 -29
17 -54
-1 -31
-16 -8
-60 34
-25 26
-17 34
-20 110
-31 112
-22 -12
-2 -130
-24 -18
20 -151
-8 -26
-21 -1
-32 18
9 -91
-3 -46
-62 -80
-19 3
-36 82
-13 -19
-8 -112
-18 -76
-33 -6
-53 28
-85 71
-39 22
-39 5
-37 -8
-104 -71
0 -15
136 -13
39 -15
53 -46
68 -77
45 -69
23 -62
-4 -63
-60 -118
-34 -35
-60 -43
-88 -50
-58 -114
-28 -178
-30 -119
-63 -144
-70 -219
-87 -188
-27 -26
-46 -21
-64 -15
-85 -46
18 -20
98 17
33 -7
104 -2
141 -47
20 -19
-40 -49
-55 -18
-37 -33
-121 -153
-13 -55
128 153
29 23
33 0
132 -93
24 -40
-12 -90
-70 -65
-225 -113
-87 -63
-39 -62
-40 -81
-36 -286
-74 -260
24 6
43 90
31 119
37 229
39 129
87 111
64 42
172 81
86 5
43 -6
29 -18
38 -73
149 -55
39 -33
40 -61
43 -88
27 -74
12 -61
-16 -244
9 -122
-1 -109
-13 -98
-33 -111
-123 -269
-39 -139
8 -89
48 -154
16 -121
28 -6
27 181
40 111
25 26
24 13
24 0
17 15
10 30
-16 31
-109 76
-10 29
8 40
40 76
52 32
79 25
49 27
19 28
19 6
65 -46
28 10
97 100
26 6
35 -56
4 -282
51 -29
95 19
77 36
58 54
52 23
47 -8
100 -43
49 -43
47 -61
27 -72
26 -521
0 -140
13 -153
42 -35
-11 146
3 546
12 167
46 122
46 44
23 7
54 -6
21 -4
66 -75
46 -33
57 -15
51 -3
47 8
80 30
123 81
53 66
37 84
34 57
33 28
36 7
39 -16
89 -58
29 -31
20 -54
-10 -67
-36 -26
-64 -28
-35 -30
-8 -92
-47 -109
-4 -83
24 -103
42 -51
59 2
40 -14
20 -29
28 -92
-5 -105
-22 -157
13 -182
71 -312
21 -140
2 -173
10 -75
54 -129
124 -191
35 11
27 86
14 1
8 -149
19 -60
26 13
61 85
24 100
22 37
19 14
25 -33
72 -228
-12 -56
-41 -42
-24 -59
-25 -193
15 -31
39 165
24 39
15 3
48 -41
25 -45
49 -52
30 -48
56 -135
35 -145
-16 -68
-44 -87
-24 -66
1 -45
115 106
72 34
26 -1
24 -13
37 -25
11 -16
6 -48
-6 -147
55 -110
18 -57
81 -146
46 -104
44 -129
85 -202
19 -75
-4 -59
-35 -114
-64 -168
-49 -159
-49 -224
-61 -217
-28 -44
-58 77
-9 -20
114 -275
34 -115
7 -91
41 -227
-5 -68
-21 -80
-106 -301
13 -19
57 133
66 -141
150 -799
59 -263
25 -326
23 -167
-42 -232
-104 -296
-72 -168
-37 -41
-36 -24
-73 -14
-102 10
-184 60
-91 56
-70 73
-33 58
-34 76
-69 116
-70 184
-77 -135
-42 -87
-44 -14
-162 23
-25 -4
-48 -34
-74 -65
-81 -104
-151 -226
-33 -21
-9 59
8 124
-32 126
39 269
-16 13
-19 -71
-93 -73
-18 -27
-39 -30
-62 76
-11 76
-4 123
-20 12
-36 -94
-80 -83
-65 32
-216 196
-13 -8
-32 -111
-13 -14
-27 39
-19 235
-20 23
-97 -84
-41 5
-51 40
-36 -4
-81 -143
-31 -10
-75 74
-31 62
-10 -48
112 -193
-5 -136
-18 -22
-77 15
-23 -16
-82 -110
-32 14
-34 66
-30 18
-75 -82
-59 -145
-46 -80
-58 -72
-107 -104
-133 -187
-29 -28
-44 -24
-60 -19
-87 -13
-33 9
-47 43
-21 111
-182 338
-48 130
-60 200
-51 132
-45 63
-176 332
-261 266
-100 81
-59 24
-218 131
-109 54
-91 28
-289 47
-185 6
-207 -10
-141 -16
-159 -58
-93 -46
-111 -112
-129 -176
-111 -135
-92 -92
-108 -160
-212 -377
-53 -73
-55 -116
-85 -238
-82 -175
-58 -171
-103 -371
-27 -63
-184 -757
-25 -46
-17 -2
-8 44
-18 38
-27 34
-110 77
-97 45
-58 45
-74 75
-46 60
-31 80
-17 69
-12 8
-40 -40
-18 -63
-47 175
-28 57
-22 14
-51 -77
-19 -2
-51 43
-41 88
-8 -2
5 -57
-19 -37
-76 -41
-25 -32
-60 13
-97 57
-150 51
-204 45
-163 49
-67 44
-77 114
-43 18
-44 -32
-52 -12
-105 22
-27 20
-93 123
-43 44
-93 28
-88 3
-20 13
-30 65
-9 -44
-39 -45
-73 -56
-107 -109
-70 -126
-50 -43
-68 -20
-46 -37
-24 -54
-41 4
-168 202
-39 40
-30 5
-67 -96
-46 -31
-112 -40
-72 -5
59 -34
127 -47
39 -21
39 -36
38 -50
24 -62
11 -73
15 -38
71 -33
5 -42
-58 -159
-25 -23
-7 -7
-44 -19
-42 -39
-38 -57
-67 -46
-95 -34
-66 -14
-36 6
-32 17
-69 78
-83 116
-49 67
-82 72
-72 33
113 -108
43 -64
89 -132
165 -184
62 -124
48 -144
33 -162
14 -102
-23 -110
-116 -199
-59 -118
-7 -56
140 178
80 177
44 53
43 -5
93 -48
142 -92
91 -70
40 -48
174 -263
73 -158
44 -158
53 -113
62 -68
33 -84
2 -98
-22 -167
7 -13
30 52
40 115
30 49
43 40
66 -27
131 -143
87 -117
161 -161
65 -88
45 -95
39 -57
70 -32
35 0
94 32
51 41
53 60
101 13
148 -34
98 -11
129 41
78 9
68 -22
159 -77
28 -24
107 -130
65 -30
111 6
127 47
330 152
43 -8
142 -81
70 -85
81 -184
17 -111
-10 -113
5 -67
61 -79
9 -39
-16 -228
47 -355
3 -99
50 -243
-1 -61
-16 -51
-7 -82
2 -114
-10 -137
-24 -162
0 -188
24 -214
3 -141
-20 -68
-42 -85
-145 -151
16 3
202 150
52 -6
34 -65
48 -124
43 -71
66 -81
61 -118
56 -154
39 -153
22 -155
55 -238
142 -542
60 -368
46 -195
35 -79
286 -317
125 -197
69 -196
73 -176
116 -233
89 -146
37 -122
33 -264
31 -130
66 -449
71 -284
97 -270
75 -247
33 -305
-16 -214
-177 -907
-55 -231
-38 -107
4 -16
48 74
23 -5
-9 -153
-15 -54
-64 -141
-24 -74
-12 -73
6 -4
25 64
37 63
49 61
72 66
94 70
70 38
45 7
65 -16
84 -41
309 -212
66 -38
232 -102
149 -83
265 -175
74 -27
131 -28
31 -24
30 -99
-15 -97
3 -111
29 -294
-13 -276
-23 -67
-111 -86
-248 -63
-81 -60
42 -1
320 52
57 -6
30 -132
102 -121
20 -39
8 -45
-6 -49
33 -40
72 -31
46 -32
29 -71
19 -110
19 87
63 50
117 32
210 11
475 -9
49 14
105 30
194 72
115 23
37 -24
25 -34
20 -57
40 83
4 110
63 60
126 82
140 118
154 155
114 86
72 18
55 -5
38 -28
14 22
-10 119
36 53
20 0
80 -52
37 28
122 203
103 289
34 69
27 40
13 -2
32 -116
35 -64
25 -33
70 -55
-13 210
4 39
28 60
21 -24
33 -69
15 16
4 183
27 94
32 57
16 -12
19 -42
22 4
65 160
30 -8
41 -74
64 -191
15 -26
2 51
-61 288
-46 131
-52 87
-31 69
-9 51
34 -16
77 -83
49 -74
22 -65
30 -2
38 61
52 112
33 33
44 11
18 54
-8 97
8 76
22 54
-2 63
-41 126
-3 73
34 64
17 8
53 -20
20 -193
19 -94
28 -62
22 -40
38 -33
29 -10
18 27
10 165
10 44
23 42
1 76
-28 164
-31 421
15 100
103 234
18 107
6 137
26 93
45 50
47 29
47 8
193 -20
48 -36
91 -223
33 -133
31 -227
55 -159
98 -197
38 -156
-22 -115
-36 -120
-77 -213
-8 -175
14 4
88 256
35 48
16 -39
27 -143
26 -190
141 -637
25 -84
21 -129
-7 -27
-41 26
-28 53
-19 61
-12 -4
-3 -146
27 -144
76 -104
32 8
31 51
37 8
106 -99
-118 266
-91 460
-108 420
-42 212
-12 143
8 100
29 57
9 56
-10 53
-11 10
-14 -35
-15 -2
-15 30
-15 251
-16 136
-108 431
-30 162
-7 134
16 105
27 72
37 39
4 63
-29 87
-12 77
18 124
48 90
114 142
25 -5
48 -42
102 -108
3 26
-38 220
13 66
22 -5
102 -93
19 -32
28 -94
13 38
40 231
-13 19
-68 28
-23 31
-46 117
-16 65
0 50
15 36
10 61
-56 189
-15 83
12 24
124 -101
9 8
-80 141
-23 96
-19 146
17 165
80 274
94 273
61 108
58 34
98 79
426 604
101 98
137 154
45 26
89 -25
27 -80
36 -284
19 -538
0 -268
68 -776
48 -153
50 -115
202 -358
89 -188
43 -136
26 -124
7 -111
72 -438
34 -386
-19 -82
-14 -9
-56 33
64 -244
54 -142
11 15
6 107
1 295
-12 184
-25 171
-8 142
5 197
-44 199
1 113
-14 114
3 42
62 -96
7 54
-5 141
-27 156
-48 173
-122 332
-36 142
-11 138
-13 64
-67 72
-24 85
-72 192
-121 274
-46 151
-14 292
4 225
16 162
28 97
58 113
87 128
143 251
352 659
25 31
71 53
35 -5
33 -37
38 -112
45 -188
52 -284
38 -100
57 -62
16 9
10 38
14 11
54 -48
12 29
8 75
-11 570
13 271
35 188
-31 162
-97 135
-70 115
-45 96
-54 188
-63 280
-29 150
7 19
73 61
32 74
1 31
-61 281
-19 107
2 36
24 71
52 -28
131 -138
105 -130
64 -59
58 -30
34 -40
30 -96
145 -271
18 -13
27 -36
32 -99
7 -119
-14 -42
-46 -79
-9 -40
19 -93
16 -3
49 74
73 194
-12 153
-44 155
-12 7
-34 65
-64 156
-24 37
-16 -88
-12 -5
-29 42
-46 116
-4 54
8 104
-11 52
-50 78
-145 181
-49 88
-24 23
-73 38
-19 67
2 117
21 108
39 99
120 250
37 307
33 88
88 179
30 114
26 63
60 85
95 108
55 79
13 52
-2 152
16 92
68 162
23 25
96 56
168 86
103 31
37 -24
98 -118
42 -81
85 -216
80 -160
60 -107
66 -87
62 -37
29 -2
32 10
122 79
21 1
2 -22
-16 -44
-40 -73
-6 -36
11 -35
140 -171
12 -30
10 -8
31 38
19 -20
25 -51
64 -89
23 4
10 50
-1 102
28 187
-7 104
-36 100
-4 91
28 84
37 191
32 113
101 245
35 23
51 7
38 -12
47 -67
22 -50
16 -95
13 -211
5 -271
25 6
48 194
46 147
117 282
19 7
47 -56
12 -34
60 -320
18 -220
-27 -199
0 -77
16 -19
32 39
36 -24
77 -78
48 -332
36 -113
24 122
14 137
69 106
41 16
49 -244
4 -128
-9 -245
18 -561
-4 -113
45 -252
90 -325
9 -77
6 -326
-15 -189
-30 -186
0 -157
31 -128
14 -110
-5 -92
-10 -28
-16 38
-41 51
-30 -2
-96 -54
-33 20
-38 52
-33 14
-28 -24
-32 3
-36 28
-25 7
-16 -14
-57 -16
-36 4
-86 41
-60 112
-9 32
3 129
-73 224
-19 28
-53 -31
-32 -2
-27 -21
-13 -92
-41 -75
-37 -21
-27 -3
-54 240
-17 -1
-32 -407
5 -63
28 -87
0 -66
-4 -27
-41 -44
-29 -81
-29 -47
-41 -44
-52 -11
-63 22
-70 -8
-117 -58
-256 -164
-27 -31
-220 -386
-25 -28
-87 -78
-64 -28
-133 -32
-34 -25
-31 -48
-29 -73
-16 -68
-4 -63
-46 -111
-88 -159
-84 -183
-11 -54
4 -39
14 -33
23 -26
111 -53
30 -28
271 -498
140 -199
184 -118
39 -11
177 5
94 -41
28 14
51 112
-4 26
-69 63
-15 35
-9 120
6 98
19 40
33 25
46 14
58 4
44 -18
30 -38
87 -46
144 -52
103 -77
103 -183
39 -92
105 -322
77 -177
84 -139
46 -103
3 -141
-14 -82
-28 -72
-142 -200
-70 -115
-83 -53
-120 -31
-76 -32
-110 -101
-32 -13
-72 18
-31 -19
-93 -107
-59 -111
-33 -41
-36 -17
-13 -31
10 -43
25 -37
38 -32
17 -43
48 -63
37 -105
43 -46
136 49
78 15
97 -33
34 4
44 71
17 -11
66 -108
159 -158
180 -492
16 19
1 70
15 90
-3 33
-22 -24
-16 44
-10 113
23 70
57 27
45 46
36 65
17 78
0 93
12 97
18 -35
29 -104
12 -112
-7 -119
6 -164
28 -338
-17 -152
12 13
43 122
39 135
17 19
8 -51
4 -182
-34 -148
-69 -192
-15 -188
72 -297
31 -49
19 27
20 -81
10 -181
-24 -150
-8 -160
4 -52
13 -33
46 137
178 466
92 216
55 92
32 -81
14 -69
-2 -319
21 -66
46 57
51 92
34 42
5 31
-42 81
-28 88
-27 126
-10 136
15 243
14 44
16 8
55 -90
66 -62
27 -45
16 -59
-11 -56
-36 -50
-9 -58
17 -63
16 -26
48 36
23 -12
103 -165
115 -101
26 -41
16 -32
43 -179
26 -75
79 -141
40 -178
14 -20
35 59
29 18
153 21
53 -7
140 -59
38 -34
36 -48
125 -225
60 -151
48 -169
69 -187
36 -19
43 31
26 5
23 -64
5 -276
-13 -85
7 -137
84 -171
67 -12
63 -66
8 -54
-4 -124
-20 -152
-59 -314
-127 -311
-92 -104
-87 -222
-25 -34
-47 42
-12 57
-10 99
1 229
-13 39
-32 -42
-123 -116
-18 -69
9 -92
33 -126
32 -73
18 -70
3 -68
-18 -78
-57 -131
-65 -135
-34 -41
-64 26
-17 -24
-16 -59
-16 -21
-57 55
-68 -21
-112 -60
-81 2
-130 190
-37 101
-4 72
60 280
-4 20
-77 -102
-24 8
-44 101
18 -169
-6 -75
-19 -103
-31 -72
-41 -39
-143 -209
-84 -14
-33 9
-85 59
-133 223
-67 97
-53 53
-41 69
-28 85
-18 114
-7 144
-22 119
-38 97
-51 199
-89 469
7 34
64 76
8 37
-7 42
-67 120
-66 95
-43 81
-19 67
-9 108
1 148
11 100
40 121
21 144
-38 118
-30 10
-45 -21
-24 6
-7 106
-20 -20
-58 -116
-71 -182
27 -71
28 19
122 188
14 -6
-41 -235
-34 -302
-28 -99
-39 -22
-33 -8
-91 30
-15 33
0 141
-13 -3
-73 -153
-92 -239
-46 -87
-109 -37
-27 13
-33 109
18 261
24 152
36 73
68 54
93 42
15 15
3 29
-7 41
-23 45
-39 50
-44 35
-49 18
-54 3
-98 -16
-53 32
-9 38
-5 157
-20 -34
-56 -169
-69 -276
-75 -170
-102 -157
-70 -129
-37 -101
-119 -259
-29 -117
8 -94
33 -171
-23 -109
-4 -149
-11 -43
-24 -34
-284 -189
-33 16
-94 171
-92 73
-157 94
-98 37
-111 -62
-171 -33
-32 -46
-25 -90
-8 -135
36 -347
-14 -65
-15 -8
-53 29
-144 244
-36 29
-73 -45
0 -9
73 -16
51 -72
248 -475
47 -60
16 -3
11 19
7 54
-72 134
-4 121
25 75
-8 66
-33 92
-11 93
9 158
-3 52
7 57
9 45
24 38
43 12
60 2
40 -11
53 -113
6 -28
-3 -69
-27 -152
9 -5
105 88
18 -25
-19 -159
-27 -134
1 -128
17 -28
87 -16
28 -28
106 -156
44 -2
125 143
39 29
114 28
326 135
91 66
-12 -106
-86 -363
-15 -22
-51 -33
-22 -37
-15 -61
-9 -130
22 -3
182 245
47 45
21 4
-61 -197
5 -349
10 -23
68 -72
45 -64
75 -130
26 -70
18 -74
-2 -71
-20 -67
7 -92
51 -189
-9 -96
-14 -14
-60 28
-62 117
-42 -297
-29 -128
65 -250
1 -53
-12 -40
-7 -88
-33 17
-107 142
-23 42
-69 68
-17 -5
17 -114
-14 0
-53 62
-142 245
-20 83
51 197
24 174
-17 192
-60 211
-46 129
-33 49
-26 18
-41 -17
-29 2
-29 -39
-31 -80
-49 -181
14 -152
80 -324
28 -47
31 -85
218 -352
59 -125
26 -92
-7 -58
-24 -30
-42 -2
-34 18
-55 98
-55 138
-30 51
-19 5
-9 -41
-18 -244
-36 -115
-18 -108
-7 -112
5 -115
21 -147
39 -178
31 -301
24 -440
0 -243
-21 -64
-10 -96
1 -130
-10 -110
-33 -170
-4 -70
-69 -459
16 -134
36 -195
8 -173
-20 -153
3 -110
26 -69
50 -303
41 -150
87 -180
124 -301
51 -151
-46 -183
-28 -245
-10 -292
10 -157
22 -136
58 -141
28 -33
65 25
16 -17
22 -117
-7 -109
5 -33
53 -25
8 -23
-4 -34
-19 -50
10 -57
32 -94
84 -182
44 -52
120 -28
141 -83
63 -66
46 -80
37 -112
41 -218
14 -148
-21 -160
-80 -389
-10 -118
-120 -605
-40 -330
-38 -547
-13 -33
-219 -295
-82 -77
-20 31
-99 319
-24 45
-4 62
19 156
-6 78
11 293
29 56
49 -56
34 -8
45 123
-7 120
-28 201
8 152
43 103
27 97
13 92
0 74
-30 172
32 41
72 24
55 85
61 221
46 210
14 95
-26 158
-19 24
-65 -31
-52 -76
-32 -76
-36 -106
-17 -93
-7 -139
-64 -133
-31 -25
-87 5
-5 -35
13 -76
7 -133
-9 -43
-62 -80
-16 -45
-15 -87
-8 -71
2 -131
-14 -99
-33 -127
-11 -95
9 -63
-27 -252
5 -37
-25 11
-53 58
-52 -34
-51 -128
-37 -67
-87 -14
-32 18
-61 89
-52 112
-76 103
-37 12
-46 -13
-43 7
-112 77
-74 85
-71 164
-25 35
-48 -65
-32 25
-47 69
-94 98
1 -44
49 -129
16 -73
-17 -17
-4 -32
9 -48
67 -127
-19 -99
-23 -21
-147 6
-45 9
-29 21
-121 146
-194 286
-26 19
3 -32
33 -83
57 -106
145 -225
47 -56
97 -197
37 -44
26 -48
16 -51
33 -57
48 -60
122 -237
29 -41
-2 37
-32 115
-7 123
19 133
25 97
32 62
36 20
39 -22
54 -58
147 -358
80 -145
108 -101
7 -20
8 -67
-23 -35
-145 -100
-16 -37
16 -39
56 -59
38 -18
105 -26
54 -44
20 -43
19 -143
3 -406
19 -56
68 -74
46 -71
8 -73
14 -33
89 -105
16 -32
-1 -28
-38 -114
0 -156
-122 -433
-41 -185
-3 -97
10 -68
25 -37
-8 -99
-39 -160
-19 -125
0 -135
-25 -390
-1 -136
-11 -78
-35 -120
-3 -68
-2 -376
7 -196
15 -140
-2 -467
7 -211
20 -158
8 -125
-4 -91
20 -162
44 -234
19 -194
-8 -154
13 -122
53 -155
30 -146
22 7
74 225
21 35
65 -20
20 11
28 49
63 275
75 87
-22 490
19 179
16 43
23 32
93 57
16 -24
0 -63
20 -41
42 -19
75 -107
108 -196
86 -206
104 -374
42 -246
49 -202
32 -189
14 -175
0 -77
-29 -53
17 -231
-1 -76
-16 -9
-103 187
-18 6
10 -164
27 -111
7 -91
-2 -125
37 -476
-9 -106
6 -95
22 -84
65 -519
43 -265
50 -212
52 -179
89 -259
23 -124
85 -984
39 -287
40 -153
146 -389
> 53206 -81136
18 -199
-38 -512
-20 -54
-34 -50
-82 -88
-40 34
-52 166
-106 487
-72 255
-19 87
-27 208
13 70
40 22
45 0
91 -55
114 -135
169 -236
> 68015 -73584
7 -297
39 -230
32 -268
-26 -328
-18 -24
-31 -18
-33 3
-79 67
-77 106
-24 92
-15 107
-7 265
1 487
9 215
37 9
49 -4
91 -33
20 -24
11 -35
14 -90
> 63428 -77792
43 -85
8 -57
11 -301
-20 -182
-19 -90
-27 -30
-66 68
-118 213
-101 232
-25 82
16 151
35 133
23 64
46 61
35 6
18 -11
109 -117
35 -49
-3 -88
> 62945 -82706
-71 -260
-2 -60
12 -85
38 -178
-17 -87
-336 -363
-93 -160
-22 -11
-28 -2
-24 9
-98 142
-47 32
-83 15
-14 15
78 322
-5 125
-29 122
-4 59
10 55
193 448
44 77
72 103
133 274
78 88
46 36
52 26
56 15
42 -12
28 -39
17 -48
7 -81
-1 -106
-41 -225
9 -246
> 62385 -79466
27 -79
1 -53
-15 -52
-3 -63
9 -155
-11 -59
-50 -95
-130 -157
-60 -56
-44 -25
-54 -15
-65 -5
-131 4
-41 11
-41 60
-30 113
-44 88
-73 108
-35 80
1 53
17 49
31 45
66 58
98 69
86 80
74 90
58 48
78 18
82 34
62 -14
46 -50
91 -130
> 77413 -104770
6 -185
31 -39
57 -13
41 -67
94 -216
59 -166
35 -132
18 -275
-14 -173
-15 -30
-98 183
-64 35
-38 101
-64 52
-108 139
-99 176
-72 165
-17 199
-41 305
18 153
20 65
59 36
28 3
60 -47
29 -41
75 -228
> 77660 -93129
50 -82
30 -90
24 -170
7 -112
-11 -432
16 -652
-2 -293
-20 -273
38 -251
-10 -200
-68 -459
-13 -52
-28 -44
-42 -38
-36 13
-92 208
-19 69
-10 1578
-22 573
13 96
2 196
7 24
156 181
30 210
> 79887 -99516
-47 183
-37 27
-19 4
-22 84
-38 273
2 60
11 44
48 51
66 21
130 -23
56 -31
45 -72
29 -122
13 -136
2 -272
18 -306
-4 -72
-47 -250
-12 -26
-51 -41
-29 -6
-82 34
-21 35
-14 57
-5 143
8 341
> 77595 -90172
33 -251
21 -252
6 -168
-11 -176
-18 -90
-18 -40
-51 -34
-75 -2
-56 8
-39 30
-58 154
-117 765
-2 133
58 262
25 86
17 35
29 17
39 1
64 -25
49 -120
104 -333
> 75137 -93498
93 -93
44 -76
75 -84
74 -158
121 -348
49 -170
30 -222
7 -229
-8 -172
-93 -621
-60 -182
-25 -102
-86 -170
-57 7
-61 -62
-21 -112
-8 -91
-112 -183
-41 -31
-26 -3
-30 9
-12 31
9 174
-17 43
-34 24
-21 25
-7 24
31 88
-18 88
-103 229
-33 414
-3 165
-94 327
-40 155
-18 107
-5 162
10 329
-3 221
17 359
8 53
22 26
37 -1
21 12
7 27
16 18
84 28
65 -4
31 -11
76 -65
23 -9
49 20
37 34
> 78687 -110004
17 -136
53 -268
1 -210
-23 -260
-27 -193
-64 -329
-41 -120
-28 -189
-27 -505
-48 -427
-33 -215
-59 -294
-55 -132
-19 -11
-36 70
-14 50
9 173
49 442
24 427
-83 371
-8 243
12 82
50 135
39 71
10 60
-18 142
-46 187
-11 85
-16 337
3 125
25 271
-1 18
> 78322 -110004
-18 295
12 225
21 93
32 39
39 16
48 -6
37 -20
74 -105
15 -37
11 -77
-1 -60
58 -175
28 -125
9 -63
> 75966 -117626
111 127
22 -14
16 -121
-3 -118
-36 -137
-82 -248
-36 -242
-52 -247
-136 -377
-71 -224
-36 -93
-46 -75
-16 12
-16 77
-16 219
-47 270
-7 203
65 286
31 101
194 336
116 175
45 90
> 73647 -104835
97 -279
23 -204
-1 -194
-47 -850
-23 -252
-26 -81
-71 -136
-89 -119
-30 28
-22 172
-45 224
-109 346
-46 67
-62 42
-103 271
-104 227
-51 139
-23 95
5 50
27 88
50 126
41 72
51 34
79 178
143 169
43 39
112 31
75 -3
37 -33
36 -61
22 -69
11 -117
> 72687 -96869
-50 -183
-9 -76
15 -31
30 19
45 67
45 -10
74 -155
28 -140
13 7
20 61
20 14
20 -33
54 -147
36 -160
9 -89
-1 -214
-15 -122
-28 -120
-59 -186
7 -55
17 -9
42 -6
23 20
22 41
71 200
169 380
54 312
48 211
34 43
37 -57
23 -63
7 -120
-14 -62
-3 -54
10 -29
21 -11
35 29
-10 107
37 95
7 111
21 128
23 61
52 93
8 5
31 -14
84 -101
35 -59
19 -54
18 -102
26 -255
0 -88
-9 -162
-13 -96
-48 -224
-26 -367
-31 -266
-12 -255
-17 -118
214 -844
-17 -136
-40 -89
-16 2
-29 71
0 114
13 100
-10 28
-52 -79
6 -191
43 -302
-39 -431
-14 -48
-26 -22
-38 3
-36 29
-33 55
-45 115
-20 125
-18 51
-65 71
-45 27
-16 -13
45 -155
77 -177
29 -122
-4 -139
-24 -208
-38 -140
-29 -55
-19 -5
-40 41
-15 31
-156 562
3 134
22 168
16 89
43 132
-19 108
-100 252
-26 181
-13 -141
10 -101
44 -159
10 -115
-10 -98
-21 -50
-36 -47
-34 -14
-26 19
-17 85
7 112
-8 51
-25 47
-40 52
-92 87
-18 5
-38 -36
-17 -60
9 -40
79 -140
-1 -28
-170 -47
-28 -25
-6 -17
-47 -411
-13 -192
9 -185
24 -78
75 -84
62 -109
27 -74
33 -137
30 -43
45 -37
39 -87
13 -98
7 -184
-13 -132
-58 -168
-28 -47
-67 -77
-68 -60
-60 -26
-18 5
-46 52
-124 255
-109 428
-55 65
-22 76
-24 29
-44 29
-26 51
-37 226
35 179
9 68
-5 42
-38 116
-50 67
-19 42
-11 184
-13 93
-34 113
-148 268
-92 202
-155 389
-105 154
-95 177
-133 128
-37 52
-20 57
2 181
-17 87
-38 115
-12 121
16 127
31 124
92 213
21 9
29 -5
68 -36
158 -190
56 -38
51 70
28 66
-4 17
-17 3
-28 -10
-38 6
-49 23
-35 42
-19 61
-32 599
4 121
39 239
38 105
50 92
31 79
42 333
134 -11
57 -93
7 -41
14 -8
100 148
27 17
31 8
33 -23
34 -53
43 -127
8 -5
1 55
19 108
51 118
41 47
53 33
65 -6
78 -43
69 -53
11 -50
3 -79
-26 -198
> 63901 -80668
8 89
23 10
40 -39
53 -86
65 -135
10 -92
-67 -84
-2 -19
6 -80
39 -232
-54 -380
-6 -171
15 -16
88 182
27 40
25 14
42 -9
213 -111
133 -142
85 -121
47 -109
30 -113
41 -314
18 -82
124 -323
56 -210
8 -21
136 -185
28 -84
37 -232
12 -177
37 -185
27 -48
71 -47
51 -86
91 -235
3 -67
-14 -44
-142 -159
-49 -71
-7 -43
12 -35
176 -136
73 -184
16 -3
20 17
46 96
31 25
70 -25
54 -46
49 -65
50 -201
54 -54
15 -27
4 -32
-36 -144
-51 -115
-128 -148
-64 -55
-106 -58
-117 -39
-407 -74
-114 -40
-234 -116
-96 -30
-63 -1
-126 21
-139 80
-57 22
-44 0
-43 -57
-42 -113
-128 -464
-22 -46
-72 -100
-115 -122
-43 -35
-39 -5
-38 17
-9 25
-14 99
-3 138
6 68
87 271
-5 274
50 497
-7 36
-16 30
-26 25
-387 148
-132 70
-19 103
19 155
58 276
50 166
62 163
41 78
40 49
139 118
57 80
14 48
14 118
46 120
153 294
60 66
45 24
95 21
45 33
41 90
45 190
14 118
1 121
-32 49
-66 -23
-38 5
-23 104
-39 359
-34 104
-190 55
-30 34
-16 232
-27 183
-126 591
-55 192
-21 134
1 32
17 60
116 242
78 208
88 202
40 41
61 -190
38 -217
> 68323 -75676
14 -191
-5 -116
-18 -105
-5 -85
10 -191
-40 -232
-25 -92
-23 -52
-140 -205
-144 -181
-97 -103
-144 -77
-21 2
-177 80
-100 67
-88 81
-53 71
-17 61
-10 85
-4 165
22 361
4 284
22 269
83 380
33 85
59 113
78 75
98 36
116 5
214 -41
20 3
64 51
26 11
66 -1
32 -15
29 -25
32 -51
89 -522
> 73483 -80736
-1 -41
-10 -21
-43 -25
-48 -1
-47 48
-29 49
-34 109
-25 325
-21 110
-64 37
-83 32
-101 62
-85 77
-28 38
-38 116
-70 320
2 182
14 185
86 580
24 240
15 478
-53 822
-23 613
22 218
38 93
31 -45
47 -120
39 -55
83 20
19 -41
22 -127
37 -112
66 -52
29 -35
56 -102
46 -246
17 -37
77 -78
50 -87
37 -175
111 -681
18 -224
-25 -1080
13 -170
48 -352
5 -231
58 -292
2 -209
-9 -142
-15 -60
-22 -26
-50 -12
-80 3
-56 31
-52 91
> 75738 -97863
22 -28
43 197
48 92
28 -1
61 -49
39 2
74 37
56 82
30 7
43 -7
42 -42
80 -134
31 -32
28 2
24 35
35 12
45 -11
29 -25
23 -82
14 -159
42 -269
24 -53
68 -239
27 -183
-51 -230
-28 -83
-78 53
-71 81
-12 -280
67 -159
103 -340
8 -145
3 -255
-21 -319
-29 -186
-61 -256
-49 -61
-18 17
-20 54
-41 169
-37 476
-16 93
-31 104
-12 -5
-9 -60
-20 -315
-14 -56
-14 0
-46 231
-1 185
-28 181
-22 276
-13 -249
6 -212
-5 -84
-17 -27
-50 62
-38 73
-69 289
-19 -12
-14 -74
-3 -90
16 -155
20 -86
48 -125
199 -669
39 -156
26 -38
36 6
37 -51
65 -201
15 -75
26 -262
0 -111
-12 -70
-40 -106
-68 -141
-46 -33
-42 151
-9 77
2 353
-19 28
-67 -242
-49 -90
-18 -11
-42 49
-33 106
-16 286
-48 -77
-26 2
-36 36
-36 55
-57 127
-5 29
18 249
-4 37
-35 -146
-5 -142
24 -160
51 -179
51 -343
-9 -202
-62 -126
-35 19
-65 -159
-74 -317
-39 -70
-56 98
-30 113
0 46
94 1080
-18 254
30 305
61 987
17 720
-29 -14
-14 -382
-22 -165
-21 -14
-43 -195
-108 -315
-55 -432
-12 8
-47 -27
-26 116
-31 251
-44 218
-10 -6
-17 -307
-31 -24
-121 126
-39 65
-20 58
-5 287
-19 320
60 206
5 95
-23 81
-10 89
5 146
-3 175
-12 131
3 135
23 274
1 174
13 129
14 39
51 -37
42 -87
23 -15
23 23
2 24
-48 74
-31 128
-5 44
10 125
24 14
40 -45
69 -148
156 -25
92 225
-49 188
-42 102
3 27
132 -74
121 2
12 -32
53 -423
> 79051 -104901
-24 154
-36 12
-101 -158
-34 -77
-27 0
-21 74
-1 79
19 81
130 341
34 243
-4 39
-38 106
-29 120
-16 11
-89 -279
-18 -40
-15 10
-17 176
5 491
-17 110
-16 36
-43 -191
-30 -366
-28 -92
-12 433
-29 105
-54 -88
-20 -193
20 -450
39 -513
-6 -93
-20 -90
-34 -86
-51 11
-67 106
-49 115
-57 251
-26 189
-9 377
60 270
51 946
-41 -53
-23 12
-32 49
-19 55
-7 61
26 323
5 227
-16 228
-65 531
-5 224
-64 116
-42 132
-16 16
-76 32
-18 20
-47 78
-39 94
-59 311
-39 319
30 297
16 318
17 175
20 38
89 67
31 61
19 -5
56 -48
46 -79
161 -430
24 -189
22 -27
40 9
28 -5
45 -74
17 30
39 138
51 49
18 49
20 -27
37 -173
109 -233
91 -420
-37 -482
19 -211
22 -19
34 31
57 82
24 -3
23 -51
11 -57
9 -154
97 -405
9 -169
-9 -101
-41 -215
-28 -204
-56 -14
-21 -18
-32 -70
-22 -81
22 -17
29 12
13 -15
26 -135
22 48
36 35
28 10
23 -1
17 -13
136 -262
64 -278
21 -234
36 -280
-4 -259
-37 -882
13 -541
-22 -48
-60 -79
-78 -56
-50 -9
-53 9
-28 35
0 227
18 408
> 81049 -91755
84 -131
52 -112
59 -214
34 -201
68 -622
18 -298
-13 -272
-2 -455
-10 -119
-8 -41
-16 -13
-25 2
-25 12
-24 25
-16 84
-12 216
-4 487
-30 121
-24 51
-26 -1
-29 -51
-15 -58
-2 -99
23 -382
-49 -390
-26 -303
19 -462
-49 -289
-138 -239
-25 -6
-30 319
-57 408
-110 192
-31 394
-24 173
-27 101
-1 -557
14 -249
-1 -159
75 -133
40 -200
5 -279
34 -209
-4 -213
-30 -206
-138 -19
-82 251
-75 287
-29 65
-2 -198
18 -265
-3 -100
-27 -222
-20 -51
-18 -9
-22 26
-26 60
-21 93
-24 189
-8 122
17 258
-96 241
-1 213
68 602
-7 327
-13 -41
-41 -279
-15 -24
-23 -6
-29 13
-18 -11
-7 -35
4 -748
13 -388
70 -991
-112 134
-46 32
-61 18
-69 126
-143 463
-31 142
-14 119
-7 187
0 255
24 324
49 392
10 179
-50 -74
-19 -44
-99 -782
-18 -261
-23 -100
-109 -70
-28 76
-35 340
-65 214
4 59
41 198
56 441
9 121
2 174
-6 150
-10 20
-29 -100
-42 -69
-12 16
-8 53
-4 107
63 383
14 169
61 353
21 206
0 177
-11 160
-66 237
-8 555
8 393
-12 -44
-44 -524
-34 -679
-97 -137
-30 -158
-1 -226
-15 -226
-103 -656
-43 -213
-21 -7
-22 16
-22 39
-57 213
-64 566
-32 176
-7 -48
8 -353
-9 -62
-17 -11
-43 82
-65 163
-35 122
-6 158
11 136
-8 257
-43 781
-19 68
-22 -430
-34 -429
-27 -122
-30 40
-41 130
-76 327
-76 452
-49 489
-30 492
-8 304
13 227
22 60
34 -31
28 -47
22 -64
39 -183
14 30
9 163
-3 162
-15 161
-22 111
-29 60
-24 92
-45 222
-26 72
-7 53
12 36
31 -17
76 -105
91 -145
126 -244
53 -75
58 39
-6 42
-28 69
-134 271
-69 185
-161 374
-25 126
2 148
6 31
50 58
92 85
58 42
70 -17
84 -91
38 -28
12 33
6 128
-105 296
-20 137
17 108
43 57
28 9
30 -8
21 -21
11 -34
26 -191
19 -26
24 64
50 23
121 -23
66 26
40 60
22 64
43 162
7 49
-9 12
-85 -106
-36 -30
-22 -8
-41 5
-101 34
-44 61
-31 244
42 138
95 233
53 166
33 64
76 59
8 44
-8 192
16 92
48 178
61 359
108 802
26 109
51 139
43 -22
59 -112
143 -325
81 -147
4 -31
-20 -72
-22 -53
-87 -145
-7 -58
72 -79
54 -94
17 -52
13 -105
11 -312
-48 -212
-7 -64
-20 -318
9 -52
50 75
33 76
142 94
89 73
73 -99
76 -126
4 -127
32 -322
9 -210
10 -61
36 53
53 244
20 7
95 -12
46 -16
24 -29
44 -285
13 -165
-1 -299
-10 -101
-31 -119
-39 -19
-58 17
-35 34
-30 231
-58 126
-42 58
-14 -3
23 -129
-3 -209
35 -319
32 -162
65 -179
26 -20
71 71
19 -8
15 -42
13 -7
33 70
17 -4
23 -29
31 -69
21 -93
7 -196
-8 -149
-30 -124
-3 -64
50 -356
28 -319
18 -106
48 11
13 -5
33 -46
90 -371
72 -218
199 -483
> 74470 -87593
32 229
-22 369
-1 225
10 104
68 -65
-2 76
-42 314
23 130
4 101
-41 154
0 148
36 264
10 32
22 23
33 15
1 32
-58 103
-24 125
-2 81
11 46
79 26
-3 49
-36 96
-26 98
-22 151
-12 241
7 181
49 377
2 246
20 90
69 120
15 18
95 53
37 -23
32 -123
14 -23
44 -34
9 22
-16 115
-57 187
-11 62
0 55
-29 16
-56 -25
-39 -5
-63 59
-47 80
-17 47
-36 195
-5 91
10 230
-53 346
-9 129
4 131
25 202
52 267
13 114
15 948
2 15
73 42
47 11
45 -3
31 21
16 43
32 -41
48 -125
27 -33
5 59
-13 87
-61 258
46 436
38 107
41 -59
31 -65
31 -139
0 -69
-30 -303
-3 -99
14 -126
32 -121
18 24
67 381
80 343
61 125
35 1
90 -78
65 -74
11 -78
6 -362
12 -160
11 -27
52 161
20 7
19 -39
48 -164
13 -206
1 -473
15 -123
11 -50
15 -19
52 42
20 -118
39 -378
36 -507
2 -200
-15 -199
-62 -540
-5 -144
62 -508
6 -187
-39 -82
-17 -114
-110 -477
2 -145
-10 -237
-72 -385
7 -209
-51 -392
-27 -96
-60 164
-47 -46
11 -285
30 -201
27 -108
28 -269
127 -443
-27 -108
-106 -174
9 -33
53 -72
29 -86
-64 -471
133 -368
13 -76
1 -70
-12 -69
-22 -68
-36 -12
-50 44
-37 16
-39 -35
-11 -30
2 -48
110 -363
8 -57
-7 -309
19 21
62 264
52 104
39 52
25 0
33 -73
62 -233
-13 -139
10 -45
71 -98
41 -120
5 -120
59 -143
23 -75
23 -461
30 -90
36 -218
18 -259
60 -128
10 147
-44 433
-28 515
31 905
29 115
21 55
19 18
44 -66
135 -1570
9 -479
10 -81
43 -28
11 45
1 62
-11 73
-16 399
-19 242
31 79
20 -12
27 -50
38 -133
81 -386
19 -181
4 -243
-9 -241
-60 -508
-13 -419
17 -279
-146 -427
-26 -113
44 50
35 59
47 109
52 53
43 63
17 11
22 1
47 -23
15 -18
14 -47
28 -144
62 -187
40 -203
3 -137
-13 -160
8 -187
46 -321
59 -510
47 -512
2 -212
-16 -211
-45 -316
-17 -173
-3 -135
-13 -73
-24 -12
-35 -44
-24 43
-34 110
-44 228
-14 31
-23 -49
-11 -139
3 -89
37 -199
-30 -20
-19 0
-16 17
-12 35
-23 206
-133 669
-4 98
19 222
-22 -45
-26 -93
-24 -224
-26 -27
-41 81
-30 117
-53 395
-99 173
-6 277
35 260
4 152
-15 202
-12 531
3 187
16 21
22 84
49 251
6 117
-12 100
-140 209
-100 174
-128 235
-71 167
-68 122
-50 43
-70 43
-69 30
-24 -12
-23 -29
-132 -221
-73 -80
-23 -17
-37 1
-49 19
-34 19
-33 42
-49 140
-57 131
-23 16
-29 -105
-21 -9
-103 71
-155 141
-49 91
-45 205
-43 117
-5 41
16 169
-21 171
4 33
60 -29
26 34
82 250
-17 2
-56 -80
-30 -9
-19 183
-83 231
-3 191
-49 347
-12 171
6 285
13 109
41 188
29 66
29 7
31 -8
34 -22
13 27
-7 77
9 57
27 38
14 40
2 40
-26 32
-53 25
-21 32
25 73
87 96
30 147
-3 47
-25 57
-19 91
-41 -35
-77 -102
-58 -61
-39 -20
-29 2
-31 55
-16 78
-5 417
-19 413
> 77849 -96603
23 126
15 465
37 341
39 219
8 81
-3 172
25 112
83 153
30 -2
30 -52
42 -115
47 -226
38 61
50 254
32 127
15 -1
31 -27
39 -116
68 -382
19 -148
-12 -407
26 -236
20 -52
22 13
22 -22
70 -210
22 -112
33 -349
38 -233
25 -213
13 -214
9 -447
0 -169
-31 -121
-23 -8
-59 51
-105 194
-29 36
-41 -256
-19 -8
-21 7
-39 41
-9 21
-26 141
-17 45
-60 19
-64 207
-31 24
-28 496
-46 296
-5 82
-13 -13
-22 -83
-14 -186
-12 -431
-19 10
-22 27
-68 194
-49 334
-25 74
-27 -33
-22 -12
-32 24
-21 50
6 156
37 231
> 78090 -110004
13 -454
-6 -269
-16 -146
7 -334
-81 -1098
-65 -500
-23 -217
-7 -165
-8 -28
-44 -54
-24 -14
-23 0
-35 12
-60 81
-42 22
-43 47
-15 -16
-18 -52
-20 -20
-21 12
-29 33
-19 118
-36 120
-31 282
-80 271
-20 196
0 225
85 726
4 166
-7 166
20 211
45 311
34 174
47 59
53 22
91 -1
26 -13
21 -22
14 -36
9 -103
-5 -427
22 -93
17 -45
14 -9
23 115
48 551
24 196
> 77929 -110004
28 232
42 93
58 60
18 -3
4 -35
11 -347
> 76418 -118644
46 -156
22 -21
27 30
13 59
-1 158
22 106
41 37
74 22
39 39
36 69
23 98
12 127
33 195
-1 63
-20 38
-50 -28
-81 -92
-79 -65
-77 -40
-50 -15
-41 27
-61 152
-28 109
-44 240
0 145
9 113
16 80
24 46
51 64
31 18
65 13
27 -4
36 18
45 531
34 248
43 144
33 91
24 39
25 1
49 -71
89 -218
27 -19
15 70
2 73
-10 197
31 103
30 -47
61 -216
72 -213
35 -43
41 115
88 590
26 117
17 37
15 -6
39 -75
98 -457
55 -201
27 -154
5 -148
-19 -324
-25 -112
-39 -93
-16 -6
-17 16
-34 264
-18 62
-33 -91
-7 -49
8 -217
13 -88
-30 -62
-18 -68
4 -140
64 -586
-48 -815
-28 -270
-64 -234
-64 -171
-103 -336
-143 -369
-26 -111
-18 -47
-71 -80
-23 -47
-102 -513
-30 -104
-39 -102
-169 -357
-12 -53
-40 -751
-11 -58
-37 -96
-125 -255
-63 -104
-30 -25
27 218
5 61
-5 31
-9 5
-13 -21
-19 0
-24 61
-16 2
-42 -61
-8 -39
-22 6
-36 49
-22 58
-7 133
16 97
58 246
17 149
-15 213
-39 267
-4 108
7 107
36 194
143 119
20 52
-4 35
-13 41
-32 43
-100 92
-26 74
-50 49
-88 56
-44 49
-1 44
27 204
7 248
56 178
31 68
39 59
-3 70
15 12
34 -1
21 -23
48 -175
18 -15
39 100
33 4
54 -15
36 2
47 69
13 56
-20 35
-45 41
-53 80
-63 119
-32 81
-3 87
21 87
23 39
90 104
19 39
58 169
31 18
52 -19
> 75539 -110003
16 -456
5 -267
-13 -164
2 -163
21 -110
42 -113
64 -97
86 -81
49 -59
11 -36
10 -160
-6 -168
8 -180
13 -24
19 34
45 179
28 3
133 -469
130 -364
43 -280
13 -193
-10 -192
-41 -460
22 -100
72 -136
30 -42
18 -12
47 -3
27 -25
28 -53
24 -105
27 -236
4 -232
-9 -231
-59 -583
-73 -198
-35 -47
-34 -6
-26 10
-17 25
-13 133
-29 639
-16 145
-22 101
-7 -160
18 -829
18 -291
-8 -151
-51 -244
-47 -137
-22 -19
-57 60
-25 -30
-34 -85
-29 11
-38 210
-10 106
14 736
1 610
-29 -182
-26 -303
0 -361
-33 -552
-36 -412
-26 -171
-28 -66
-73 -125
-28 26
-15 113
-17 599
22 392
99 912
-11 5
-16 -25
-40 -109
-21 -84
-125 -742
-10 -136
-2 -678
-8 -263
-13 -104
-18 -78
-21 -52
-64 -125
-43 -63
-21 -21
-21 -3
-39 35
-29 63
-48 497
-4 164
20 365
-130 333
-74 414
6 46
36 74
46 35
25 37
23 59
11 65
-2 70
-11 63
-53 106
-40 46
-24 51
-9 57
24 161
88 407
53 96
30 -2
87 -146
17 -10
10 31
-4 54
-31 144
-10 117
51 43
101 50
25 22
17 36
-4 33
-42 68
-13 37
37 290
4 122
-19 -36
-75 -256
-26 -52
-37 -42
-48 -33
-23 25
-59 6
-17 10
-28 50
-15 83
24 372
15 389
13 96
17 55
49 97
18 51
7 55
-12 119
-66 222
-1 42
9 214
24 219
2 160
23 147
69 293
-4 88
-29 60
-32 -46
-67 -179
-72 -245
-37 -168
-13 -113
-6 -172
10 -237
-16 -470
-18 -173
-101 -488
-62 -539
-47 -269
-51 -181
-44 -64
-67 109
-30 93
-85 338
-36 165
-23 158
-28 497
15 498
85 790
83 441
54 347
49 192
65 124
27 82
34 156
26 211
11 173
> 76244 -110003
-21 95
-11 198
-67 223
-36 57
-37 13
-29 -8
-22 -30
-92 -416
-66 75
-164 851
-24 27
-51 18
-37 -13
-45 -34
-27 -58
-9 -81
33 -917
> 76480 -110003
-63 -267
-20 -39
-28 -5
-36 29
-27 38
-17 46
-45 198
> 74851 -110003
32 500
127 500
55 172
-25 165
-17 33
-16 -37
-15 -81
-32 157
-13 119
-4 121
9 127
34 203
14 204
-48 358
-25 309
1 97
12 95
75 373
74 495
42 121
61 109
220 160
89 25
131 159
70 38
44 0
135 -82
49 -41
15 -29
22 -78
42 -194
51 -492
-7 -132
-29 -148
-49 -127
-23 -42
-22 -16
-58 42
-30 61
-23 71
-9 -5
-28 -199
-40 -11
-53 -1
-9 -10
93 -57
72 -79
18 -30
16 -56
13 -80
15 -202
-6 -123
-23 -162
-76 -215
-6 -33
9 -70
35 51
100 215
16 23
18 11
21 -2
40 -54
23 -75
7 -167
-11 -147
3 -126
10 -95
18 -19
31 24
38 76
46 128
33 55
97 -71
62 -151
47 -167
8 -12
56 -15
33 -21
51 -68
22 -7
21 23
50 100
28 34
30 11
16 -25
4 -62
63 -278
-9 -266
-20 -122
-32 -119
-68 -166
-170 -360
-37 -117
-5 -21
> 74009 -91088
19 -542
-15 -244
-41 -349
20 -91
70 -179
21 -94
31 -191
47 -393
18 -239
-12 -139
-49 -236
14 -154
-19 -544
-27 -246
-45 -245
-17 -66
-39 -81
-25 -24
-27 -8
-27 4
-25 15
-76 75
-89 162
-30 100
-15 106
-7 -7
-1 -119
23 -179
69 -390
-3 -61
-24 -122
-33 -64
-24 -12
-32 -3
-82 4
-229 40
-154 15
-59 -3
-116 -20
-57 -1
-58 11
-53 22
-49 32
-280 297
-157 58
-165 26
-153 -26
-14 185
29 397
2 114
-43 353
28 106
101 65
123 102
168 316
16 13
62 8
32 -12
28 -26
109 -199
35 -149
33 -232
21 -59
44 632
1 238
-84 949
9 157
27 117
95 213
66 117
111 167
119 161
50 34
19 -40
22 -88
49 256
19 49
112 181
51 66
35 27
26 41
53 169
105 199
68 100
71 85
44 26
39 -103
44 -169
57 -461
> 68835 -95585
63 -166
56 -104
70 -96
101 -110
134 -123
85 -116
127 -395
39 -180
44 -114
61 -107
58 -140
7 -42
-7 -28
-32 -45
-10 -58
12 -30
24 -30
16 9
17 74
12 3
26 -28
64 -193
39 -87
21 -100
-4 -98
-25 -192
-36 -119
-17 -39
-26 -29
-62 -33
-23 -3
-40 15
-117 126
-55 122
12 -115
16 -66
80 -167
14 -87
-6 -70
-28 -2
-18 14
-28 39
-19 47
-2 -89
-17 -22
-35 24
-51 68
-21 17
-19 -6
-27 -48
-89 -220
-51 -188
-18 -173
-19 -371
-31 -57
-46 -44
-20 -7
-74 69
-42 54
-42 123
-13 64
0 163
14 18
22 -21
19 37
15 93
-1 60
-16 25
-22 15
-30 5
-25 29
-22 55
-14 71
-5 164
20 108
24 56
1 55
-12 25
-24 16
-35 7
-23 15
-10 23
-67 350
-46 180
-82 233
-16 208
11 256
-78 409
10 197
37 134
99 244
20 129
59 93
50 116
9 72
2 148
31 107
27 64
21 27
47 -52
19 -54
-11 -64
-46 -147
> 72982 -110002
2 -6
8 -87
7 -414
9 -152
-63 -28
-84 135
-69 275
-33 82
-78 -11
-20 3
-28 -234
-33 -74
-66 -269
-102 -177
-67 -181
-8 -45
7 -83
14 -16
23 -3
24 10
24 24
10 -12
-4 -46
-47 -136
-57 -97
-51 -131
35 -87
21 -133
30 79
50 205
136 255
97 106
45 -20
52 -185
122 -593
49 -406
49 -300
9 -320
-14 -134
-31 -84
-87 -158
-41 -41
-68 -5
-32 10
-28 -14
-42 -78
-5 -44
26 -70
-22 -266
-27 -216
-33 -168
-11 -116
13 -64
33 24
113 218
66 102
56 69
46 34
51 21
57 8
56 -6
109 -43
51 -32
39 -37
28 -42
33 -96
42 -336
-160 -914
-158 -1021
-96 -399
-45 -284
-83 -296
-198 -581
-99 -242
-61 -82
-45 -24
-29 32
-29 59
-59 144
-24 39
-24 -6
-58 -156
-38 -221
-181 -355
-14 -15
-59 -24
-110 -10
-39 6
-32 36
-45 84
-38 285
-9 211
21 484
-2 146
-98 -136
-35 -270
-59 -78
-18 4
-13 34
-44 252
-1 213
44 386
9 557
102 1193
-35 249
-17 35
-22 -38
-6 -131
19 -262
-16 -246
-15 -64
-31 -1
-22 123
-19 30
-20 -150
-3 -186
-21 -194
-61 -393
-65 -499
-54 -500
-23 -120
-100 -335
-35 -84
-32 -24
-80 113
-258 677
-26 594
20 666
-8 101
-25 140
-5 95
15 680
20 470
21 248
33 262
-1 99
22 266
-5 209
-39 360
-36 251
-169 1032
-95 388
-43 93
-23 -72
-13 -79
3 -406
-21 -76
-26 -257
-4 -115
39 -573
6 -455
12 -251
25 -250
5 -425
-55 -937
-82 -1025
-75 -581
-8 -28
-38 -32
-63 11
-103 35
-62 27
-22 18
-85 111
-69 137
> 69650 -116856
-74 144
-64 103
-49 40
-29 32
-9 24
-88 411
-33 241
-21 243
-18 459
8 460
-4 376
-18 250
-56 379
-13 13
-152 72
-70 16
-122 -24
-70 62
-169 217
-64 107
-41 103
-13 108
-4 156
8 198
31 361
17 787
9 207
46 183
6 171
-16 109
32 380
20 509
47 487
83 526
67 216
70 177
38 188
19 502
48 423
30 87
120 230
29 90
166 177
60 96
33 101
3 119
-29 120
-33 59
-41 17
-59 -12
-30 2
-27 13
-29 71
-33 129
-14 133
5 203
-19 272
-40 271
-13 242
-13 6
-16 -8
-74 -126
-23 -21
-35 63
-48 535
40 111
16 107
-62 286
-18 247
-39 352
20 306
-5 267
9 60
32 97
24 250
34 129
66 378
35 124
108 69
50 -1
35 -34
23 -50
6 -26
-10 -94
22 -53
23 -18
27 -7
29 4
23 14
47 77
18 -2
40 -68
23 -105
-12 -296
-42 -99
-56 -231
-37 -107
-129 -206
-7 -30
31 7
132 73
65 8
39 -17
13 -14
-2 -39
14 -40
71 -152
43 -124
33 -47
24 30
17 76
-11 56
-79 244
-30 139
-17 176
4 123
22 58
18 22
29 6
39 -10
32 -20
26 -31
40 73
55 175
29 114
4 52
-21 84
-87 238
-34 126
-5 86
22 46
35 37
77 57
17 24
-16 27
-85 57
-39 63
-30 121
-11 172
11 62
35 47
97 29
57 -3
160 -64
82 -70
25 -48
12 -58
3 -90
-16 -323
37 -56
76 -9
18 -14
12 -35
8 -56
-11 -205
10 -53
128 -379
56 -220
53 -161
133 -300
-5 -39
-31 6
-78 82
-15 -4
-10 -16
-7 -56
1 -28
37 -92
25 -98
59 -290
103 -268
29 -100
164 -214
137 -348
40 -55
28 7
116 76
52 50
38 52
44 29
52 6
38 -5
23 -18
82 -13
122 -132
169 -249
35 -43
77 -68
435 -356
49 -13
96 -51
75 -25
35 -32
39 -56
31 -19
25 18
23 -3
61 -81
78 -128
84 -189
61 -269
124 -400
70 -346
10 -123
-31 -82
-48 -41
-5 -39
96 -383
41 -224
20 -309
-45 -60
-23 12
-48 90
-16 51
-10 -44
-5 -138
-19 -86
-33 -33
-44 -1
-453 241
-65 63
-31 10
-37 -9
-29 23
-23 54
-25 32
-96 15
-44 15
-154 98
-124 153
-130 237
-9 -71
-11 -5
-16 13
-24 40
-16 -18
-103 -340
-53 -70
-33 -28
-4 -28
13 -112
38 -96
28 -124
19 -43
27 -22
149 -66
239 -194
178 -96
95 -62
87 -70
52 -57
17 -43
15 -153
13 -43
41 9
17 17
17 -19
16 -56
39 -79
49 -235
33 -112
68 -141
106 -392
> 74464 -122623
-28 -845
-88 -1228
-21 -13
-23 64
-34 16
-22 54
-295 314
-51 69
-45 104
-29 215
-43 75
-17 1
-124 -233
-117 -84
-108 -310
-176 -170
-39 -53
-78 -157
-50 -32
-17 19
-36 81
-4 93
-14 55
-16 18
-24 9
-21 -4
-18 -18
-63 -348
-20 -39
-30 -30
-37 -15
-45 0
-86 -15
-28 11
-13 34
-16 -2
-36 -83
-29 -98
-72 -138
-27 -77
-42 -55
-74 -74
-43 -63
-10 -52
-18 -20
-27 13
-17 21
-10 29
-45 -179
-9 -6
-46 9
-29 -8
-29 -22
-46 -55
-13 16
-5 62
12 470
-18 82
-31 89
-89 366
-158 752
-25 55
-124 197
-35 74
-70 87
-204 202
-50 78
-46 104
-29 115
-6 159
9 97
31 120
66 170
72 393
179 408
6 48
-3 79
-41 75
-18 75
26 312
31 230
60 311
51 99
48 59
26 18
257 77
96 56
143 116
86 14
16 90
15 323
59 254
57 105
249 276
31 54
44 116
218 979
136 519
69 399
146 582
42 244
28 247
94 468
22 77
26 35
37 19
40 -15
43 -48
34 -55
47 -123
82 -324
279 -764
74 -228
70 -249
61 -316
20 -192
14 -259
1 -234
-22 -344
-12 -81
-41 -119
-147 -282
-24 -57
-5 -35
12 -14
100 -7
40 -11
18 -21
12 -35
8 -109
-5 -156
-93 -258
5 -7
17 -1
24 22
79 152
21 -381
99 -610
68 -328
69 -247
40 -186
15 -189
-4 -244
-77 -875
> 46767 -56243
-14 71
9 21
17 12
23 2
9 -16
-4 -32
-9 -24
-31 -34
> 75957 -94745
-3 -95
-8 -41
-15 -20
-19 7
-23 34
-30 26
-38 19
-30 28
-21 36
-21 127
0 97
17 197
10 26
12 8
38 -36
59 -82
32 -29
54 -28
21 -28
4 -39
-39 -207
> 52010 -79644
-32 47
-25 76
-8 95
7 42
16 32
24 23
32 12
47 47
16 -1
11 -64
-88 -309
> 56439 -78669
0 -56
-18 -37
-38 -37
-43 -23
-50 -6
-58 -29
-66 -50
-33 -7
-2 37
14 50
30 66
38 51
47 37
57 16
122 -12
> 55807 -79765
69 159
-5 79
4 32
21 40
39 48
241 185
36 40
-31 40
-21 6
-24 -6
-214 -132
-43 46
6 53
183 91
97 66
101 82
54 29
8 -24
17 -11
26 2
51 -23
14 -32
18 -83
20 -22
46 -24
18 -31
11 -55
19 -36
28 -15
4 -11
-137 -33
-87 -34
-100 -54
-65 -65
-31 -78
12 -18
55 42
66 36
134 44
66 -3
24 -13
3 -11
-17 -10
-63 1
-56 -14
-77 -33
-83 -81
-130 -194
-182 -211
-21 -7
-19 20
-21 83
70 124
180 216
7 20
-13 50
-22 -2
-286 -268
> 56827 -79946
-50 2
-20 50
18 27
41 32
27 8
21 -34
1 -37
-38 -48
> 57514 -79775
-6 43
8 15
39 4
50 -14
3 -16
-9 -25
-40 -43
-17 -8
-24 3
-35 -22
-41 30
7 16
65 17
> 56327 -79688
60 55
79 53
-7 -26
-55 -75
-27 -68
0 -61
-10 -42
-19 -22
-30 -131
-31 -52
-73 -32
-15 60
8 51
120 290
> 59674 -80299
-41 -26
-12 8
3 32
21 44
38 58
26 16
16 -43
-46 -47
-5 -42
> 53364 -80050
-20 -24
-20 6
-27 29
-17 35
-6 65
30 1
48 -37
12 -75
> 59810 -79950
43 51
24 -57
-7 -85
-18 -43
-29 -38
-59 -45
7 103
39 114
> 56733 -79551
-88 -26
-1 24
13 35
10 21
20 12
27 3
29 -9
28 -20
28 -42
-3 -17
-15 -14
-16 2
-32 31
> 72927 -96944
10 162
10 73
14 38
31 36
50 31
32 6
28 -48
24 -98
11 -24
28 -25
24 -69
-32 -153
-27 -54
-32 -19
-36 -10
-65 5
-70 149
> 74526 -97356
34 52
16 13
22 -27
29 -99
-25 -99
-91 -234
-22 28
-23 66
60 300
> 73812 -98974
5 157
12 56
27 70
-9 133
22 288
20 123
79 286
38 106
47 82
19 14
18 -8
19 -31
6 -102
-10 -261
-70 -524
-14 -233
-14 -86
-19 -63
-23 -38
-17 -92
-22 -249
-15 -58
-16 -13
-16 32
-17 87
-50 324
> 69357 -90177
62 -23
17 -29
-18 -24
11 -69
-13 -55
-26 -78
-20 -37
-41 27
-66 101
-11 34
6 35
15 28
84 90
> 69368 -90600
6 -63
-17 -79
-21 -24
-43 -6
-6 86
-28 19
-8 41
-42 52
12 81
26 8
43 -26
35 -29
43 -60
> 62696 -74395
31 -106
6 -63
-7 -56
-13 -6
-44 126
-47 246
-12 200
8 54
18 12
27 -29
17 -92
16 -286
> 68458 -74798
36 -21
51 -66
103 -99
37 -91
11 -125
-8 -87
-52 -83
-47 -26
-39 -7
-25 3
-51 90
-70 237
-62 114
7 78
17 36
28 26
19 6
11 -15
17 -3
17 33
> 60772 -78612
-41 -57
-14 0
12 137
27 160
28 93
35 37
-11 -158
-36 -212
> 68335 -79153
-71 -22
-29 1
-53 110
11 81
75 154
42 -40
43 -84
-18 -200
> 63504 -76652
70 -112
108 -370
-94 -231
-138 308
-44 135
-22 139
10 105
110 26
> 62536 -64465
16 -50
-4 -117
11 -192
-16 -25
-18 -1
-20 23
-11 -15
-9 -89
-27 -25
-37 55
-15 64
-22 180
7 111
27 68
69 60
49 -47
> 67177 -62625
-29 -39
-35 -93
-41 -68
-9 -47
-34 67
27 123
78 197
44 89
10 -21
2 -53
-13 -155
> 60588 -68088
-26 -54
-106 -93
-95 -103
-46 -30
-61 3
-21 41
8 90
64 222
35 90
52 78
58 25
39 -29
51 -66
30 -64
18 -110
> 62666 -70367
68 -76
73 -231
33 -161
25 -179
13 -121
-4 -85
-58 83
-28 151
-84 135
-56 13
-51 72
-24 79
-21 145
-7 136
4 69
13 48
16 20
38 -23
50 -75
> 61413 -64788
25 56
33 36
68 5
54 21
45 -86
24 -34
23 -164
1 -176
-18 -202
-18 -100
-39 5
-48 33
-110 302
-21 38
-22 100
-53 74
-3 23
12 24
47 45
> 69631 -67755
44 -74
7 -80
-3 -80
-22 -104
-40 -128
-37 19
-45 262
6 25
51 70
39 90
> 69631 -79553
54 151
27 37
18 -25
58 -41
22 -163
-14 -121
-40 -155
-17 -101
7 -91
-9 -63
45 -44
20 -45
-8 -81
4 -129
-15 -14
-38 -13
-8 -15
14 -187
-11 -74
-30 -51
-21 -17
-12 17
-27 330
-17 50
-46 68
-4 30
17 31
-7 25
-31 17
-26 66
-22 114
-4 69
13 24
33 -17
78 -77
-25 166
22 329
> 69639 -78579
-116 -210
-40 -59
-3 53
23 133
-11 110
11 82
49 163
56 267
31 71
26 -9
50 -51
24 -116
1 -56
-23 -61
-30 -5
-20 -29
8 -48
-24 -58
-12 -177
> 63946 -77714
46 72
30 78
8 -5
7 -48
-1 -94
-21 -220
-22 -35
-17 8
-14 29
-16 215
> 66199 -83060
9 49
49 80
15 -17
-1 -76
12 -99
53 -99
-4 -16
-29 5
-26 19
-43 66
-35 88
> 68916 -78853
34 74
64 74
65 109
27 36
23 8
17 19
53 94
64 152
41 58
11 -5
46 -38
18 -28
7 -33
4 -125
-19 -139
-20 -53
-26 -39
-25 0
-25 39
-13 -12
-10 -110
-17 -32
-100 -96
-12 -30
-36 -215
-38 -98
-57 -62
-36 -50
-16 -36
-17 -15
-33 16
-32 29
-19 81
6 69
38 157
33 201
> 69412 -76994
25 -115
3 -79
-24 -131
-12 -22
-25 -11
-67 -6
-38 -21
-80 57
-32 46
-24 61
-6 93
12 127
31 84
50 42
42 59
61 123
21 17
17 1
14 -15
24 -62
8 -248
> 61798 -65166
-65 238
0 31
29 50
18 1
18 -19
26 -59
19 -23
29 -14
9 -20
-11 -27
9 -23
47 -37
16 -58
1 -48
-15 -37
-30 -24
-34 5
-66 64
> 70011 -86984
-25 129
-10 121
19 176
22 43
31 -16
29 -32
29 -50
9 -78
-10 -108
8 -114
34 -194
-20 -61
-25 -155
-22 0
-36 59
-25 73
-19 147
11 60
> 66012 -84370
-21 99
-21 48
-28 30
-26 50
-39 13
-105 12
-20 110
6 69
30 125
-18 27
-14 85
-46 -96
-32 -11
-9 21
-11 138
4 19
17 -13
13 8
9 29
-2 24
-30 46
-13 42
-26 114
1 49
37 68
29 30
18 0
8 -29
12 -206
22 -129
40 -128
34 -39
30 50
29 21
30 -7
46 -86
61 -163
51 -172
53 -285
-25 -49
-18 -11
-24 16
-52 81
> 68306 -86702
-76 -132
-39 -51
-28 -14
-44 -50
-19 -11
-32 22
-58 91
-72 -48
-36 -13
-35 0
-30 15
-27 32
-60 155
-15 68
1 42
16 50
32 56
33 43
72 51
38 14
62 -8
85 -30
65 -10
44 9
42 -31
63 -118
18 -132
> 66015 -85150
-43 -26
-28 2
-59 30
-64 8
-65 40
-19 24
-48 141
-38 62
-52 39
-29 47
-6 56
11 52
29 49
27 24
26 -1
136 -89
66 -65
83 -113
30 -19
25 -31
12 -19
16 -92
-10 -119
> 61935 -93076
-16 -121
-26 20
-51 92
2 41
23 44
23 7
45 -83
> 75780 -102580
28 69
61 88
26 105
33 271
11 39
15 -10
61 -209
71 -199
9 -64
101 -46
86 -48
25 -144
4 -370
-53 -473
-35 -441
-41 -339
-74 -55
-61 164
0 257
-10 184
-104 -184
-41 215
66 568
-39 160
-96 -203
-59 -70
-1 371
17 364
> 76734 -100269
16 -198
2 -155
-9 -264
-9 -76
-69 -203
-37 -344
-23 -104
-18 8
-12 120
4 259
70 479
85 478
> 76329 -103472
19 161
23 111
34 117
26 49
19 -17
27 -139
62 -395
24 -28
38 -110
-3 -98
-20 -152
5 -50
31 54
25 10
18 -33
9 -83
0 -130
-36 -295
-24 -86
-23 -17
-43 26
-61 71
-114 98
-30 50
-9 87
3 799
> 78246 -103110
-63 -150
-17 -14
-15 3
-13 19
-12 134
20 115
72 215
32 -38
21 -66
-4 -81
-21 -137
> 77692 -102080
-5 249
10 137
21 109
11 187
6 396
27 -18
16 -26
35 -82
17 -65
24 -129
38 -317
8 -279
-11 -345
-8 -185
-8 -24
-36 -3
-67 17
-42 80
-36 298
> 76836 -89949
1 -187
-27 -274
-22 -115
-34 -37
-19 6
-72 115
-84 147
-55 129
-29 111
-7 80
13 50
-7 151
13 47
14 0
13 -47
27 -32
41 -17
29 0
29 34
41 79
19 15
21 -1
22 -30
19 -50
54 -174
> 75606 -96428
-22 -95
-46 -333
-28 -127
-42 -38
-55 51
-33 55
-11 58
12 134
13 44
37 57
63 160
12 118
-31 107
2 81
33 77
32 110
12 9
32 -80
28 -105
41 -223
-8 -29
-16 -20
-25 -11
> 74637 -95510
0 -150
-21 -86
-17 -28
-17 -77
-13 17
-18 57
-45 335
-6 90
5 45
14 33
21 -4
46 -75
51 -157
> 77916 -113898
62 -189
20 -94
6 -99
29 -23
30 6
15 -33
-38 -277
-24 -119
-23 -64
-16 -100
-9 -139
-53 49
-146 372
-48 321
0 181
34 274
21 106
37 107
19 1
37 -79
21 -24
14 -47
12 -130
> 75903 -121042
-19 24
-16 3
-20 -11
-71 -195
-25 -20
-11 87
4 78
21 69
23 52
25 34
31 24
62 18
21 -9
10 -26
-11 -79
-24 -49
> 76711 -113712
32 151
40 73
42 -29
22 -68
26 -123
22 -184
-20 -528
-24 -227
-56 -188
-21 27
-15 57
-48 1039
> 75252 -103746
37 -12
57 -46
25 -47
21 -66
33 -158
5 -271
-17 -128
-63 -175
-29 -41
-110 -111
-38 -47
-13 -34
-12 -5
-28 59
-59 194
-30 325
5 189
44 306
35 104
24 46
24 22
24 -2
24 -23
41 -79
> 47622 -52672
71 -31
52 -8
24 -34
0 -37
-41 -35
-109 -56
-66 -72
-70 -112
-28 -65
33 -36
24 -12
141 -6
82 22
77 43
164 113
53 43
65 83
19 6
18 -17
16 -38
-78 -164
-71 -198
-254 -221
-82 -100
-14 -68
2 -93
32 -40
45 -33
60 -26
12 2
122 167
48 37
46 20
11 -15
-16 -141
10 -76
22 112
15 48
11 6
20 135
20 27
66 -18
34 -50
24 79
62 125
62 72
12 33
-4 76
10 43
28 46
78 76
36 23
56 16
63 -7
22 -15
2 -14
-26 -70
-55 -93
-15 -55
10 -86
-11 -50
-80 -141
29 -92
-15 -95
-47 -60
0 -54
-12 -84
-49 -167
6 -10
25 46
66 182
41 91
50 20
80 69
24 8
15 -86
-10 -102
22 -80
18 -4
14 8
29 75
29 39
14 -5
-4 -98
-22 -149
3 -61
101 258
36 58
26 20
42 16
42 51
43 87
63 98
51 13
72 -10
58 -49
63 -136
41 -107
16 -96
-23 -313
5 -46
-9 -39
-23 -33
-63 -59
13 -15
59 -2
68 -16
61 12
-3 -33
-36 -77
-46 -72
-56 -67
-34 -64
-10 -62
-29 -67
-48 -72
-8 -33
33 6
12 -16
-8 -37
-53 -113
-44 -69
-20 -9
-41 7
-18 -5
-43 -83
1 -18
47 21
42 -10
99 83
68 34
73 25
74 -7
26 -23
16 -36
-10 -17
-101 3
-21 -10
-19 -54
8 -11
57 1
35 -25
17 3
-28 -114
-27 -188
80 -137
-58 -226
-5 -46
128 195
66 10
24 12
11 -32
-3 -77
-20 -73
-36 -69
-3 -19
86 100
124 322
63 134
45 57
46 24
14 -27
-30 -144
-7 -91
53 -108
5 -54
-35 -148
-43 -86
17 -3
58 37
48 5
37 -26
15 -31
-25 -68
-76 -75
-80 -54
-37 -52
-27 -73
-82 -110
-136 -146
-39 -65
60 15
37 -2
15 -20
40 -20
23 10
46 49
49 36
25 7
59 -3
41 18
52 38
147 155
64 55
79 29
30 1
37 72
168 186
66 60
83 15
25 14
22 29
57 116
69 91
126 71
54 15
44 0
35 -11
25 -19
14 -26
3 -33
-17 -87
8 -39
28 -31
35 -13
66 13
15 90
16 210
14 100
16 48
48 51
100 73
25 6
28 -43
6 -26
-17 -144
-20 -35
-48 41
-40 -30
37 -176
56 -36
4 -124
-79 -181
-90 -311
-37 -101
-29 -63
-58 -68
-131 -55
-18 -20
-98 -151
-17 -60
-15 -1
-28 24
-28 7
-83 -47
-70 -79
-42 -110
-20 -33
-26 -23
-26 4
-24 30
-34 84
-10 -57
0 -94
-21 -29
-78 -73
-42 -33
-265 -142
-174 -104
-324 -214
-33 -3
-68 32
-91 98
-19 8
-16 -65
58 -105
10 -55
-42 -91
-65 -76
-48 -30
-82 -6
-46 28
-29 94
0 117
-21 -11
-29 -58
-103 -50
-32 17
-35 41
-22 50
-7 -15
7 -44
74 -136
19 -133
16 -40
-13 -45
-81 -90
-106 -52
-148 -96
-127 -45
-24 -29
7 -127
18 -34
27 -29
42 19
55 68
-1 -23
-118 -221
-70 -105
-36 1
0 223
19 221
-8 117
-20 114
9 162
-8 -6
-72 -167
-31 -102
-86 -106
-166 -250
-163 -311
-62 -69
-45 -21
-23 0
-129 41
-103 61
-31 41
-32 102
9 176
46 328
27 104
30 81
48 91
-11 10
-43 -6
-8 94
6 313
-15 42
-35 224
6 187
-57 521
-9 178
27 52
25 262
37 134
4 63
13 42
104 70
14 30
-17 31
-8 70
28 102
27 60
-31 14
-196 -23
-67 -217
-22 -43
-3 46
30 219
-14 51
-18 36
-33 199
10 77
10 38
16 26
49 22
93 22
18 25
-11 169
8 122
-24 40
-13 89
8 55
36 106
-25 -10
-69 -75
-55 -106
-67 -215
-190 -170
-38 -40
-60 -91
-41 -118
-28 -162
-20 -66
-55 -81
-44 -35
-17 -4
-28 8
-41 69
-13 36
-7 56
14 137
33 121
3 52
-18 78
7 85
36 61
104 115
58 41
70 9
211 233
14 55
-4 57
13 94
50 76
89 101
-11 11
-111 -79
-50 -21
29 75
24 32
34 22
94 29
216 171
75 16
13 26
-54 145
-50 58
-111 49
-136 39
-45 23
-24 28
-53 -19
-125 -102
-176 -122
-119 -62
-50 -18
-37 -1
-41 41
-14 31
-5 26
20 66
99 150
73 86
81 79
45 59
8 39
-13 19
-34 -2
-89 -32
-53 31
-69 -14
-208 -21
-41 26
-11 22
5 32
78 154
7 59
-1 32
-19 36
-38 41
-14 47
10 52
25 45
42 38
96 70
155 73
37 7
35 -6
57 -24
323 228
44 15
79 15
73 -18
> 50781 -55604
-41 -30
-19 5
-12 28
0 31
11 34
22 32
34 31
20 4
5 -58
-20 -77
> 49514 -54819
-18 32
12 43
23 35
58 155
31 16
11 -21
-9 -60
-60 -114
0 -31
10 -19
19 -6
8 -24
-2 -42
-21 -9
-62 45
> 51995 -55274
-12 -72
-45 -54
-38 -20
-11 11
1 48
40 67
65 20
> 49662 -53981
17 -39
65 -74
7 -44
-62 -61
30 -60
-8 -19
-50 -11
-66 3
-8 17
5 31
70 257
> 46954 -56315
81 37
36 -9
28 -78
-9 -13
-22 -9
-132 53
-20 1
-68 -44
-29 -8
-24 31
43 87
23 12
39 -35
54 -25
> 47607 -54168
-22 -47
-19 -11
-26 -1
-42 -32
-59 -61
-31 -6
-1 50
34 49
132 79
74 20
-40 -40
> 68958 -100289
40 -41
30 -84
7 -106
-8 -45
-18 -36
-19 -11
-21 14
-28 -2
-76 -25
-49 0
-33 9
-17 19
0 24
25 52
1 24
-6 16
-38 38
-24 46
5 31
37 78
9 39
32 32
97 39
22 -29
32 -82
> 69129 -100153
-15 -34
-43 -50
-18 -10
-13 5
-49 46
-21 55
-16 123
60 23
33 -11
40 -29
24 -38
18 -80
> 70578 -100321
17 45
54 -158
20 -104
1 -97
-24 -43
-50 11
-33 19
-16 27
-22 84
-37 216
8 13
12 2
34 -17
36 2
> 69392 -95986
-25 30
-15 63
30 35
65 46
53 14
41 -20
19 12
0 42
-22 60
-38 21
-61 17
-37 -4
-12 -26
-42 -34
-12 46
0 105
14 83
28 59
42 38
54 17
33 1
67 -133
28 -88
22 -105
2 -91
-20 -78
-39 -60
-58 -43
-39 -16
-37 17
-41 -8
> 69541 -101098
33 -147
2 -68
-17 -38
-19 -5
-23 28
-24 98
-13 23
-17 -11
-22 -72
-10 22
-13 6
-27 -7
-3 15
9 82
18 45
28 40
14 38
5 48
33 -30
46 -67
> 68825 -102013
-51 -61
-34 -79
-32 -118
-26 -37
-18 42
-61 321
-18 58
1 41
51 52
15 62
72 10
29 -11
22 -26
24 -69
26 -185
> 68562 -104602
15 -98
5 -207
-8 -87
-15 -57
-27 9
-40 77
-38 114
-36 152
-16 103
4 55
25 84
19 17
21 -5
33 -27
58 -130
> 67326 -107970
-8 20
84 50
35 9
30 -14
9 -27
38 -57
35 14
73 -16
43 -58
-36 -79
-61 7
-43 -30
-96 -1
-44 79
-19 69
-40 34
> 67980 -108971
-8 -83
10 -112
-7 -18
-23 22
-28 66
-45 176
5 26
15 8
40 -24
41 -61
> 66858 -107944
14 49
49 62
78 27
-2 -160
8 -127
-58 33
-62 95
-27 21
> 68098 -109469
-51 -29
-59 137
3 38
22 -1
33 -18
52 -127
> 56129 -61049
12 -38
-23 -71
-29 -30
-25 -8
-16 5
-15 54
-18 154
24 -11
41 39
19 -11
30 -83
> 57554 -61938
13 -45
-9 -24
-10 -4
-53 36
-73 180
-6 157
109 -22
30 -84
24 -104
-6 -45
-19 -45
> 59146 -69195
-1 -108
-24 -27
-46 18
-46 -4
-68 -37
1 22
15 29
-9 81
72 61
24 5
9 -26
20 -13
53 -1
> 60229 22306
41 7
33 103
53 -61
-8 -53
23 -127
-15 -49
-41 -18
-29 -31
-21 64
-28 47
-40 21
-31 49
0 103
37 -15
26 -40
> 60604 21215
-78 29
-46 56
8 69
-5 68
47 14
66 -150
42 -33
-17 -43
-17 -10
> 60199 21764
-27 -59
-58 -10
-8 38
35 100
61 31
-3 -100
> 60430 -64500
11 -33
74 -113
-5 -137
-9 -53
-53 2
-38 25
-34 71
-53 180
-25 116
69 35
63 -93
> 34830 126169
85 -91
-48 -70
-29 44
-55 19
-69 44
-7 44
24 13
99 -3
> -7262 72494
42 -48
-10 -10
-48 29
-32 9
-28 -12
-30 5
-28 -20
96 -20
37 -54
0 -23
-71 58
-101 21
18 40
40 23
82 7
33 -5
> -8875 -139535
15 -49
-12 -28
-27 -20
-49 11
8 65
24 46
19 2
22 -27
> -8735 157623
31 -44
7 -53
-9 -72
-24 4
-53 128
-11 57
35 2
24 -22
> 60070 20569
5 -79
-13 -60
-21 -32
-11 13
3 77
-21 34
5 81
24 8
29 -42
> 60169 21634
3 -66
-24 -61
-21 -21
-29 55
10 87
33 20
28 -14
> 65086 24786
-12 -135
-31 -74
-64 2
-21 120
33 149
35 44
13 106
16 -27
31 -185
> 69906 29836
-77 -50
-37 -42
-24 22
29 190
41 99
35 -62
29 -79
4 -78
> 61194 4862
-16 -38
-95 -25
-11 71
13 89
63 14
51 -58
-5 -53
> 63338 8103
28 38
65 -5
40 -62
-21 -136
-36 -134
-29 11
-33 73
-15 117
1 98
> 63667 8471
36 316
23 28
45 -6
34 -44
-4 -32
-27 -24
-42 -258
-45 -164
-22 69
2 115
> 65977 12476
-37 -46
-41 -1
3 81
62 209
28 60
19 -32
-2 -105
-7 -93
-25 -73
> 66122 12623
56 -2
33 -94
-26 -66
-34 -15
-28 -28
-42 -75
-44 -16
6 93
29 156
50 47
> 70212 19869
-7 -51
12 -51
57 -83
-8 -85
-47 14
-54 98
-55 36
-33 34
-9 116
8 109
26 82
27 -4
20 -90
53 -84
10 -41
> 70533 22605
26 51
-17 173
12 56
20 44
20 139
128 237
32 82
30 34
32 20
27 -45
-30 -116
2 -75
-104 -241
17 -106
-31 -287
6 -150
-45 -71
9 -117
-11 -63
1 -175
-44 61
-51 113
-47 190
-6 73
7 126
17 47
> 70205 20819
15 -33
11 -131
-28 -162
-48 -81
-36 -7
-42 59
4 71
-10 63
-14 45
10 82
23 54
115 40
> 70975 26000
21 134
44 13
-7 -69
72 -133
-1 -91
38 -268
-45 -163
-44 -108
-19 0
-14 167
-59 100
-7 178
8 31
13 209
> 70617 23547
-112 -299
11 -90
-29 -136
-42 -81
-28 -23
-32 0
-32 88
25 85
-19 17
-63 -8
-13 59
13 112
19 74
20 -12
73 215
56 93
39 -7
46 -19
45 -36
23 -32
> 70714 23852
15 -15
18 -59
-24 -89
-48 -26
-78 7
-35 47
-35 110
40 191
84 60
49 -122
14 -104
> 68248 13932
17 -59
11 -89
-3 -96
-24 -150
-86 -109
4 -61
-7 -68
-39 -44
-34 -56
-92 29
15 123
11 40
40 12
22 20
-31 71
42 89
11 72
0 122
16 46
48 64
19 141
31 68
28 22
6 -31
-5 -156
> 68015 12958
-97 -80
-97 -54
53 148
61 103
21 23
47 0
46 25
22 -55
-56 -110
> 69505 18004
2 -77
36 -64
20 -79
-6 -107
-18 -54
57 -120
-9 -15
-17 -5
-40 -29
-3 -98
-23 -104
-26 -22
-39 143
-22 22
-36 -34
18 -278
-37 -81
-32 -5
-45 -23
-94 24
-53 -26
-26 -129
-17 -28
-24 -5
-2 150
-22 117
-33 6
12 78
104 163
67 164
-37 80
12 206
26 177
76 -30
55 21
21 79
46 56
62 -25
47 -48
> 70048 19500
-10 -54
-21 -24
-5 -78
54 -89
113 -6
68 -36
-3 -80
-77 -73
-32 -9
-49 24
-48 -24
5 -82
-32 -86
-51 -59
-69 -137
-27 -13
-39 24
-43 -24
31 -50
-6 -40
-38 -72
13 -106
-14 -57
-53 -34
-13 -47
-25 -36
-41 -5
-10 -144
-24 -21
-44 68
-23 144
18 136
26 375
26 16
35 6
67 102
53 99
50 123
-10 66
20 138
88 107
62 150
49 16
29 -108
> 68441 15095
-41 -509
-58 -148
-85 -181
-66 1
-13 92
20 279
109 298
-24 111
6 60
21 90
64 92
4 57
-53 4
-12 97
43 245
53 81
0 73
-15 36
-5 39
13 63
62 73
74 146
30 144
65 181
84 28
86 -67
39 -55
34 -96
-8 -53
-14 -48
-12 -77
-43 -30
-53 6
-32 -58
-33 -9
-31 -151
-96 -137
7 -12
56 31
116 137
86 -4
89 -18
53 -72
63 -22
89 181
103 122
58 14
28 -81
0 -83
-24 -72
-107 -151
-38 -92
-90 -167
-64 -45
-60 6
-7 85
-38 35
-69 -75
-189 -76
-175 -318
> 69008 15102
-7 -64
-107 0
20 -166
-27 -34
-39 11
-57 -47
9 -77
15 -35
4 -136
-47 -57
-61 -124
-48 32
-30 116
5 91
39 131
-9 50
-30 11
-27 86
-5 137
10 195
56 126
112 49
58 -60
101 -130
39 -31
22 -48
4 -26
> 64976 11133
3 -112
-56 -208
-53 -73
-27 93
17 229
-22 117
28 52
42 15
68 -113
> 60243 4956
-45 41
-9 92
119 -3
81 -36
63 -59
-5 -34
-35 -27
-71 21
-69 -7
-29 12
> 65702 11972
4 -97
-22 -75
-53 -35
-26 13
-9 124
31 66
52 35
23 -31
> 76092 -79178
-81 -204
-53 -169
-75 -148
-40 60
-17 94
5 189
39 232
-3 72
59 -11
59 6
40 111
81 101
29 -81
11 -83
-54 -169
> 77467 -72089
-3 -158
-16 -189
-16 -54
-46 -5
-31 121
-39 350
9 357
29 200
40 34
9 -119
29 -181
28 -250
7 -106
> 82692 -46399
-26 -388
-9 -485
-58 -79
-66 43
-185 556
-70 591
-106 670
-106 424
18 202
158 89
159 26
80 -167
97 -494
114 -988
> 82123 -19315
-6 -180
-39 -116
-87 17
-74 225
-90 338
-13 263
32 103
103 -148
100 -254
74 -248
> 79711 -18036
115 424
114 211
89 -70
26 -512
-44 -564
-71 -450
-88 -141
-79 106
-53 370
-9 626
> 78424 -19112
-80 -203
-159 18
-141 79
-105 89
35 132
141 115
97 -71
141 0
71 18
17 -71
-17 -106
> 76404 -18662
-362 79
-26 -114
414 -388
150 0
115 26
9 177
-62 149
-238 71
> 75390 -18636
-71 -220
-123 -26
-124 -9
-70 220
8 318
-17 767
44 194
115 -106
-9 -264
61 -124
98 -35
105 -80
-35 -229
-44 -220
62 -186
> 77863 -17904
-149 -270
-46 -46
-26 72
0 194
64 225
76 88
77 -40
16 -133
-12 -90
> 68420 -51210
-4 -83
-22 -163
-10 -22
-19 3
-92 -157
-21 -172
-31 -395
-2 -180
43 -319
16 -49
32 -33
-7 -393
-10 -117
4 -93
55 46
61 124
198 174
51 145
47 289
-8 302
-153 522
-13 158
12 144
51 346
21 63
64 124
108 145
26 -7
-61 -222
-16 -119
0 -100
198 93
153 36
37 35
-11 293
20 399
34 96
14 -2
21 -160
42 -78
-14 -134
-28 -180
3 -226
66 19
137 166
62 17
125 64
64 7
62 84
45 261
26 110
29 6
111 -157
30 40
28 122
20 46
13 -31
12 -113
-24 -174
-12 -192
37 -171
17 -133
-5 -84
-63 -229
-2 -80
18 -99
54 -657
19 -81
94 -235
62 -194
68 -258
51 -335
36 -411
33 -245
46 -122
103 -207
86 -158
42 -30
53 93
37 94
31 178
-10 307
-14 165
-29 181
-6 137
8 285
-18 289
-21 172
-43 225
-184 621
-64 260
-7 112
-68 465
1 75
32 190
21 19
20 -65
16 -205
75 -240
60 -150
99 -17
55 20
25 37
85 26
50 -139
16 -98
73 -259
18 -21
9 124
-5 122
-37 261
-5 137
14 100
15 11
42 -159
76 -199
11 -415
-8 -269
26 -173
42 -183
10 -118
-26 -240
-3 -122
9 -111
133 -109
40 29
17 86
43 65
45 45
44 143
97 782
73 197
11 -9
-14 -133
-32 -170
-7 -114
42 -460
-9 -72
-61 -187
-66 -253
4 -116
39 -156
28 -25
33 -11
46 171
24 55
65 111
32 -6
-17 -189
30 -24
51 3
65 -19
64 -46
98 -155
25 -65
37 -53
133 -117
33 34
25 104
12 20
-21 -249
-23 -27
-34 47
-45 34
-57 19
-49 35
-54 90
-28 72
-76 117
-82 52
-44 -16
-44 -91
-48 -146
-40 -45
-39 -20
-37 -114
14 -70
2 -56
-65 66
-67 42
-67 -51
-40 -136
-2 -74
-33 -145
-17 -371
8 -129
34 -237
18 -281
45 -112
82 -146
73 -74
65 -1
47 39
29 81
190 97
153 136
157 345
57 98
31 33
23 -1
15 -55
-194 -424
-21 -261
44 -78
77 23
19 47
-8 211
43 82
66 -132
17 -141
16 -33
50 145
-3 335
34 76
38 121
70 135
58 50
50 11
41 -29
41 -3
41 23
45 -35
49 -93
48 -207
-54 -61
-23 -64
-5 -91
23 -83
8 -88
21 -85
6 -89
17 -35
46 -22
59 -2
27 101
22 140
41 93
59 62
65 9
70 -44
63 -114
-61 -210
-15 -83
44 -19
32 -29
45 -89
32 -116
21 -112
33 -5
36 26
43 50
90 65
-8 71
8 59
73 -34
62 -57
36 -68
15 -2
18 -15
43 -52
32 -58
90 -101
34 -73
18 -94
1 -101
-23 -162
-28 -299
-13 -237
7 -40
34 119
36 174
24 232
59 67
52 -25
48 10
51 -64
29 62
28 210
4 96
37 95
87 -267
58 -279
23 -70
38 -62
54 -53
53 -86
54 -119
51 -174
95 -448
65 -154
100 -142
42 -71
32 -73
74 -313
32 -37
87 322
35 31
105 -131
77 -135
27 -147
14 -218
35 -201
54 -182
40 -181
37 -272
97 -456
104 -702
61 -313
22 -187
6 -246
56 -476
18 -399
-8 -247
10 -80
57 -183
33 -285
-13 -148
-61 -183
-61 -221
-8 -117
56 -175
38 -88
14 -84
-13 -80
-51 -156
-37 -149
-43 -220
-21 -176
-6 -225
-15 -57
-1 -87
14 -117
29 -109
42 -102
23 -91
4 -78
-22 -180
-65 -228
-16 -104
7 -87
20 -107
52 -214
-5 -119
-18 -86
-43 24
-102 201
-73 179
-8 -151
98 -1323
24 -168
59 -244
37 -202
94 -345
51 -265
40 -88
27 -23
37 84
125 535
26 204
30 416
19 98
15 33
27 -109
-10 -544
18 -485
50 -422
16 -73
31 -72
44 -69
50 16
54 101
38 59
20 18
-134 -530
-48 -217
15 -172
22 -121
25 -59
27 2
21 20
12 36
56 -280
44 -126
45 -14
47 100
33 97
21 95
19 259
35 947
-34 679
112 231
36 155
37 456
5 702
-21 496
-26 232
-58 317
18 18
52 -77
43 -5
75 128
47 59
50 -40
51 -139
65 -246
6 -133
-16 -147
-36 -176
-92 -368
-19 -173
-5 -289
11 -160
14 -155
49 -241
9 -89
-21 -106
-52 -126
-36 -121
-21 -116
-9 -109
4 -151
81 -626
35 -141
55 -8
52 -192
10 -217
17 -27
81 275
33 206
10 -33
2 -298
-43 -202
-7 -115
-1 -265
21 -278
19 -118
43 -122
25 -138
37 -415
20 -94
33 -88
95 -339
70 -206
39 -26
85 237
20 10
36 -101
27 -43
38 35
82 207
22 77
49 372
70 373
16 135
4 121
-5 489
18 152
34 129
35 211
53 440
79 981
10 63
15 6
41 -88
20 -19
37 201
58 453
28 309
2 200
12 160
37 226
6 127
15 771
-20 341
0 168
14 107
42 142
102 266
64 140
97 132
152 171
148 128
144 84
88 66
32 47
40 160
31 166
27 287
13 -26
22 -122
8 -113
-5 -105
-33 -190
-22 -247
4 -240
-8 -173
-30 -158
-24 -257
5 -172
43 -310
8 -156
-4 -396
16 -115
31 -102
43 -80
56 -60
58 8
105 142
28 55
117 386
54 238
41 236
24 173
11 162
25 156
82 287
69 296
130 368
34 178
56 624
1 170
-14 144
-29 136
-128 383
4 30
48 -66
145 -140
60 23
64 219
11 90
-4 231
-20 373
-21 250
-35 189
-22 224
1 117
17 83
54 119
93 155
115 62
136 -31
100 -45
63 -60
52 33
63 188
45 172
65 411
17 333
-4 197
-30 260
-19 360
-59 325
-135 527
-68 350
-30 290
-52 285
-110 422
-47 221
-17 131
-3 116
31 -43
66 -202
72 -308
130 -685
92 -377
104 -338
62 -249
62 -451
25 6
86 545
75 1000
59 1128
-6 377
25 663
37 63
17 142
51 618
0 177
-25 272
-47 290
-42 134
-73 182
-102 89
-324 -14
-61 5
-24 35
35 126
66 150
46 135
71 104
96 72
71 43
81 -176
132 -9
71 88
0 247
-244 1022
-52 402
-131 458
14 534
-16 493
5 218
20 108
54 -153
149 -701
116 -318
146 -223
77 -54
14 170
-2 783
-67 1176
-231 1504
-77 740
-268 1326
-41 400
-8 162
33 121
36 76
48 5
60 -64
69 -37
78 -9
156 90
51 214
57 94
104 -88
71 -250
182 -975
22 -5
24 197
14 293
-44 2416
-16 418
-15 178
-21 78
-9 101
25 519
45 -13
29 -64
78 -2805
27 -523
2 -266
-21 -275
-10 -570
4 -264
93 -341
112 309
-3 260
-43 494
61 293
50 465
18 460
108 1002
10 186
-6 233
-27 516
-27 205
-57 235
-18 137
-3 161
-26 222
84 321
90 290
57 332
-33 471
-43 298
-52 272
-29 385
-176 653
0 122
15 57
32 62
49 22
66 80
24 -58
73 -547
28 -103
47 -105
38 -2
30 102
14 107
-13 353
10 117
26 110
48 133
12 105
1 236
-31 364
-2 319
14 114
30 18
19 28
8 38
2 1154
7 286
22 224
3 274
-13 240
-29 296
1 295
47 439
23 414
-7 2281
-28 750
-60 961
-70 508
2 107
-27 689
-33 654
-87 1087
-29 152
-23 -117
-17 -271
-28 -1389
-36 -2520
-68 -1442
-4 -459
-102 -40
-5 196
14 321
102 1130
16 422
-8 789
-38 1024
13 412
-10 737
29 861
64 1018
-141 278
-142 375
16 296
-8 254
-46 86
-20 139
11 288
-41 882
-73 605
-33 228
-49 109
-39 62
-47 -95
-85 -378
-78 -479
-60 -645
-38 -744
-126 -5717
-30 -194
-76 -114
-100 76
-15 267
56 625
53 1079
-3 794
-45 1897
-118 560
-182 296
41 656
31 141
54 103
58 82
62 62
42 69
23 76
19 164
22 377
22 987
-6 238
-85 171
-50 37
-64 12
-80 -5
-95 -24
-94 -84
-163 -273
-90 -220
-64 -237
-147 -454
-39 -158
-171 -499
-80 -124
-58 -8
-11 86
55 145
39 54
41 93
107 737
30 158
128 481
48 308
50 252
36 134
252 740
76 386
0 405
-128 72
-20 486
6 210
-31 339
-26 149
-13 252
-30 261
32 230
21 67
93 222
82 300
103 278
25 92
23 146
8 152
49 413
3 105
-15 224
-8 985
-25 538
-69 748
-37 522
-34 241
-71 352
-75 284
-22 131
-24 -5
-33 -98
-115 -702
-76 -230
-145 -665
-50 -325
-19 -353
-5 -393
-21 -255
-20 -38
-60 182
-43 79
-38 -11
-56 -191
-13 -73
-42 -690
-71 -349
-8 -455
8 -321
-77 -442
-62 173
-27 159
-56 492
-33 4
-66 -235
-77 -321
-54 -379
-8 -143
14 -180
-3 -166
-25 -366
-4 -348
35 -622
41 -336
14 -177
-4 -223
-17 -86
-96 -352
-66 -173
-68 -110
-73 -47
-80 16
-55 43
-29 69
-18 84
-10 146
9 321
-5 126
-16 39
-51 69
-48 -12
-68 -58
-79 -45
-90 -32
-49 17
-11 130
4 61
-17 71
-36 80
-38 61
-40 40
-33 -21
-26 -83
-29 -187
-58 -461
-18 -47
-35 -36
-53 -26
-48 -55
-43 -86
-26 -77
-12 -150
-1 -196
-25 -220
-145 -518
-16 -7
-47 194
-41 -9
-175 -239
-87 -65
-119 -52
-100 -85
-82 -119
-95 -117
-106 -115
-82 18
-58 151
47 199
149 248
65 269
-20 291
-30 253
-59 324
-36 271
-48 234
-41 96
-57 97
-36 1
-19 -172
6 -56
94 -429
24 -209
-28 -277
-43 -242
-172 217
-79 232
-36 423
-38 221
-48 162
-24 126
11 169
47 228
3 317
-24 143
-44 104
-82 47
-121 -11
-91 -34
-61 -59
-82 -114
-15 -96
5 -134
17 -125
29 -116
23 -175
24 -353
53 -356
14 -199
-7 -423
-34 -455
-44 -18
-155 -655
2 -134
53 -182
51 -254
0 -149
-65 -221
-25 -54
-23 2
-56 163
-13 65
-11 84
-13 291
-15 127
-172 119
-107 189
-22 81
-8 71
4 232
36 298
-29 104
-35 219
-9 129
1 156
-13 175
-98 241
-124 -95
-100 151
-102 241
-37 57
-68 23
-45 6
-41 18
-37 31
-73 31
-108 34
-88 -9
-68 -51
-50 -100
-31 -150
8 -122
48 -95
50 -134
53 -172
6 -286
-157 -421
-8 -188
-16 -153
-68 -162
-42 -240
17 -212
80 -372
-54 135
-62 194
-33 120
-7 89
8 97
26 141
71 316
10 84
-5 71
-21 58
-60 67
-101 75
-86 -9
-71 -95
-45 -81
-20 -67
-16 0
-18 176
92 251
115 79
132 115
44 203
-44 229
-123 185
-227 262
-24 111
-55 140
-67 62
-79 -17
-57 -30
-36 -43
-23 -54
-15 -98
-11 -179
24 -402
1 -208
-78 25
-68 -422
-26 -476
52 -452
81 -374
113 123
126 70
83 -181
1 -40
-128 63
-49 -53
-60 -204
-27 -145
-17 -12
-14 70
-26 47
-40 21
-40 -24
-41 -71
-34 -38
-28 -6
-33 64
-40 136
-19 147
-9 690
-21 276
-93 655
-28 29
-167 -111
-160 -61
-29 -127
-7 -689
-25 -222
-74 -325
-88 -312
-1 -162
77 -641
52 -245
145 -528
221 -397
-92 -182
-43 -111
-23 -115
-4 -111
16 -107
35 -121
81 -204
80 -242
38 -170
-11 -7
-47 101
-54 146
-160 372
-40 131
-29 -13
-25 -235
-55 -285
-40 -139
-98 -215
-15 -75
-25 -322
6 -107
54 -238
35 -358
32 -212
56 -293
-62 101
-95 565
-30 62
-57 -116
-21 -71
-4 -134
12 -199
-3 -203
-16 -207
-22 -90
-25 29
-24 50
-21 70
0 65
64 158
5 120
-16 317
50 320
22 231
6 173
77 630
86 131
34 211
27 470
-14 454
-11 234
-81 189
-58 254
-66 212
-21 248
-88 144
-98 402
-21 256
-47 158
-197 13
-86 16
-236 -68
-54 -205
-125 41
-100 -54
38 -205
66 -209
103 -501
66 -466
59 -182
47 -213
188 -290
235 -188
116 -83
6 -159
-31 -203
-33 -179
-56 -85
-77 -605
-53 -219
2 -126
-80 -452
-38 181
-5 85
21 183
28 109
75 412
13 331
33 119
46 253
13 172
-12 24
-21 18
-286 121
-77 -51
-33 -136
-54 -291
-26 -76
-46 86
43 274
47 177
-17 95
-72 155
-37 175
-110 444
-61 211
-59 296
-82 335
-28 87
-43 307
-14 65
-144 127
-16 105
-9 305
-56 -53
-124 -298
-40 -154
-25 -38
-43 14
-74 9
-134 62
124 70
59 49
18 65
3 64
55 209
-30 209
-141 54
-131 27
-114 -19
-176 23
-60 -8
-51 50
-215 51
-64 51
-57 -103
-26 -318
29 -125
-10 -315
51 -1
58 -15
41 -1
37 -21
211 -15
-52 -89
-43 -5
-44 -24
-228 -55
-56 -81
14 -252
-9 -248
9 -137
104 -464
94 -179
142 -159
132 -99
123 -37
100 -111
78 -185
62 -219
48 -252
62 -222
75 -191
59 -210
42 -229
18 -326
-7 -478
48 -322
-4 -76
-25 -75
-69 55
-32 370
-7 285
4 378
-18 231
-40 85
-72 59
-103 31
-81 -74
-91 -272
-43 -144
-81 -418
-19 -142
-5 -349
8 -269
40 -353
9 -200
5 -414
-14 -95
-44 106
-24 176
-30 124
-55 13
-83 -45
-58 -46
-43 -76
-82 -271
-26 -113
-86 -507
-17 -35
2 119
31 320
-1 92
-75 526
5 419
69 849
-2 70
-11 55
-25 57
-41 57
-40 -69
-38 -194
-38 -302
-25 -130
-39 -125
-93 -233
-96 -68
-36 245
46 110
103 130
60 116
41 276
-21 336
25 260
101 531
6 95
-58 781
-114 708
-42 374
-24 494
11 889
-18 77
-40 -28
-35 -52
-47 -148
-32 -180
-9 -111
-22 -95
-22 -213
-18 -54
-78 73
-12 -35
-2 -187
-50 -316
3 -259
-7 -54
-19 49
-37 53
-54 55
-38 -30
-23 -117
-8 -88
32 -304
-4 -49
-24 45
-35 25
-48 6
-40 -75
-32 -155
-89 -290
-25 -126
-21 -266
-11 -56
-69 109
-27 -12
-73 -180
-46 -272
-25 -37
-67 -25
-26 -20
-38 -72
-73 -258
-36 -183
-29 -90
-50 -112
-26 -142
-3 -171
-19 -161
-52 -266
-18 -185
-90 -585
-15 -275
-32 -239
-87 -489
-28 -234
-33 -162
-10 -176
22 -288
1 -155
-13 -95
-27 -87
-73 -145
-6 -122
58 -402
-26 8
-63 106
-44 -5
-45 -239
-12 -129
19 -189
48 -251
102 -323
155 -395
52 -190
-49 13
-49 44
-47 75
-35 15
-21 -44
-11 -58
0 -73
-12 -12
-74 118
-76 93
-72 -9
-68 -110
-40 -95
-12 -79
-170 -469
-22 -131
-21 -59
-31 -49
-141 -137
-43 -55
-56 -109
-10 -46
-23 -14
-36 20
-60 -30
-84 -80
-232 -273
-216 -221
-71 -96
-30 -71
11 -45
-6 -109
-38 -53
-69 -48
-52 -52
-36 -57
-156 -442
-29 -114
19 -102
-7 -121
82 -250
30 -43
67 -162
-35 5
-19 27
-29 23
-34 56
-184 126
-38 -99
-43 -89
-72 -226
-122 -245
-34 -90
99 -20
30 10
48 -138
-35 4
-32 -14
-129 -100
-22 -28
5 -50
-24 -107
12 -110
58 -94
30 -37
-83 -170
2 -83
-70 -14
-64 -80
-27 -106
2 -148
-38 -90
41 -201
76 -46
104 159
43 45
53 -30
68 39
217 304
109 205
20 -12
24 -279
37 -244
13 -238
-12 -105
-63 168
-61 237
-59 -117
-62 -100
-168 -104
-69 -67
79 -258
27 -122
-88 77
-84 227
-27 14
-99 -1
-88 -434
-13 -452
-25 -324
-30 -548
0 -213
-33 -18
-154 536
-28 78
-53 -75
-33 -110
-113 -174
-39 -91
-54 -225
60 -415
-27 -213
19 -203
-66 -5
-47 61
-119 62
9 137
37 174
-90 134
-152 88
-77 155
-60 68
-56 28
-56 -96
-80 -200
-14 -221
-63 13
-45 -96
13 -203
32 -94
14 -99
17 -403
-121 406
-56 144
33 65
9 140
-31 208
-204 -34
-166 91
-37 11
-99 -222
-92 -3
-26 -132
6 -142
-102 -7
-63 -96
-40 17
-35 27
-65 -87
-78 -80
-69 -113
7 -60
-4 -180
5 -216
90 -176
29 -72
20 -83
-58 32
-34 49
-65 162
-80 298
-56 -10
-25 -79
-154 -186
-3 -66
-40 -83
13 -258
16 -108
-10 -317
14 -108
-7 -93
-43 87
-39 181
-40 207
-30 314
-56 -11
-46 -79
-69 45
-49 -35
-59 -15
-136 -73
-94 85
-45 93
-61 -11
-96 44
-86 -140
4 -115
-20 -165
-38 -55
-35 261
-65 -23
-80 -72
-174 -75
-299 -152
-297 -71
-243 -327
-7 -116
-10 -29
13 -159
56 -250
19 -194
0 -131
-28 -17
-45 109
-19 166
-30 132
-28 237
-54 83
-58 57
-32 -9
-38 0
-202 42
-70 -112
-63 -85
9 -297
22 -52
66 -286
-31 18
-90 207
-45 72
-10 -48
-3 -84
-31 -117
17 -210
46 12
47 40
-8 -97
-24 -107
9 -62
-3 -53
24 -29
92 -40
46 48
119 174
64 55
30 -48
-69 -124
-109 -128
-67 -57
-12 -80
33 -199
153 -567
93 17
77 -6
10 166
33 120
41 107
75 121
123 112
10 -15
-158 -326
-52 -200
-10 -98
23 -48
51 -161
23 -105
37 -239
21 -43
16 -70
161 -95
195 123
56 85
66 54
87 31
37 -21
-12 -72
-30 -34
-47 6
-32 -42
-75 -285
-60 -285
-57 -136
-45 -88
-44 -68
4 -106
-9 -145
-28 -99
17 -146
43 -95
4 -114
-20 -128
2 -89
-29 7
-71 59
-4 -98
-3 -186
20 -94
27 -73
38 -61
49 37
90 299
52 136
18 -89
-17 -287
14 -48
-8 -192
133 8
34 -47
15 -3
38 -67
9 -63
13 -39
30 -325
75 -43
77 -22
95 -62
25 -156
41 -84
42 67
54 29
24 -72
38 -46
24 7
67 -59
51 -17
49 67
54 183
22 59
24 31
41 211
28 -179
5 -112
-14 -82
-53 -76
-36 -71
-11 -275
18 -40
76 -19
58 15
82 115
40 -132
14 -121
37 -137
41 -127
46 -109
55 -106
7 -34
58 38
47 22
102 3
42 -43
87 95
95 128
141 283
-68 -299
-148 -246
-7 -52
27 -18
96 -94
26 -70
29 -32
51 -140
40 -60
76 -86
91 -123
178 -175
206 -281
116 -69
147 87
101 -97
47 268
53 382
43 199
13 114
8 243
44 81
-11 -135
6 -91
20 -5
37 33
47 22
-9 -46
-81 -238
-64 -351
-36 -275
2 -44
-22 -96
-6 -55
6 -43
62 -97
40 -26
109 174
149 130
98 172
12 122
-5 203
-9 72
58 -23
28 9
33 165
15 192
-10 137
-68 86
-125 111
-43 149
60 -7
78 -77
119 -29
50 -98
25 -79
-12 -218
86 -131
32 -30
43 -3
124 -131
62 -42
83 -70
4 -37
-104 47
-73 62
-161 87
-65 43
-52 -58
-51 -111
-30 -98
-37 -232
80 50
78 32
-28 -116
-56 -109
-79 -37
-71 -69
-175 -207
-97 -81
-48 -77
-13 -88
38 -76
89 -64
70 -30
181 -4
85 8
113 -35
266 -111
94 -24
50 -189
16 -2
54 -50
54 -38
19 32
15 45
79 281
89 209
139 250
43 102
33 366
5 163
25 -2
10 -54
-7 -248
-56 -329
-20 -57
-86 -144
-48 -111
-108 -313
0 -203
130 -210
-25 -234
9 -158
19 -46
177 -35
206 128
2 -138
8 -28
47 -73
14 -47
25 35
98 339
191 507
76 218
32 135
37 102
81 124
35 41
29 69
32 146
48 159
109 258
41 34
9 -56
-37 -121
-100 -246
-56 -175
-251 -598
-92 -255
-58 -138
-56 -108
-40 -114
-23 -120
-18 -257
-21 -126
15 -76
120 -33
70 25
70 -12
99 64
71 95
38 40
27 17
72 196
33 108
73 77
26 435
-3 112
10 60
21 44
17 -43
11 -130
-2 -347
12 -320
13 -146
-7 -71
21 -116
40 -127
150 -197
191 79
91 6
80 251
27 134
60 190
102 254
63 304
11 154
-9 128
-88 475
-18 244
22 214
-31 270
-128 476
19 92
31 -27
135 -531
40 3
10 136
40 145
23 -82
-20 -352
-33 -102
-16 -342
27 -179
14 -160
58 -241
-19 -201
-23 -127
-22 -225
-15 -82
-183 -439
-39 -185
13 -131
119 92
47 27
52 0
70 38
134 225
146 142
91 59
10 111
-13 151
-59 454
-71 378
-18 278
-2 183
22 79
39 62
27 23
55 18
20 21
24 61
84 126
59 38
35 -41
> -16540 180000
-1 -13
19 -2
33 15
> -16153 -180000
27 31
0 24
-23 -11
-19 -44
> 16430 -85961
-26 14
58 76
26 27
23 10
3 -44
-31 -46
-53 -37
> 37419 25403
28 54
24 6
38 -115
-20 -35
-76 -6
6 96
> -489 166939
-10 -25
-25 -7
-22 9
-5 23
34 19
20 -2
8 -17
> 5802 169591
-2 24
30 20
105 38
41 53
38 9
-37 -35
-32 -49
-89 -24
-32 -15
-22 -21
> 3149 172962
-48 -75
-5 19
33 64
14 -8
6 0
> 3033 172750
-20 20
38 74
3 36
20 7
-3 -60
-37 -50
-1 -27
> 1897 172982
16 -13
20 -19
11 -15
-18 -2
-41 34
-62 57
23 -5
51 -37
> 1804 173038
5 -14
-62 4
-20 -8
-14 -27
4 36
25 16
37 -2
25 -5
> 1013 173033
12 -29
0 -14
-34 14
0 6
8 16
-36 39
-48 -26
-72 -69
-8 21
80 70
31 18
27 8
40 -54
> -647 174453
17 -45
38 -27
0 13
-35 45
-15 36
-84 20
-76 14
-27 -33
25 -12
30 16
127 -27
> -1187 174767
40 -23
13 -27
-51 24
-51 7
-20 8
-7 23
51 -6
25 -6
> 7336 168679
-14 -4
-19 44
-9 96
15 15
13 -75
14 -76
> 6973 171757
4 -27
23 -37
10 -34
-3 -45
9 -21
32 -16
-21 38
1 73
-55 69
> 7111 171394
-15 -27
-15 -62
-12 -42
0 -28
5 -33
35 -106
47 -60
16 14
-34 52
-51 125
24 167
> -14243 -178142
11 -36
-23 -16
-57 35
-13 56
7 56
15 3
19 -61
41 -37
> -17857 -140809
8 -20
11 -4
34 18
50 39
71 124
5 14
8 -12
-14 -36
-34 -75
-34 -43
-36 -20
-43 -27
-36 -1
-6 11
-3 37
19 -5
> -18566 -136314
22 20
25 -34
22 -52
23 -46
11 -33
-8 -20
-14 15
-4 28
-25 53
-21 39
-10 28
-21 2
> -18361 -136971
19 -1
69 -58
8 -38
-96 97
> -20876 -138535
19 29
44 -9
42 -31
-16 -22
-8 22
-56 22
-25 -11
> -18416 -140672
36 -13
46 -97
-30 9
-35 77
-17 24
> -18217 -140823
28 -7
68 -63
37 -32
25 -49
-26 15
-63 64
-51 35
-18 37
> -16107 -142530
79 23
10 26
-78 -31
-11 -18
> -16669 -143386
49 -55
6 -24
2 -51
-9 -35
-14 92
-34 73
> -16635 -143571
17 -44
37 -55
0 -37
-59 96
5 40
> -15901 -145058
45 7
94 -83
5 -27
-31 23
-70 62
-43 18
> -16347 -145482
17 -5
52 -30
53 -25
65 -35
81 -37
-53 1
-33 4
-36 32
-50 24
-44 13
-51 37
-1 21
> 1342 173038
-4 -27
21 18
22 114
7 10
-13 19
-12 -1
-5 -8
-1 -57
-11 -44
-4 -24
> 56615 -169624
20 -131
-27 -11
-62 133
-4 46
52 113
24 -12
10 -64
-13 -74
> 20094 -72851
-8 -56
-24 -53
-31 61
-4 21
8 34
-32 104
-17 101
28 16
24 -41
54 -127
2 -60
> 37210 24484
-23 -43
-55 -16
-22 62
15 37
43 12
24 -7
18 -45
> 26710 142162
16 -37
-4 -18
-106 63
1 18
32 14
61 -40
> 37537 130838
-27 -28
-32 7
-29 54
29 45
52 18
24 -30
-17 -66
> -84352 -180000
14 1610
-14 321
-43 339
-4 744
-19 697
-57 182
-35 232
30 494
15 394
2 324
-79 2959
-142 3036
-45 619
-105 557
15 581
-82 3447
0 531
-86 2112
-199 3694
-6 317
6 351
107 -184
97 -345
70 -466
21 304
2 660
49 -131
29 -365
33 -1317
249 -5266
16 -116
20 -74
23 -138
25 -217
14 -803
21 -218
29 -105
11 55
-5 60
22 1226
29 134
19 7
14 -63
17 -211
83 -496
36 -157
58 82
25 100
18 379
38 113
70 -72
140 -868
49 -585
-33 -386
-2 -727
-19 -904
20 -248
56 -252
98 -294
26 -150
82 -288
79 -383
194 -2020
52 -351
304 -2527
52 -106
55 -64
-123 1165
-1 219
33 259
-9 201
31 268
15 303
-96 790
-153 1590
-54 425
-38 226
-14 186
-27 186
16 227
-14 136
10 331
16 1507
-15 598
-74 703
-122 272
-56 198
43 388
52 325
44 622
-18 199
-64 338
-108 377
29 1602
-5 671
-48 480
162 1745
35 271
112 400
36 -328
11 -233
58 -90
22 157
32 504
48 981
46 578
123 309
189 1328
83 423
136 389
273 -873
236 -834
73 266
57 263
46 127
65 104
77 -275
57 -253
56 -423
133 -1585
58 -540
88 218
69 287
29 607
104 3886
128 3912
65 100
76 -520
18 -441
23 -163
49 -60
66 -7
11 -50
7 -165
76 -704
30 -149
71 -234
55 -59
143 140
61 214
32 376
12 267
-2 812
17 318
20 131
68 -23
32 -90
42 -3
22 137
-1 167
51 46
81 -94
45 -240
74 -634
111 -1440
86 -557
67 -320
75 -268
37 -268
39 -187
49 38
77 -85
13 -106
-32 -457
18 -817
70 -1000
82 -692
220 -905
110 -354
76 261
49 288
112 1204
39 178
100 245
42 -402
-4 -342
29 -305
6 -1227
-14 -698
126 -581
123 -438
63 -121
110 -93
163 149
117 121
144 -16
197 32
66 211
12 161
-152 377
-11 326
29 471
78 300
29 157
8 291
-35 561
13 257
-7 287
-100 905
-47 197
-36 107
-53 33
-53 112
-26 384
29 1079
-13 279
-148 763
-157 650
-40 222
-26 366
23 130
59 114
72 348
92 786
89 184
49 -104
52 -299
18 -185
59 -100
82 5
77 62
20 205
-106 376
-99 466
-15 164
4 124
35 235
26 279
-212 537
-15 317
-1 397
33 76
57 -49
60 -64
8 -80
57 -14
52 173
22 119
37 -47
59 -190
9 -111
25 -103
40 33
17 128
58 177
70 -57
87 10
48 -74
91 -416
151 -611
69 -563
-55 -1261
35 -445
39 -294
54 -314
54 369
39 390
34 115
70 148
50 173
14 139
-27 460
-187 1043
-20 220
-86 711
-5 199
20 245
83 -200
59 -218
167 -523
80 60
131 335
10 882
47 385
101 500
167 647
21 552
52 692
-39 236
-160 588
-56 371
-5 126
5 135
200 -349
26 224
22 290
51 238
41 177
193 603
53 542
84 1531
-77 528
-9 440
23 100
103 88
200 234
71 198
75 668
-4 522
-82 375
-54 348
-25 321
3 321
46 483
17 641
23 302
-45 342
-15 850
-65 661
0 405
62 553
9 297
101 1078
21 843
-45 636
28 1031
-21 1041
-37 423
23 2345
95 1867
33 255
104 400
96 219
29 147
11 314
-21 536
-70 738
26 635
-40 1210
32 118
180 114
286 200
86 167
-22 278
-164 838
-69 19
-50 -86
-20 -139
-139 -39
-39 112
12 187
-60 121
-105 -264
-59 -186
-26 -120
-199 -82
-66 -112
-73 -13
0 178
30 179
8 160
52 501
60 922
31 302
9 172
41 112
98 -155
81 -50
68 93
117 -26
117 -84
89 176
-20 163
13 287
-42 160
-39 250
-20 236
-78 227
-169 77
-175 -70
-125 -232
-115 -436
-182 -495
-87 104
29 255
-8 1114
14 718
-22 450
-46 568
-69 449
-12 538
25 335
-35 313
146 1220
83 497
-41 284
35 458
-32 259
52 476
6 304
-22 350
-10 1063
-95 80
-144 324
-56 265
24 333
45 243
-17 380
61 552
-18 551
10 228
40 106
87 88
49 -169
62 -481
130 -444
27 -197
-16 -315
24 -149
42 -160
49 208
161 252
147 -106
31 -119
-5 -293
-52 -351
36 -141
19 -229
136 -91
254 -244
72 -128
66 -390
32 -336
42 -325
100 -97
138 63
30 389
-15 374
-24 209
-12 241
-28 276
-40 181
-22 145
-1 267
38 937
26 125
49 115
11 198
-7 181
30 266
40 -304
76 -328
92 -493
50 -415
35 -753
-12 -385
19 -242
-10 -859
36 -234
100 -167
240 -232
126 -67
47 158
51 107
5 254
-20 371
-24 122
-75 91
-76 -91
-40 -119
-36 73
-11 380
-23 187
-9 161
35 349
14 511
-35 257
-25 305
41 448
-22 1602
-11 197
-69 193
-42 168
18 175
-80 520
-63 280
-32 282
-8 242
15 271
53 352
21 292
-19 207
-11 444
-63 340
26 261
72 279
50 878
-13 587
-129 1072
-12 248
76 490
124 157
141 -21
33 143
-15 117
97 217
-8 296
-19 181
64 112
133 102
10 347
-19 253
-86 333
-71 -1
-75 -137
-187 -229
-108 142
9 214
-21 269
46 328
3 207
-162 363
-10 247
10 189
146 621
16 180
-67 219
-154 321
-89 280
-55 410
-16 357
-72 418
-61 231
-1 523
-25 227
-125 632
61 577
58 297
106 146
158 -73
159 -26
66 86
13 152
-178 688
106 -44
83 -59
142 -175
105 26
33 146
-55 290
-28 344
-62 286
-222 558
-195 178
-49 378
9 264
32 298
27 402
-8 308
36 286
-106 85
-152 -268
-100 -102
-26 86
23 161
32 133
-16 464
69 375
25 321
72 302
-6 249
-13 189
-57 261
31 249
-12 148
-4 201
252 1067
-4 242
14 306
59 387
26 296
-1 245
91 436
-11 694
48 354
56 687
65 461
169 821
101 333
224 360
223 227
298 252
193 -124
85 -132
93 -112
192 -264
242 -70
227 25
213 -93
159 -94
264 -196
172 -238
230 -277
211 -1
165 -66
118 -168
94 -70
19 128
29 118
36 321
-64 769
94 68
70 194
87 135
132 -46
55 -167
113 -203
90 92
0 165
100 80
96 -63
122 76
155 147
58 101
93 -185
122 -172
95 43
99 86
138 106
100 145
33 93
33 -28
35 -218
7 -201
-62 -363
12 -58
32 -20
68 -21
166 36
156 57
22 53
20 141
119 139
7 126
-40 79
-159 26
-36 43
-76 -16
-26 66
49 79
24 147
-54 58
-26 53
46 27
129 -19
52 -24
83 -18
39 31
65 37
134 -62
51 23
81 133
17 64
0 125
-54 228
-4 107
25 81
52 48
170 40
60 -98
55 1
34 58
119 100
6 152
-11 149
23 144
49 -50
74 -45
36 162
12 106
-47 277
-26 108
59 100
60 -33
33 -106
53 -20
66 26
-33 172
13 40
60 45
28 -27
39 -22
8 226
16 33
46 48
17 66
-2 204
24 44
52 20
13 -110
50 -143
139 -20
99 33
86 126
60 152
-52 278
12 218
-53 86
-13 119
59 26
52 -53
86 -34
100 345
-16 110
25 137
77 -48
100 73
13 99
-86 66
-18 95
20 103
102 257
15 127
5 124
59 132
70 30
49 74
65 222
47 92
165 195
42 -35
35 58
149 587
14 287
89 480
107 292
44 182
118 164
18 198
83 458
132 348
93 478
-9 222
-27 91
-111 56
-133 94
-66 145
-59 -53
6 -139
-13 -145
66 -33
48 54
45 -54
-12 -132
-23 -177
-33 -120
-70 -156
-40 -120
-106 -406
-152 -269
-162 -191
-110 -116
-8 -166
-39 -42
-32 70
-13 54
-14 124
-46 -20
-13 -86
-37 10
-56 89
-79 20
-13 -106
86 -159
7 -178
40 -141
58 -91
-13 -86
-81 -65
-91 39
-53 -73
25 -88
108 -31
17 -85
3 -113
-116 -279
-4 -99
-58 -53
-68 -162
-52 -104
-178 -255
-74 -145
-43 -272
6 -107
18 -64
12 -100
1 -100
-46 -33
-153 159
-53 -86
4 -193
43 -92
-41 -77
-40 -60
-59 -60
-125 91
-56 151
-10 107
-46 40
-20 -235
-110 -160
-76 -71
-65 -83
-76 12
-115 124
-82 164
-7 166
25 214
24 50
12 216
79 93
5 68
-14 60
-3 99
52 51
19 75
-13 100
1 195
-46 53
-53 -60
-73 -119
40 -112
-7 -100
-39 -53
-80 106
-73 -39
-73 -86
47 -106
78 -16
47 -143
20 -139
-81 -94
-24 -150
-93 -20
-86 -60
26 -86
107 -33
87 -242
12 -124
-22 -253
2 -89
-20 -99
-73 -73
-54 105
-72 35
-54 -3
-21 -20
-45 -17
-65 112
-86 6
1 -92
26 -76
227 -292
100 -183
89 -78
20 -191
2 -138
-36 -166
-42 65
-63 34
-26 -102
-97 -124
-83 -84
-18 -51
-47 -63
-107 269
-42 40
-70 14
-39 -85
-15 -203
74 -358
1 -153
52 -53
-6 -79
-88 -49
-78 -58
-53 -85
-80 24
-19 69
-32 -54
-27 -112
-31 -76
-29 169
-26 32
-38 7
-28 -261
-7 -169
31 -101
-15 -93
-51 -60
-68 -20
-83 19
-60 33
-22 24
-50 29
-128 -156
-28 -15
-60 -11
-54 72
-79 59
-39 -82
-83 -89
-16 94
-3 158
10 170
72 259
12 74
-27 32
-44 24
-41 -67
-120 -469
-49 -87
-27 121
-6 241
-38 94
-41 -59
-40 -85
-94 -102
-35 84
-55 260
-73 469
-25 351
84 -79
104 -12
85 245
28 128
51 579
-2 160
-22 124
-43 -47
15 -135
-28 -233
-93 -359
-40 -66
-73 26
-59 304
-46 99
-141 -134
-91 22
-99 155
-112 207
-76 100
-43 154
-105 253
-107 136
-243 44
-201 205
-92 241
-80 26
-79 -79
46 -204
-46 -113
-86 -47
-59 146
-73 231
6 496
-79 14
-47 -114
-59 -91
-33 -113
-20 -185
-72 -46
-100 79
44 259
6 189
-17 200
-134 61
-165 235
-78 55
-74 -41
-23 -145
-59 -89
-51 -132
-27 -147
-137 -274
-15 -120
-27 -49
-15 234
-2 162
111 349
-25 133
-72 86
-86 46
-73 -86
-43 -610
-41 -294
-114 -318
-53 363
18 266
-20 135
-40 183
21 203
42 155
-2 119
-21 114
-71 15
-126 13
-92 26
-64 -65
-45 -318
3 -232
-133 -6
-99 347
53 215
-26 192
-159 0
-175 147
-10 131
79 105
0 139
-93 53
-158 -59
-86 -106
35 -282
29 -157
-60 -126
-49 -209
-8 -185
78 -161
59 -186
30 -298
13 -282
-68 93
-39 127
-120 50
-125 101
33 232
-72 325
-73 201
-100 89
-159 -113
-58 -185
-28 -115
61 -201
0 -141
-28 -147
-72 -50
-36 -96
-4 519
-20 158
-66 119
-86 -185
13 -344
-33 -147
-62 -125
-39 511
22 211
66 337
-66 80
-66 -134
-105 -173
-34 -359
-2 -270
38 -355
23 -94
12 -146
-65 9
-44 93
-163 239
-64 39
-86 -73
-63 -210
-26 -234
56 -195
159 -141
46 -179
13 -185
-6 -106
-81 10
-85 43
-59 -73
31 -159
-28 -202
-46 -192
-52 -174
-26 354
-5 234
-80 164
-39 -58
-17 -320
-35 -307
-87 -422
-36 308
1 294
-8 203
-16 171
-47 46
-52 -105
-129 -690
-158 -725
-50 -266
-27 -278
-137 -644
-61 -404
-97 -1148
-241 -1786
-171 -611
-132 -181
-20 -114
-44 -341
-21 -344
-14 -904
64 -923
14 -750
-22 -408
116 -1388
-6 -176
-21 -215
0 -172
16 -132
7 -281
-45 -946
-72 -97
-132 119
-159 344
-282 575
-59 312
-64 189
-76 361
-4 806
-58 1103
-54 626
-104 -23
-200 -377
-77 -233
-138 -557
-69 -770
20 -586
114 -1040
104 -1304
97 -1937
46 -425
45 -498
-46 -287
-44 -214
-4 -478
-40 140
-268 1931
-197 1652
-50 193
-34 232
-125 -19
-100 -93
-86 -324
-6 -843
-69 -1055
-2 -525
69 -524
195 -1113
147 -679
165 -475
132 -329
131 -367
-82 27
-82 64
-100 180
-109 262
-45 19
-6 -128
53 -189
-49 -162
-57 -57
-76 66
-74 102
-163 335
-43 289
-99 382
-184 928
-63 158
-135 281
-102 59
-102 271
-15 187
4 170
87 56
105 -10
26 73
27 265
-36 695
-22 2957
-61 281
-78 113
-162 73
-194 -312
-83 -214
-51 -346
-39 -318
-16 -480
15 -990
-2 -968
-93 753
-77 731
14 1016
22 403
36 350
-65 147
-135 274
-43 164
-45 113
-148 154
-86 60
-102 150
-84 108
-57 161
-27 269
49 296
22 573
-78 555
-23 354
64 476
89 379
82 794
35 149
28 213
-7 330
-21 128
-88 168
-122 153
-61 227
-44 240
-4 138
-39 452
37 592
-36 263
-70 42
-56 141
-18 179
-313 2391
-61 824
-31 1272
-4 988
-20 136
-59 189
-42 -377
-6 -404
17 -608
-9 -215
16 -464
-12 -243
20 -220
-44 -326
-33 -598
-46 133
-11 223
-17 453
8 621
-74 53
-19 -569
-14 -1210
-12 -126
-39 -92
-18 181
-22 109
-53 57
-137 -126
-96 199
-15 142
14 148
-38 254
-53 250
-3 523
70 624
-3 307
44 821
-8 743
84 1043
-2 172
-11 159
-76 -289
-191 -1278
-36 -458
-24 -183
-94 105
-97 165
-104 337
-155 212
-33 208
71 396
-53 95
-106 18
-86 -103
-48 -133
-47 -95
-62 -59
-55 165
-32 442
-13 586
-1 543
-16 338
337 1226
162 492
69 241
50 203
207 1036
63 243
92 274
13 506
149 694
115 615
23 246
9 182
24 219
-9 540
19 384
73 684
47 521
40 557
7 624
76 1668
-33 474
-79 527
1 340
24 453
32 309
-93 139
-119 73
-112 -153
-69 -249
-115 -69
-57 342
17 386
57 745
72 589
48 163
-13 228
61 395
253 489
255 615
164 519
190 334
110 278
83 308
43 211
7 474
133 679
150 990
-72 761
-110 802
89 397
15 312
39 266
30 268
78 190
67 255
95 194
48 977
63 1021
21 138
-13 134
18 351
53 450
16 622
-5 322
142 297
28 590
57 628
41 266
10 202
110 5089
53 220
44 446
106 167
44 -681
44 -212
13 -234
-17 -136
13 -589
163 -4690
14 -100
100 -162
181 33
141 -138
39 -329
-4 -340
-17 -428
-77 -1129
-7 -452
119 -1203
132 -798
45 -521
89 -374
70 -349
158 -27
148 85
427 672
204 421
16 280
92 257
207 261
97 214
114 485
29 214
141 763
5 209
-24 342
127 387
271 1187
102 267
62 330
228 958
112 855
32 426
69 518
102 575
98 501
190 1789
49 1073
57 732
-33 517
11 514
49 445
40 206
102 295
-48 995
70 642
7 266
32 280
35 -110
6 -102
48 -100
100 -132
127 132
63 100
77 296
112 153
164 145
320 487
45 137
14 310
-8 262
4 297
-83 757
31 142
95 241
118 201
174 430
51 85
86 -37
-37 -649
-57 -489
30 -471
49 -62
37 101
14 178
58 67
49 -161
28 -291
37 -131
88 12
130 72
38 156
54 130
182 346
55 207
50 589
-76 686
21 156
101 165
158 -168
58 -130
52 0
-23 359
-36 336
7 394
156 462
131 652
54 318
31 280
131 151
250 225
130 163
80 -3
64 -48
-19 -170
-9 -154
67 -364
105 -451
119 -137
105 -66
58 143
35 134
8 148
-42 263
-109 335
-41 168
-79 190
7 145
110 166
147 139
46 113
49 176
70 198
70 -89
37 -209
42 -29
46 89
10 172
-101 211
-68 289
-23 197
-56 171
-187 265
-312 320
-2 148
28 282
12 300
89 202
222 45
100 79
103 -28
104 -139
77 -116
55 18
42 102
14 133
42 232
-48 356
-10 194
28 290
61 303
43 309
-32 241
-112 107
-111 -121
-84 -195
-102 -176
-112 -47
-60 10
-16 167
14 1500
-10 197
-1 258
-36 282
15 473
39 428
0 202
-36 349
-76 246
21 514
25 147
103 138
18 148
-83 172
-191 56
-90 80
-83 217
71 216
83 142
161 339
124 384
72 297
122 717
76 357
104 700
56 898
188 1606
20 531
50 864
51 443
41 450
138 276
-106 630
-12 216
83 294
207 325
-85 471
-134 273
-105 332
-180 751
-41 235
-38 497
30 133
120 234
174 241
73 153
61 220
96 247
51 -64
18 -142
27 -128
51 31
12 440
-176 232
-58 235
-55 290
43 669
5 572
-36 499
7 244
131 218
48 356
-59 204
-193 124
-54 458
-89 958
22 107
102 119
126 82
21 194
68 250
-11 132
-81 187
-199 -64
-182 -105
-147 126
-81 112
-15 144
-4 243
11 292
-8 184
75 943
162 115
186 151
237 368
-19 144
-23 113
-117 254
-58 150
-86 30
-82 -162
-53 44
-44 167
-70 534
14 171
73 257
148 258
170 139
-8 220
-36 212
-88 150
-167 0
-116 202
-72 169
-79 430
-20 463
-46 324
17 525
53 255
13 164
43 289
98 302
41 189
90 688
99 526
177 552
106 539
54 831
21 229
-1 316
126 781
74 297
25 164
92 189
175 102
110 77
107 -13
138 -73
124 -165
181 -170
205 74
86 134
94 345
18 345
-12 388
-19 339
-89 26
-94 -145
-94 -189
-41 -113
-79 42
-12 245
16 537
-73 154
-319 381
-150 94
-44 132
21 211
-2 450
23 313
1 255
-14 133
-74 137
-84 259
62 260
30 185
-8 227
-98 357
-232 355
-116 387
74 26
92 -53
82 160
138 192
178 276
182 218
253 57
206 102
99 178
63 174
66 268
15 333
149 316
60 223
82 469
81 584
229 411
28 141
35 210
14 383
74 624
11 195
57 327
135 290
38 207
-5 372
76 319
3 266
39 245
85 38
56 -117
75 -3
98 137
36 106
-7 324
-82 270
-5 198
-47 51
-59 -172
-105 -114
-92 197
-63 176
12 214
56 255
-39 251
-86 112
-132 0
-71 53
62 176
132 97
169 -28
104 10
169 423
125 166
27 -296
-17 -209
46 -116
128 -133
105 365
-4 417
-89 242
-144 517
3 287
-22 260
44 53
211 -97
119 12
67 -215
150 -62
158 88
89 256
41 349
243 751
52 197
51 493
23 577
87 717
-57 1276
-38 342
-49 214
-77 206
-129 264
-164 388
-50 497
-52 141
-138 185
-91 -198
-9 -163
54 -314
56 -215
-23 -149
-95 146
-59 161
-79 27
-115 -89
-225 -588
-66 352
53 211
96 196
43 198
17 132
3 469
39 266
-27 201
-62 199
-60 290
-67 420
-255 514
26 399
56 218
18 614
-115 530
-40 297
-35 865
-73 514
86 330
35 220
19 461
-18 232
-94 643
-96 1134
-50 780
-2 687
-42 327
-44 597
-36 229
28 572
37 267
82 249
-20 143
-102 97
-176 -53
-120 101
-118 85
-100 118
-85 75
-71 -54
-64 -166
-138 -228
-120 13
-75 99
-92 -115
-130 84
-78 14
-62 -80
-37 -177
-6 -307
-36 -159
-97 -26
-70 79
-38 177
-77 52
-115 -26
-97 -79
-45 -162
-9 -177
19 -329
65 -237
-57 -151
-59 -110
-135 -342
-89 -158
-96 -149
-53 391
-97 282
11 618
42 198
45 264
-9 141
-97 88
-154 -53
-120 -9
-330 -315
-56 -105
-90 -144
-71 -176
-35 -137
-104 -274
-189 -164
-157 -179
-266 -262
-288 -151
-170 -66
-180 -102
-308 -221
-51 -146
-125 -248
-84 71
-8 196
-19 238
-64 319
132 427
82 222
168 45
167 -45
100 136
136 313
96 737
10 152
34 246
121 215
121 192
78 332
124 279
89 43
20 116
85 347
65 89
48 109
110 72
205 30
154 86
206 169
148 137
94 134
50 358
58 155
127 204
76 138
157 -16
143 78
86 219
161 284
23 351
83 266
-57 285
-80 344
25 577
-38 276
44 212
124 185
149 70
89 221
-3 248
150 410
134 422
32 349
105 276
177 198
136 214
130 260
232 74
116 163
103 309
56 253
172 1075
116 824
141 830
-2 256
79 334
2 551
8 146
162 190
149 410
48 257
130 324
12 263
-24 369
-35 312
0 282
106 407
18 632
51 197
46 138
152 895
-29 334
25 475
-7 288
-19 275
-5 346
53 595
36 254
131 475
31 524
34 231
30 296
-51 239
-45 174
-10 106
-10 139
53 344
-14 283
-58 364
-47 242
1 125
42 224
103 274
43 253
-26 244
-44 164
-60 293
10 450
21 433
49 365
52 312
-80 287
-28 332
140 538
-32 204
-36 141
-18 117
-118 139
23 511
99 454
75 388
49 379
67 298
258 438
79 -6
48 60
22 93
-3 700
21 218
68 282
-52 493
-82 472
9 124
2 188
-51 338
-98 378
-27 333
-247 1387
-59 784
-82 395
-28 101
-84 118
-8 207
33 166
-127 218
-96 534
-47 553
75 361
213 613
97 185
212 -35
235 320
116 546
61 677
52 418
48 551
-49 269
-37 134
-44 208
-130 244
-300 383
-108 282
-9 251
-16 212
-68 228
-210 325
-187 -193
-70 -168
-80 -703
-64 -311
-40 -269
-156 -79
-73 115
35 292
18 339
31 268
49 246
70 212
36 501
59 330
35 294
61 204
-8 211
-59 208
5 166
-20 447
44 207
3 187
-33 187
-46 193
-11 195
27 251
74 353
79 450
26 419
-1 102
-17 86
-92 -421
-123 -673
-121 -359
-51 211
135 1267
100 579
45 509
34 125
155 420
43 150
54 450
60 589
68 445
69 302
7 227
-51 175
-56 227
13 224
54 273
125 191
92 112
31 205
29 263
-32 211
-66 347
-36 241
-261 209
-231 491
-61 176
23 427
-91 463
12 197
27 188
-18 166
56 255
289 263
284 241
124 235
53 145
24 180
59 278
18 373
-25 280
-20 599
71 489
-13 554
83 274
14 297
-73 398
-50 115
-73 221
-71 53
-129 57
-3 109
127 372
23 201
203 381
-53 203
-87 454
-25 185
-147 359
31 187
68 149
-6 447
-60 418
-51 172
-87 214
-20 131
24 105
-34 866
-64 371
-77 287
-37 1002
-80 384
38 231
-13 456
-67 186
-74 168
-65 361
13 200
51 281
72 279
0 282
-62 133
-152 48
3 207
70 230
-18 203
-105 70
-142 -106
-196 -255
-165 -106
-150 -212
-71 35
-35 212
106 215
73 475
95 249
35 428
-33 419
-127 301
-214 552
-76 24
-79 45
-71 -19
-83 -80
-95 296
-15 260
9 215
-92 887
36 425
0 382
13 454
-2 349
-16 276
33 330
45 264
-27 132
-238 53
-141 18
-53 150
53 159
70 114
-32 703
-4 281
-38 268
-89 268
39 258
54 156
35 209
88 62
148 25
143 -7
27 123
-27 124
-68 168
-216 376
-140 290
-67 122
-54 176
-129 356
-54 491
-105 478
7 557
-133 435
104 295
24 157
-28 225
-90 275
-21 214
-148 739
-54 398
-109 147
-103 195
-106 0
-135 84
-106 442
-101 175
-135 210
-510 388
-89 200
9 291
-133 273
18 89
53 9
344 -247
185 -18
106 194
29 459
-196 351
-120 323
-21 218
5 431
127 405
-47 313
-14 493
-74 645
12 278
-31 495
-107 602
-39 340
-44 71
-71 159
-88 79
-79 88
-91 207
-14 210
-78 415
-236 866
-70 313
-49 185
61 88
125 27
25 159
-185 167
-141 177
-124 79
-100 -184
21 -266
0 -185
-168 -194
-287 -76
5 173
27 132
-106 27
-88 -80
-36 -158
67 -273
47 -335
18 -368
85 -353
5 -143
-4 -148
-90 194
-79 198
-69 450
-108 559
-66 16
-82 -133
-173 -167
-150 -512
109 -297
25 -355
-64 -177
8 -351
-25 -697
136 -273
75 -430
-61 14
-227 367
-52 392
-61 390
-57 93
-53 -175
7 -238
-104 -300
17 -567
-7 -270
-43 -158
-16 -141
-38 111
-104 135
-88 -193
-44 -179
21 -185
-33 -202
97 -97
211 -5
188 -116
8 -124
-22 -192
-162 -63
-279 138
-88 92
-77 -74
-26 -130
-234 261
-163 226
-53 137
-80 9
-35 -106
31 -302
-15 -148
10 -164
35 -278
10 -237
-44 -238
3 -201
147 -178
35 -159
-44 -132
-176 -99
-54 -206
-80 -209
-87 -148
-344 -70
-71 -124
3 -184
-27 -138
28 -178
16 -230
-117 -769
-61 122
10 194
-18 677
-63 286
-155 49
-65 113
-71 226
-35 176
-53 62
-106 -71
-97 -97
-106 -211
-53 61
-17 230
-239 97
-105 -150
-89 70
-88 18
-83 -153
-40 -121
-87 -39
-51 229
-17 171
-8 237
-94 163
-143 208
-119 150
-194 11
-118 147
-75 279
-78 -9
-24 196
-6 189
-71 71
-88 -62
-105 -322
-77 -130
-12 319
-80 331
90 423
97 223
87 144
-22 106
-90 10
-152 129
-146 546
-45 301
-25 291
4 257
-88 72
-80 -81
6 -199
-15 -325
67 -238
57 -170
-32 -1482
-27 -334
-87 -399
-42 -399
-86 -608
-53 -256
204 -664
149 -218
9 -88
-35 -159
-106 -8
-230 311
-61 138
-62 0
-31 -87
1 -127
45 -191
36 -355
-71 -317
-151 -391
-101 84
-57 103
-68 -24
-127 -437
-7 -141
-25 -92
-47 108
-3 239
-56 23
-45 -81
-53 -393
-69 24
-33 215
13 276
-51 171
-81 1
-43 -177
-34 -203
-205 -1412
-56 -207
-74 14
-20 491
18 1477
-25 95
-58 -34
-75 -82
-54 80
-37 222
-56 7
-23 -110
-26 -217
-8 -243
-60 16
-54 331
-6 110
-206 11
-87 -11
-42 -177
-28 -61
-71 -9
-49 438
-220 674
0 148
-43 266
-112 429
-67 152
-34 244
-55 33
-48 150
-152 598
-66 78
-127 -1253
-94 -1260
-82 116
8 1361
-53 368
16 163
56 94
66 732
43 746
-31 233
-245 1002
-92 464
-35 296
-8 215
-36 159
-78 155
-73 -38
-34 64
-13 107
-48 198
16 226
56 264
-12 184
-78 331
-62 -125
-28 -74
-56 -88
-19 -80
-13 -267
0 -148
12 -151
-41 -16
-44 185
-46 267
-37 1728
-80 494
43 485
-12 219
-27 185
-80 68
-26 248
-63 380
-31 533
2 424
-86 523
-2 265
-49 160
-29 1189
-38 176
-63 136
-28 283
-5 305
-102 1670
-55 628
3 144
-9 143
-45 448
-25 459
-62 217
-84 380
> 71538 180000
-15 -114
-57 -170
-18 -168
-123 -313
-94 -344
-53 -62
-72 -145
-59 -56
-46 20
-179 145
4 69
54 291
19 495
77 233
17 119
> 40891 54710
-18 -25
-15 -28
-26 -110
39 -173
-36 -55
-70 17
-72 41
-4 -47
5 -47
26 -90
-13 -104
-58 -219
17 -106
80 -70
73 -79
12 -95
-38 -96
-10 -91
26 -141
16 -47
65 -85
70 -62
78 -55
-175 -54
-177 -39
-139 -65
-148 -51
-179 10
-166 61
-142 93
-78 67
-60 71
121 -84
93 36
-9 151
-21 150
2 115
-19 50
-32 33
-78 -29
-82 -8
-80 22
-27 61
-35 49
-60 21
-14 -106
3 -107
21 -85
52 -69
-177 -111
-85 -1
-82 33
52 46
26 64
-2 69
-35 139
-32 64
-58 79
-6 87
-57 5
-50 14
-85 91
-69 54
-85 16
-122 -11
-120 -22
-107 -12
-109 12
-120 2
-239 -29
-119 -1
-258 24
-256 50
-70 16
-162 38
-230 65
-51 7
-51 -8
-32 -46
-5 -64
5 -137
35 -90
28 148
49 88
0 -147
-61 -394
-247 -1184
-7 -428
128 -643
67 -192
204 -394
135 -195
191 -124
41 -38
26 -46
38 -149
36 -254
16 -257
23 -98
81 -201
67 -90
108 -66
114 -55
125 -35
129 -24
249 -30
42 -2
380 -18
24 3
123 72
117 36
55 51
-49 98
-56 -2
-25 12
26 44
43 35
212 69
44 52
21 42
48 4
103 -39
107 -4
232 91
247 62
107 74
55 118
39 123
28 127
7 224
-44 223
133 -59
50 -59
43 -65
30 -64
42 -128
0 -139
7 -76
24 -58
108 -162
84 -99
226 -231
90 -51
102 -32
84 -36
72 -56
256 -227
157 -159
57 -92
61 -96
19 -51
29 -42
127 -81
101 -74
173 -149
259 -258
32 -52
36 -42
130 -19
92 -74
64 -106
33 -40
35 -26
184 50
52 -1
111 -22
128 19
175 59
121 60
79 18
-50 -83
-280 -100
225 -34
213 -67
110 -55
89 -77
70 -107
81 -99
44 -108
34 -163
31 -32
51 -14
58 9
96 39
61 86
65 116
43 27
50 19
-38 36
-21 45
89 31
64 47
54 59
125 75
69 55
77 40
126 22
12 41
22 35
36 26
39 14
72 -5
78 -61
8 16
-14 29
-40 66
-50 59
73 17
29 51
-20 63
-3 66
58 223
16 106
41 99
157 229
7 50
-7 52
-29 48
-17 53
8 40
24 20
55 -47
53 -16
57 -3
15 59
-1 67
89 270
39 31
54 14
10 121
45 -14
49 -26
51 80
-27 76
76 -18
33 3
18 90
8 147
23 48
3 129
25 125
38 114
62 102
99 204
84 113
4 53
-10 56
9 55
57 97
13 53
89 187
69 258
-13 113
-67 324
-12 35
-84 95
-39 200
7 66
-62 75
-11 52
11 51
55 151
27 45
42 35
27 63
-34 195
-3 238
-61 119
-37 34
-114 69
-73 32
-61 -38
-61 -53
-72 -15
-61 45
-222 26
-224 -93
-188 -154
-207 -114
-76 64
-90 248
-75 114
-24 -121
12 -168
24 -139
55 -241
6 -104
-17 -378
11 -316
-56 -193
15 -124
-78 -83
-50 -39
-108 -44
-82 -96
-60 -114
-58 -31
-68 12
-42 37
-103 160
-90 92
-19 56
2 65
-24 63
-47 50
10 -167
-9 -66
-31 -134
7 -66
22 -62
99 -189
4 -208
-9 -243
-42 -112
-55 -32
-65 -12
-56 0
-51 23
-30 55
-30 141
-30 213
-37 98
-35 48
-234 109
-209 125
-101 75
-72 99
-44 35
-51 28
-61 12
-65 -1
-125 -21
-57 3
-7 53
4 166
-13 102
-54 84
-100 85
-50 26
-44 33
-40 54
-19 63
10 58
19 57
-11 108
-69 89
16 51
8 110
-4 60
-15 56
-45 47
-204 41
-128 -20
-97 -45
-94 -56
-136 -55
-53 -3
-162 9
-106 26
-251 115
-164 138
-134 79
-31 24
10 12
132 -32
272 52
39 1
59 -68
184 90
80 65
94 138
24 56
-12 121
38 211
16 129
-7 127
-11 53
-27 41
-223 108
-95 41
-130 45
-124 55
-87 86
-68 104
-170 307
-72 79
-51 33
-58 14
-62 5
-60 -13
> 68983 180000
30 -132
247 -595
36 -322
30 -26
36 -18
25 -59
66 -405
43 -509
116 -539
34 -471
123 -514
91 -302
35 -187
9 -170
-44 -455
-4 -510
26 -467
-8 -371
17 -215
56 -294
-23 -86
-100 -76
41 -221
55 -187
48 -309
32 -589
76 -724
20 -379
12 -381
-170 38
-81 -22
-106 -143
-68 -159
-56 -40
-44 421
-195 132
-124 170
-129 113
-90 -2
-220 -457
-26 -472
-13 -456
134 -195
160 -104
83 -365
65 -358
12 -165
31 -120
176 -73
130 -80
49 -102
73 -98
29 -93
12 -229
-186 -555
-54 -189
0 -64
46 -840
38 -219
25 -1248
110 -353
16 -214
-33 -241
-9 -207
22 -297
-32 -256
-34 -569
-37 -210
-67 -221
-165 -408
-80 -57
-98 0
-138 86
-159 0
-55 -71
-27 -130
-169 -135
-92 -126
-24 -248
70 141
46 132
251 212
77 -31
57 -169
59 -105
236 -54
125 -53
147 -18
49 -172
75 -620
55 -286
85 -104
120 110
91 -8
78 59
62 93
89 23
114 -47
82 -47
99 -107
45 -77
141 -377
144 -649
104 -665
36 -590
19 -762
2 -790
-57 -299
-5 -567
-60 -615
-94 -620
-1 -333
-43 -663
-2 -289
148 -747
20 238
21 93
195 -333
69 -178
87 -437
6 -177
-17 -146
-96 -579
-40 -145
112 287
47 140
69 143
44 -33
21 -35
-9 -539
10 -35
60 -113
20 -56
63 -359
24 -260
2 -270
25 -45
29 32
19 10
33 84
30 231
17 601
53 136
54 -19
42 -35
99 -197
73 -264
88 -537
60 -563
29 -968
-13 -172
-36 -135
-94 -232
-276 -527
-114 -295
-62 -268
-50 -616
11 -113
46 -86
41 28
37 56
24 4
46 -31
25 17
1 62
-32 145
-5 136
51 350
80 0
46 -93
111 46
28 0
20 49
-4 40
-80 252
4 86
-8 93
-193 -224
0 107
90 289
89 197
113 208
58 25
7 -238
-42 -1555
-85 -568
18 -176
66 -126
6 192
41 227
76 188
14 121
-3 316
-31 254
-12 768
92 18
29 -170
26 -369
45 -228
28 -287
40 -630
33 -265
30 -623
25 -165
23 -1455
68 -543
69 -208
33 -502
-1 -100
-18 -32
-29 -24
-126 321
-87 10
-43 96
-68 -374
-26 -254
3 -850
-29 -127
-137 -333
-66 4
-101 31
0 254
45 75
18 112
-16 517
-19 54
-29 -174
-13 -167
-151 -207
-47 -281
-24 193
-42 171
-185 -28
-142 244
-66 45
-3 -352
-44 -312
0 -111
111 -204
73 -225
6 -110
-72 -145
40 -207
-7 -84
-30 -116
-40 -70
-62 -52
-34 -69
-46 -9
-21 104
-4 75
-33 217
-19 -223
-21 -58
-25 -20
-34 -169
-33 58
-25 72
-26 18
-10 -52
31 -142
44 -147
91 -234
60 -102
57 -199
155 -710
49 -316
11 -205
-21 -326
-66 -200
-29 -337
-54 -208
-74 -111
-8 -600
55 -414
57 -263
116 -295
148 -292
13 -35
31 -35
72 -53
55 -62
-31 -92
-169 -236
-83 -98
-159 -129
-134 -95
-57 -13
-49 44
-41 -129
-102 -137
-200 -207
-73 -130
-62 -164
-24 -111
4 -135
58 -124
132 -66
26 -75
-74 -89
5 -131
54 -256
118 -255
55 -264
285 -372
104 -165
84 -91
9 -211
61 -80
45 106
37 285
-6 227
111 -169
67 -82
36 -88
-74 32
-54 -37
-43 -77
-27 -129
333 -552
162 -332
58 -186
105 -115
21 77
-124 394
-64 278
-167 460
13 348
74 128
149 1
123 -131
48 -164
10 -568
39 -131
12 90
3 125
36 182
91 303
28 132
71 -21
96 -212
14 -343
9 -75
48 136
30 119
72 200
67 47
-4 -42
3 -146
28 -41
51 17
43 -159
29 -143
5 -329
34 6
30 17
21 -139
39 -116
35 -29
20 -42
36 -215
65 -709
-19 -76
-94 -117
-99 -285
54 -218
5 -43
26 -35
44 52
42 36
31 -49
11 -42
-31 -147
-19 -219
-30 -94
-21 -195
74 18
191 -821
39 -255
4 -153
-43 -369
-23 -85
-62 -137
39 -306
-29 -75
-104 -111
-102 18
-29 32
-55 29
-85 117
-69 121
-16 -50
-4 -50
-29 -60
-58 -57
-84 -104
-47 -141
10 -161
63 -384
-11 -88
-46 -25
-40 229
-25 21
-15 -60
-13 -154
3 -278
16 -230
64 -144
9 -138
1 -394
-34 -357
44 -399
-10 -676
8 -172
85 -325
53 -465
130 -530
120 -53
97 80
1 297
16 182
37 -25
20 -40
52 -421
9 -1141
77 -813
27 -1158
-96 -522
-22 -755
-52 -204
-28 -347
-71 29
-55 172
-12 84
-21 91
-19 -57
-9 -64
-44 -126
-41 -80
-91 22
-88 -38
-122 -126
-54 -105
-72 -96
-67 82
-28 93
-34 239
-23 82
-19 -47
22 -353
73 -126
39 -28
62 -30
66 119
45 122
106 106
97 13
201 3
46 -214
68 -120
123 207
65 52
59 -89
130 -145
77 -149
32 -98
16 -99
-126 104
-65 -84
-25 -61
-35 -395
-2 -253
36 -343
83 -404
57 -100
84 -72
36 232
24 91
18 -210
6 -210
-114 -75
9 -136
69 -659
-23 -177
-63 -215
-50 -95
-81 -108
-56 41
-21 46
-14 338
17 297
54 334
-20 77
-29 69
-42 -95
-60 -344
-157 -574
-18 -218
33 -306
-87 -165
-22 -76
-59 -515
-9 -224
-44 -66
-8 -134
-22 -150
-63 -251
-10 -381
14 -260
-38 -631
-33 -163
-45 -106
-59 -49
-52 -93
-113 -359
-47 -305
-13 -259
64 249
118 284
349 512
23 490
46 115
212 373
32 104
4 494
69 435
338 875
57 436
80 299
40 54
52 47
32 -45
29 -26
57 386
87 148
82 519
110 406
82 569
113 324
162 733
278 689
158 112
51 -167
32 -203
77 -113
10 -81
-49 -206
166 -226
92 -277
14 13
6 31
-15 132
-136 497
-21 266
-21 77
-35 48
-58 -31
4 82
25 52
112 129
151 122
65 -14
-29 -293
220 -136
67 -62
73 -93
6 -187
-18 -98
-25 78
-40 84
-42 -56
-19 -47
-55 -228
-5 -163
23 66
53 76
57 -55
32 -59
165 -64
24 -207
27 -116
-11 -154
-44 -200
41 74
59 77
73 -155
51 -153
18 -185
65 -209
36 -277
35 -644
-46 -490
37 -612
-29 -731
0 -286
18 -170
-20 -154
-57 -78
-91 -48
-48 -180
-12 -98
14 -466
-44 -333
35 -142
-3 -269
77 -29
-3 161
-13 93
157 302
92 249
105 240
64 -151
43 -337
-2 -158
-18 -79
34 -366
-3 -194
-47 -323
3 -110
100 -66
-9 -326
10 -1118
31 122
42 588
63 473
114 349
39 326
57 -77
41 -88
36 -185
24 -401
46 -344
57 -151
78 -629
0 -170
-98 -454
9 -230
-15 -200
-117 -521
-311 -1092
-96 -225
-73 -107
-39 -196
-89 -84
-78 14
-42 88
-77 91
-89 -93
-58 -78
-26 75
5 210
-51 471
-46 -86
40 -287
-2 -250
48 -217
-46 -522
11 -386
-19 -360
39 -707
-29 -63
-50 164
-47 124
-109 367
-35 156
-104 208
-206 26
-49 -113
-70 -129
-12 -68
4 -99
49 160
104 87
73 81
49 -107
4 -47
27 -53
69 -376
30 -202
16 -214
19 -109
-62 -320
-15 -147
-32 -175
-45 -102
-11 -248
-49 -32
-49 -139
53 -148
-14 -146
-88 -326
-40 -382
31 41
68 63
16 -92
-80 -574
-54 -191
20 -91
118 333
72 89
31 -155
24 -341
3 -220
-26 -321
38 -462
-44 -69
-5 -119
21 -286
-23 -259
-47 -195
47 -288
-2 -101
-73 -154
49 -133
-96 -113
-69 31
-7 97
10 82
32 47
14 62
-58 228
32 69
23 99
-34 113
37 469
-46 -81
-59 -525
-75 -947
-29 -195
-26 -563
-74 -366
0 -474
-59 -820
-133 -590
12 -285
-101 -577
-79 -229
-160 -833
62 -500
-22 -165
-57 -84
-45 17
4 202
-19 146
-40 181
-72 -49
-162 -377
-61 -179
-36 -212
134 -450
-59 -81
-29 -61
12 -178
-95 -90
-16 325
-44 310
-63 274
-72 194
-46 212
-40 124
-39 -332
89 -233
30 -127
6 -142
-27 -213
-107 -182
-37 177
-35 393
-49 126
-316 513
-33 128
-14 165
-21 68
-55 -201
-51 -76
-90 -174
-46 -744
-34 -221
-16 -63
-33 -93
-30 -60
-66 -29
-43 61
-40 151
-181 593
-19 -38
33 -163
56 -206
77 -210
54 -280
45 -16
66 -9
21 7
34 27
85 267
42 272
97 332
107 331
37 -68
26 -68
7 -302
-37 -612
-35 -368
-87 -163
-13 -247
-2 -124
43 -339
-41 -321
-36 -750
-19 -122
-8 -1728
-19 -348
-72 -886
-53 -21
-41 34
-60 -138
-57 -60
-67 21
-59 6
-76 30
-69 55
-37 129
-24 118
-76 85
-88 -68
-102 -99
-47 -19
-64 64
-128 78
-32 29
-98 271
-31 185
-7 303
-25 207
-62 301
-27 90
-27 25
-106 72
-33 38
-147 326
-22 110
-28 445
-47 140
-144 194
-34 20
-56 17
-50 -21
-30 -19
-46 -73
-192 -192
-172 -115
-115 183
-223 245
-94 72
-126 85
-80 -36
-48 -40
-73 -163
-24 -204
-44 -219
-56 20
-64 38
-47 -22
-17 -29
-5 -120
17 -104
49 -90
64 -85
68 60
121 178
174 110
114 28
120 -7
80 -41
60 -141
-13 -131
-52 -146
-200 -140
-146 -194
-61 -27
-53 5
-34 -15
115 -39
87 -19
109 108
100 65
72 -20
119 -77
58 15
37 23
167 46
33 170
127 425
31 59
111 129
40 60
66 68
53 -127
28 -121
15 -228
-5 -211
-52 -467
9 -418
30 -151
224 -655
84 -41
35 -53
9 -63
55 -225
70 -520
158 -532
14 -939
-18 -258
-48 -257
-100 -235
-28 -108
-9 -153
-35 -32
-49 -29
-36 82
42 288
-22 235
-47 125
-93 91
-45 -45
-71 -409
6 -227
162 -490
29 -190
-27 -449
-79 -298
-17 -92
-81 72
-146 112
-88 96
-43 121
-105 438
-38 243
-97 367
-11 226
23 201
-58 305
-179 174
-62 104
-31 97
-18 136
-2 80
23 85
5 195
-52 -69
-16 -73
-22 -416
18 -205
56 -253
182 -478
13 -595
-53 -66
74 -187
17 -632
47 -376
76 -402
36 -34
52 -18
65 137
39 52
121 34
158 -256
146 27
24 121
188 155
61 94
22 50
42 47
54 -50
32 -47
75 -53
55 12
69 1
104 -129
112 -106
56 -217
1 -210
-16 -77
-26 -78
-102 110
-91 111
-70 52
-128 37
-158 -7
-64 -37
-54 -61
-68 -188
-80 -315
-39 -178
-43 -372
-70 -267
-400 -586
-60 64
-65 215
-56 142
-47 70
-148 155
-415 579
-75 32
-134 -136
-172 -270
-97 -107
-373 -252
-96 -18
-90 103
-113 170
-86 58
-220 -115
-55 60
-28 141
30 386
-54 452
25 239
123 366
13 141
-17 440
-118 644
-158 683
-54 138
-2 185
-273 134
-148 122
-105 52
-118 36
-24 -127
-13 -111
-32 -92
-182 -129
-98 -16
-158 68
-74 573
-39 398
-8 280
-18 49
-24 34
-11 -332
-19 -604
11 -214
20 -97
54 -96
55 -183
37 -71
43 -151
162 74
375 13
154 -23
126 -126
181 -377
121 -129
80 -147
14 -143
-16 -208
-75 -518
-39 -465
-111 -545
-92 -99
-238 -90
-118 120
-85 121
-144 111
-88 35
-88 9
-132 -17
-71 -94
-281 -601
-86 -89
-243 -103
-90 -91
-134 -278
-54 -172
-246 -925
-54 -33
-175 -62
-79 -254
-6 -151
87 -351
25 -208
8 -212
-25 -807
59 -357
84 -281
26 -289
68 -218
62 -50
83 -53
42 -40
22 -38
28 66
13 139
-14 522
30 137
-15 72
-76 145
-68 189
11 161
57 135
0 52
-9 60
-44 -123
-33 -125
-20 -34
-46 -26
-53 178
-30 164
29 214
56 127
83 276
-4 198
77 11
119 -102
83 -84
-22 303
68 179
579 747
109 355
71 118
98 85
108 21
118 -44
90 10
113 127
137 199
51 127
51 -19
42 -25
132 -357
108 -379
60 -134
94 -101
112 -50
73 0
224 30
106 59
309 -17
380 -69
102 -61
71 93
57 91
54 47
366 32
140 -28
188 -123
156 -502
150 -212
54 17
37 28
61 218
87 149
126 96
191 199
66 50
264 129
140 34
208 25
53 -178
46 -188
39 -345
-9 -171
82 -313
12 -117
-24 -845
11 -483
-18 -284
2 -150
13 -93
34 14
24 50
22 -15
4 -82
-26 -221
-286 -352
-278 -209
-379 -223
-160 -138
-170 -200
-135 -310
-136 -417
-64 -268
-66 -356
-142 -150
-59 -128
-39 53
22 154
-102 -88
-61 -93
-36 9
-46 27
-22 120
41 321
-40 69
-59 73
-239 -38
-205 -90
-75 -11
-48 51
-64 42
-77 -95
-25 -75
8 -143
-172 -94
-102 -29
-81 1
-50 36
-55 57
43 37
59 30
38 100
-110 560
-54 150
-50 232
-59 67
-185 44
-168 238
-101 188
-40 117
-10 103
39 161
-5 217
-133 -117
-251 -195
-219 -325
-34 -133
90 -214
110 -426
65 -91
175 -491
120 -147
18 -246
56 -340
88 -331
41 -272
55 -77
41 -208
28 -201
69 -295
-22 -136
77 33
111 -337
99 -402
140 -829
68 -730
20 -860
88 -755
-4 -107
-26 -96
-129 -254
-39 -283
-62 -105
-134 166
-347 328
36 194
-159 75
-92 -119
-108 -177
-58 -149
-29 -329
6 -264
-101 -31
-95 76
-39 -18
-49 -26
-26 -38
-16 -31
-28 -102
-1 -122
49 -293
44 -212
172 13
75 111
17 75
30 73
112 -151
46 -110
77 -50
33 -3
-2 -138
-88 -565
-82 -117
56 -64
-248 -729
-88 -317
13 -218
52 -289
5 -344
25 -232
-12 -119
-61 -250
-8 -257
-88 -267
-106 -228
-172 -62
-18 -143
89 -157
21 -85
-19 -82
-9 -161
-7 -134
-32 -131
4 -54
29 -399
-3 -112
10 -142
45 32
31 50
24 224
36 123
-20 139
53 102
101 -13
97 -159
75 75
93 57
10 38
32 42
27 -51
14 -122
22 0
20 76
38 502
27 115
11 -305
-7 -384
-83 -389
-182 -729
-123 -340
2 91
-18 115
-86 98
-22 75
-57 -53
-45 -195
-30 -78
-12 -75
11 -63
23 -76
45 44
40 58
73 -156
9 -73
-2 -61
-63 -378
-74 -281
-39 -257
-13 -240
-32 -140
-100 -285
-43 -181
-110 -302
-195 -776
-16 -201
16 -113
26 -87
-22 -58
-47 67
-96 115
-50 -45
14 -179
-45 -375
-66 -404
-69 8
-60 25
-99 -69
-80 -71
-231 -59
-69 -53
-46 -160
-104 -805
-7 -139
-19 -60
19 -43
24 -151
1 -214
9 -98
38 -101
98 -132
197 -191
99 -423
66 -200
62 -37
64 37
212 435
69 155
60 645
6 255
25 261
121 -6
149 -254
172 -272
189 -266
67 -373
31 -441
-36 -903
7 -127
131 -576
2 -59
-9 -80
-37 25
-27 46
-282 765
-73 36
-100 21
-41 -12
-42 18
-75 -7
-325 -189
-232 -180
-109 -60
-76 -14
-65 73
-22 219
-67 218
-96 112
-66 25
-143 8
-123 52
-190 -173
-75 -95
-172 -124
-122 48
-48 -13
-56 -28
41 -87
49 -73
43 -100
16 -107
-11 -113
-24 -82
50 8
78 103
40 -50
30 -52
95 -318
5 -227
-10 -199
12 -205
59 -151
33 -137
5 -103
-54 -127
-207 -303
-136 -305
-102 -400
-33 -302
-25 -82
-119 -179
-92 -185
-154 -511
-63 -36
-87 -32
-98 49
-95 98
-192 247
-65 138
-102 94
-117 70
-24 -37
29 -204
-13 -146
-80 -209
-35 -16
-79 -75
-6 -191
143 -513
73 -441
4 -72
36 -99
30 -30
-6 -184
4 -112
24 -107
229 -481
86 -387
2 -91
-24 -167
-185 -97
-52 -133
4 -118
-92 -7
-56 51
-40 45
-66 145
-196 271
-81 144
-30 106
-4 140
23 311
-31 103
-46 110
-113 23
-116 85
-65 9
-77 -103
-56 -333
-80 -193
4 -69
93 -398
35 -261
58 -349
31 -63
155 -156
146 -344
43 -155
-31 -215
16 -148
77 -249
120 -165
147 -12
32 47
17 47
44 -119
113 -6
73 -23
182 -133
110 -135
118 -130
61 138
53 72
154 100
52 19
52 42
48 16
49 -7
87 -94
176 -292
97 -287
96 -546
-5 -151
14 -55
17 116
38 116
58 63
28 -138
13 -113
48 -188
42 -34
30 41
76 -43
24 -252
17 -67
26 -5
83 -171
86 -222
88 37
64 -160
45 -139
17 -219
31 -88
-8 505
-66 530
-26 -45
-39 -37
-114 154
-64 148
-79 332
-1 41
21 72
-34 165
-44 134
-4 252
-52 306
-21 -21
-17 -35
-63 87
10 127
51 215
-182 539
-33 149
-94 860
-8 397
-21 214
-48 311
-95 333
-34 273
-32 497
5 256
63 635
168 814
147 419
379 667
88 87
207 78
89 5
8 -97
49 -128
119 0
58 -73
269 -95
30 -200
31 -109
16 -131
42 -145
110 -174
73 -171
100 -140
36 -87
11 -63
-50 44
-53 33
13 -254
253 -737
20 -126
-23 -49
34 -227
59 -72
277 -627
311 -1113
189 -760
83 -568
-9 -57
-35 -57
-10 -166
7 -146
75 -511
10 -124
-3 -545
-21 -57
-159 -191
-32 -103
-29 -192
48 55
35 132
115 85
48 5
63 46
50 -10
16 -69
-16 -129
-61 -277
16 -37
63 79
24 -21
-9 -116
28 -247
-10 -259
75 -47
43 -170
36 -69
41 85
-68 577
-4 161
24 80
45 18
51 -5
30 -66
54 -377
63 -173
85 -407
-40 -16
-79 62
-25 -33
22 -119
-16 -90
-95 -123
-24 -119
-7 -94
79 -403
14 -180
13 -156
-6 -119
5 -111
-73 -56
11 -31
102 -48
27 -111
-21 -58
-95 -25
-28 -67
19 -98
-9 -198
17 -97
35 -59
38 -15
56 0
70 26
33 -46
116 -797
52 -23
-49 1145
29 337
73 206
76 475
70 17
57 -35
123 -330
23 -174
-4 -209
19 -10
60 35
81 -173
-9 -106
-51 -163
4 -58
22 -16
36 -83
29 -241
27 -77
69 -102
31 -117
3 -270
-22 -82
-82 -141
-141 -124
-118 -48
-58 -127
-40 -30
-154 -87
39 -27
72 0
80 25
137 12
91 69
36 -56
-40 -217
14 -101
40 53
80 321
27 55
44 56
106 9
68 -250
16 -327
22 -82
10 -136
-94 -265
-50 -97
-37 34
-83 287
-23 -10
0 -237
-60 -125
-63 -37
-73 -76
-97 -82
-89 -323
-12 -81
44 -1
49 17
48 27
85 17
33 -87
72 117
113 59
86 -73
-27 -154
-130 -276
-158 -243
-284 -517
-106 -52
-99 -207
-27 -168
35 -61
74 11
106 152
165 63
63 65
120 194
105 198
40 115
36 -13
17 -56
3 -62
28 -80
11 -134
-20 -60
-43 -51
-5 -60
28 -94
57 -129
49 -210
30 -67
-7 -107
-109 -216
-66 -179
-53 5
-28 136
-43 16
-7 -64
-33 -70
-177 -248
-6 -141
-79 -236
-153 -282
-40 -50
-102 -43
-41 24
-44 90
-37 -46
10 -96
36 -81
73 -131
135 -63
68 -42
35 -89
35 -167
-37 -264
-60 -36
-13 -63
44 -103
-33 -165
17 -58
-63 -216
28 -241
-25 -183
-25 -10
-34 54
-76 208
-32 195
-62 90
-169 82
-20 -43
72 -152
51 -190
75 -157
-10 -179
-113 -91
-3 -131
29 -61
-9 -131
7 -218
-63 -76
-159 -13
-59 29
-48 100
-50 81
-14 -4
21 -252
-171 -289
-30 -91
-8 -53
23 -10
180 233
81 61
60 -5
191 54
54 -32
23 -31
-18 -101
-30 -77
-14 -77
-58 -108
-103 -96
-218 -128
-80 -95
80 -2
109 56
169 26
23 -35
-57 -490
-88 -159
-36 -27
-36 -4
-27 -16
-38 -108
-6 -116
3 -93
-29 -60
-57 10
-56 126
-42 166
-22 -57
8 -213
43 -163
75 -104
35 -86
-4 -33
-38 -72
-108 -109
-92 -4
-52 42
-25 -16
-56 -396
-99 -159
-122 -56
-80 -99
-106 -260
-8 -246
-59 -233
-33 -72
-60 -66
-42 11
-25 60
-7 617
23 224
-8 54
-13 22
-14 69
-21 -18
0 -74
-16 -143
-42 -242
-13 -143
0 -86
51 -246
-16 -231
-73 -184
-36 -29
-136 85
-43 59
-10 73
-30 -20
-26 -63
-35 -50
-120 53
6 -51
140 -140
173 -56
18 -27
11 -30
-47 -157
-18 -194
-61 -170
-34 -171
-33 -23
-32 64
-16 249
-40 15
-22 -114
-6 -106
41 -127
12 -140
-17 -86
-147 -249
-59 22
-75 -40
-12 74
20 186
82 263
-31 42
-26 -62
-53 -65
-53 30
-58 105
-29 133
28 174
-22 31
-77 -116
-95 18
3 -41
99 -88
23 -56
9 -120
72 -168
19 -159
-75 -207
-113 -176
-46 -42
-42 -89
-27 -6
-15 37
11 103
1 242
-11 476
-10 135
-45 -19
-8 -640
-20 -175
-31 -128
16 -133
-48 -134
8 -97
-46 -87
-108 -142
-4 -72
-23 -81
-31 -75
-55 52
-33 213
-25 42
-12 -171
13 -167
-53 -101
-26 -70
-14 -138
-61 -101
-104 -19
2 -87
-108 -37
-200 51
6 233
16 64
-1 83
22 182
46 292
-22 61
-51 -118
-26 -156
-41 -86
3 -287
-83 -603
-31 11
-50 181
-63 57
-14 -50
11 -166
-51 -128
-96 -61
-176 -283
-62 -72
-82 -67
-124 -84
-83 12
-34 66
11 63
-15 71
-48 30
-9 54
11 94
71 203
51 105
22 96
-125 -178
-115 -230
-13 -201
59 -80
34 -67
-203 -671
-70 -139
-77 -46
-74 -7
18 95
45 170
-4 71
-70 -109
-58 -193
-7 -106
-64 -135
-37 -158
-84 -98
-76 -268
-238 -330
-97 -226
-101 -71
-64 -75
-53 -156
-70 -93
-89 -48
-27 28
18 62
3 110
-83 65
-41 61
-54 31
-9 131
58 284
199 596
75 112
57 -80
19 -53
67 161
43 139
18 93
-24 122
-22 29
-55 -163
-49 -119
-21 38
-2 94
-38 40
-33 23
-41 -145
-45 -108
-21 -165
-47 -174
-26 -54
-67 -51
-22 33
-75 53
3 -56
-17 -113
22 -251
-14 -151
-22 -108
-42 -60
4 -42
84 -43
13 -44
32 -60
101 -135
-15 -95
-24 -81
-16 -197
-111 -168
4 -72
37 -8
66 82
28 -22
52 -294
-23 -168
-22 -98
-66 -178
-36 -37
-54 26
-21 93
2 114
-34 47
-50 -5
-29 -56
-26 -309
-50 -87
-75 -26
-80 77
-40 104
-161 270
-35 14
120 -312
30 -100
95 -110
22 -241
-9 -124
5 -82
-9 -82
-77 -183
-65 -381
-28 -68
-27 -12
-113 -146
-69 -47
-20 45
28 245
23 86
0 131
-40 166
59 638
-39 50
-11 -291
-49 -267
-26 -20
-36 9
-24 164
-22 -38
-16 -83
-5 -78
59 -208
25 -323
11 -216
-17 -127
-11 -179
1 -86
-27 -80
-64 -35
-38 -73
-35 -47
-40 18
9 126
32 195
20 235
-45 -72
-16 -40
-54 -371
-3 -126
26 -57
31 -46
9 -72
-31 -112
-6 -78
-68 -185
-72 -49
-32 -62
-55 -64
2 -64
35 -53
-29 -98
-133 -47
-70 64
-21 107
10 206
-23 191
-71 467
-1 265
36 286
-17 49
-63 -264
-19 -451
39 -223
70 -328
-12 -348
15 -132
-22 -55
-68 -20
-99 18
-66 69
-25 102
-77 69
-38 100
-20 71
-30 -81
2 -86
-23 -169
-56 -13
-127 32
-63 85
-80 218
-6 126
46 196
19 436
-33 300
21 110
90 50
45 57
-11 26
-50 -16
-22 47
-17 137
-29 149
5 231
15 102
33 22
70 -22
88 55
63 112
-16 10
-118 -106
-79 57
-11 200
-34 -59
-86 -505
-76 7
-49 31
-13 -39
41 -58
62 -9
46 -69
40 -125
-5 -168
-53 -192
-3 -125
36 -309
-61 -479
-9 -217
7 -96
17 -97
-33 -86
-102 16
-77 -14
-151 38
-72 67
-66 128
47 203
77 142
-6 59
-63 -102
-140 -378
-39 -31
-138 47
-102 102
-52 131
4 157
-4 84
-31 31
-53 -194
-3 -119
19 -111
2 -59
-42 -32
-67 46
-72 -33
-73 -68
-102 -14
-64 6
-29 35
3 40
50 48
18 30
50 89
66 142
82 62
102 142
16 102
44 76
81 27
55 63
84 135
56 51
73 194
82 459
11 190
-34 -46
-24 -163
-36 -67
-51 -59
-214 -134
61 -1
147 48
47 -56
-55 -169
-120 -208
-68 -36
-33 7
-49 -42
-52 -74
-118 -212
-50 -54
-55 33
-13 71
18 133
3 92
16 153
-14 5
-73 -226
-11 -124
-73 -95
26 -193
26 -49
0 -58
-57 -68
-13 -99
-79 -63
-110 -57
-228 -53
-63 41
3 189
38 106
87 96
19 93
20 61
23 127
61 172
76 142
45 120
26 125
-14 11
-41 -109
-68 -107
-70 -148
-69 -99
-65 -15
-48 32
-51 -20
-37 -60
-38 0
-72 128
-36 82
64 222
-15 42
-56 -149
-70 -77
-5 -38
89 -245
54 -242
-38 -56
-152 -34
-96 -5
-107 69
-96 121
-92 270
-57 78
-107 334
-9 103
7 126
-3 42
-29 17
-10 15
-48 -86
-53 -51
-26 36
-29 140
14 36
50 4
23 32
-4 74
-8 35
-22 -17
-19 -5
-31 13
-47 102
24 189
-27 272
59 410
67 161
-2 129
79 146
77 209
269 407
105 250
37 16
27 45
9 84
58 73
51 -86
76 241
13 67
25 39
39 39
58 -69
45 -70
5 78
-91 165
-69 43
10 117
61 123
-20 96
30 26
23 38
218 188
97 24
67 -9
12 -39
63 -9
23 96
45 76
109 -36
69 61
-85 9
-78 30
-174 -3
-39 14
-93 98
-112 91
-13 111
-7 54
-22 92
1 41
-38 234
-39 20
-29 2
50 -93
-9 -99
-32 -29
-57 -20
-66 22
-57 39
-186 16
-204 48
-52 -20
-55 -4
11 82
-40 102
-222 17
-117 100
-28 154
-209 26
-46 6
-39 144
-66 6
-91 32
-96 45
21 91
-220 99
-321 269
-83 152
-160 145
-14 75
-31 91
-102 36
-64 -63
4 -84
-15 -117
-57 35
-37 51
-83 60
-22 -49
-7 -47
58 -199
-2 -36
-45 50
-108 72
-256 242
-76 107
-58 32
-54 4
-81 -15
-80 -24
-51 2
-71 -55
-65 435
83 485
-37 274
5 94
131 168
108 -66
93 -73
104 12
55 47
89 140
37 71
35 86
-29 97
13 99
101 -41
28 68
10 269
-21 276
32 183
3 117
-22 95
-39 105
42 93
56 77
278 154
89 66
119 132
100 59
118 50
141 70
74 -21
46 -28
77 -3
165 155
71 21
67 -48
74 -20
119 2
51 -31
101 42
5 98
243 5
53 70
89 -53
131 -65
26 172
33 100
92 -136
15 -105
13 -205
-11 -87
26 -73
9 -104
27 102
-13 323
3 339
57 125
70 245
77 109
58 213
49 95
-10 64
48 146
59 123
47 187
23 37
48 51
110 41
2 85
35 119
67 -58
14 -51
-11 -50
-28 -63
6 -60
-8 -65
-36 -60
-15 -78
13 -153
30 -16
71 200
-9 53
17 59
39 62
13 64
76 176
35 62
56 79
76 177
24 75
71 19
114 -57
38 -49
46 -31
53 -66
40 -186
34 -66
101 23
83 -158
25 -150
46 -88
103 -151
79 -55
-10 -84
-41 -130
-4 -81
50 -30
43 -38
15 -38
-1 -98
-1 -97
60 -109
62 10
49 18
140 -76
34 10
161 -27
102 -6
29 -16
34 36
46 -22
24 -40
76 26
47 -17
71 -16
80 85
69 -20
-33 139
-8 130
57 -48
41 -19
84 -23
100 37
57 35
143 63
46 53
21 71
31 -99
71 -106
92 -56
36 5
45 32
-25 99
-32 62
0 75
50 72
2 116
75 113
23 90
25 -30
15 -77
18 -27
21 38
41 33
65 -41
45 -37
42 -16
14 27
-53 44
2 143
-24 -16
-21 -4
-2 96
23 45
37 33
47 215
32 20
31 4
30 15
7 -189
36 31
6 64
26 123
62 47
52 28
-1 61
21 93
-1 59
10 40
17 -9
14 -58
19 25
-19 217
109 202
82 52
48 66
-53 141
36 -4
49 11
-22 88
-29 66
5 66
75 60
73 132
51 291
61 166
51 83
52 224
42 85
310 255
121 238
81 209
36 29
47 26
81 -126
85 -62
96 -53
49 -74
35 -67
68 58
64 98
72 131
113 149
35 7
46 -35
38 -40
38 -68
34 -28
4 37
-66 120
6 42
38 4
18 -17
14 -51
28 -22
28 10
21 33
-5 115
21 199
13 33
33 37
38 -47
24 17
-2 167
23 61
17 -15
14 -37
27 -10
-13 168
24 13
103 8
26 13
40 48
52 30
19 35
-9 64
-59 74
13 81
64 127
-85 172
-51 183
15 53
36 66
18 197
1 174
24 99
-47 200
23 264
7 83
-32 166
42 129
36 59
1 36
-27 -5
-75 -41
-86 93
-15 89
4 75
-114 403
-67 106
-126 -40
-110 -10
-100 -42
-44 84
-34 22
-56 11
-25 -102
-33 -43
-35 53
-56 7
-7 -74
22 -80
9 -192
-32 -194
-46 -90
-5 -100
-62 -28
-59 -89
-165 -163
-129 -256
-112 -97
-16 -64
-124 -208
-93 -54
-7 -105
-138 -245
-31 -115
-43 -120
-139 -258
-35 -224
-68 -4
-89 -130
13 -79
-31 -6
-31 33
13 -73
-17 -30
-61 43
-31 30
-36 4
-66 -200
-34 -224
28 -96
-34 -255
-48 4
-42 20
-75 82
-6 -177
-83 -16
-159 -262
-51 -52
-51 -26
-66 -14
-108 38
-101 24
-71 157
-66 20
-53 11
-111 -52
-123 -46
-75 129
-103 86
-109 75
-36 6
-75 54
-14 -8
-10 -6
-1 -70
-15 -24
-29 29
-13 25
-26 13
0 -58
-29 -5
-44 19
-130 -8
-110 -34
-44 -28
-68 -73
-92 -17
-117 18
-83 25
-70 8
-60 -1
-41 25
-26 92
-39 85
52 114
11 78
-89 49
-5 80
-99 324
-24 263
8 39
-4 25
-22 -9
-78 -64
-18 5
-7 71
-28 2
-22 -26
-7 -51
2 -43
-44 -27
-10 28
-57 -32
-18 0
-43 24
-1 183
10 51
19 53
20 43
24 26
86 25
29 23
-6 45
-111 82
-52 86
-6 68
-19 50
-50 -10
-59 -72
-44 -106
-43 -46
-10 57
29 160
81 146
60 137
-18 129
-2 129
43 303
33 318
-21 103
25 72
68 82
44 249
-1 109
37 198
54 112
13 188
41 92
31 108
-66 59
1 43
47 88
32 100
-5 90
30 4
53 -34
49 -50
1 80
-68 169
17 173
43 78
85 40
73 73
3 37
-32 -4
-50 -51
-74 -31
-59 15
25 72
17 114
16 230
54 125
18 129
-4 37
-74 220
26 63
8 144
34 93
3 36
35 381
106 334
-24 65
-42 73
-68 -11
-51 -18
48 -130
-57 30
-108 121
-43 170
-141 256
-15 301
26 199
-7 152
-74 151
-95 105
-23 83
-46 113
-53 -16
-30 -34
82 -453
44 -523
-39 -68
-59 -66
-47 -31
-26 -35
-17 -80
-5 -119
11 -144
32 -86
-36 -64
-80 -30
-41 -89
32 -123
62 -81
-5 -73
-57 -44
-78 32
-93 18
-70 -52
-14 -10
-56 -109
36 -557
1 -361
21 -123
82 -227
0 -164
81 -667
-7 -178
11 -107
-41 -2
-39 14
-38 -77
1 -566
-66 -294
17 -204
-97 -205
-4 -121
-80 29
-17 -300
-33 -142
-46 -147
-88 23
-38 -37
-38 -12
-33 47
-39 -25
-39 -58
-101 65
-30 7
-8 30
5 147
-33 -34
-38 -116
-57 -22
-83 54
-70 129
-73 14
-72 62
-54 243
-41 104
24 121
38 51
53 50
5 55
-32 137
-49 21
-22 -14
-21 -48
-156 -24
-196 -132
-39 -9
-87 -21
-139 61
-320 40
-75 -20
-78 -102
-106 -227
-58 -123
-37 -283
119 -361
234 -150
68 -99
203 -389
56 -32
73 -62
-57 -324
-69 -289
-27 -213
-249 -270
-86 -38
-105 -16
-113 -54
-85 -94
-109 -186
-187 -40
-378 -16
-189 31
-47 8
-210 8
-195 109
-163 67
-111 -37
-73 35
-163 -13
-173 -34
-32 -193
6 -108
38 -114
9 -96
26 -83
202 264
166 173
138 72
80 12
49 -1
-34 -27
-106 -30
-75 -44
-115 -114
-55 -54
-129 -167
-108 -159
-44 -123
5 -289
-35 -133
-91 -22
-80 -9
-116 -85
-89 -101
-86 -154
-24 -44
-49 -153
-37 -431
21 -140
61 -166
82 -83
232 -151
-3 66
-77 176
-32 122
52 -41
84 -224
69 -212
-2 -237
-19 -243
-87 -581
-78 -255
-56 -122
-42 -325
-117 -184
-75 -84
-29 -53
-43 -53
-24 -143
-12 -143
-114 -612
-122 -572
-93 -332
7 -135
18 -38
85 -172
92 -211
-34 -8
-33 7
-24 45
-39 50
-58 -20
-60 24
-16 122
11 124
-15 179
-36 207
-69 7
-47 -13
-31 20
-37 11
33 -95
60 -238
35 -225
34 -75
52 -84
166 -44
134 -98
-12 -276
142 -301
128 -118
12 -131
23 -119
21 -204
-120 -196
-63 -83
-58 -127
-58 -58
-23 -315
-31 -95
-149 -240
-20 -61
64 -296
-14 -186
15 -63
65 -44
106 198
100 55
98 -51
-3 -57
-60 -224
122 -372
-29 -148
41 -41
38 -28
-16 -274
43 72
66 88
93 -7
64 -68
43 -62
26 -146
121 -41
40 27
32 -44
23 -43
18 -73
-1 -118
76 51
89 138
61 28
78 -31
70 -14
79 -35
64 70
51 112
43 37
57 89
28 100
25 25
52 -62
30 -58
33 113
-2 90
-20 52
11 24
140 44
208 92
39 55
24 53
-76 112
2 82
40 132
54 103
63 38
84 32
50 -43
29 -37
-1 -356
34 -106
66 -101
160 14
42 -10
176 9
22 42
151 99
71 87
136 -6
70 19
113 -92
53 15
34 21
88 129
-2 -77
-118 -274
-36 -297
-103 -147
-246 -261
-58 -120
-27 -135
8 -263
-4 -84
-41 -140
1 -193
-127 -192
-132 -143
-37 -18
-61 2
-42 79
-47 121
45 135
15 169
162 104
129 117
28 117
-32 145
-204 -45
-106 -14
48 -56
44 -73
-19 -72
-40 -107
-108 -152
-83 -18
-48 -46
19 -64
45 -55
5 -80
52 -192
1 -49
-11 -68
-286 -34
-181 -9
-158 81
-81 -21
-301 -49
-90 213
-92 271
-89 35
-173 19
-22 -97
-88 65
-60 23
-194 21
-96 108
-102 91
-56 76
-70 -5
-40 -121
-30 -183
-44 -22
-59 19
0 91
18 44
-13 72
-39 55
-261 -3
-35 16
-39 58
-25 92
-10 146
-32 96
-259 319
-45 153
11 -111
34 -88
213 -263
43 -116
-20 -308
39 -279
-37 -43
-57 -48
-110 -22
-114 32
-163 -43
120 -2
38 -42
54 -117
-22 -32
-73 -23
-66 -34
-13 -44
36 -93
75 59
148 -158
6 -380
-16 -344
-26 -79
-98 -99
-79 -33
-102 -21
-49 99
-45 45
19 -139
26 -90
48 -56
66 -96
-7 -252
-19 -211
-8 -291
-32 -188
-106 -342
-55 -86
-118 -88
-135 -297
-53 -173
20 -49
13 -70
-69 -56
-62 -35
-367 -116
-134 -79
-112 -107
-138 -167
-47 -77
-18 -47
-66 -59
-80 -47
-37 -32
-138 188
-40 23
-23 25
-14 -178
-45 75
-32 95
-15 64
-32 35
-15 -68
-1 -65
118 -255
22 -142
-7 -195
-12 -49
-36 -51
-55 72
-32 66
-4 107
-41 128
34 185
-41 132
-16 87
-25 -114
35 -101
-42 -128
15 -166
30 -128
-5 -163
-16 -76
-26 -125
-87 -265
-168 -435
-30 -79
-76 -534
-55 -144
-51 -96
-66 -62
-80 -31
-445 -27
-42 41
-21 -45
-26 -34
-116 -107
-91 -161
-88 -322
-47 -308
-160 -429
-101 -60
-44 -18
-50 20
-45 149
10 161
-25 -22
-46 -281
-72 -147
-33 -152
58 -358
5 -245
33 -193
-5 -180
57 -56
50 -37
103 -33
82 6
27 -107
-39 -222
13 -117
3 -151
-53 -19
-36 5
-105 57
-177 123
-111 107
-396 18
-108 85
-45 104
-12 -62
-10 -387
38 -27
28 -54
-62 -67
-53 -31
63 -75
3 -367
-111 -246
64 -101
190 -210
50 -228
-28 -240
-47 -75
-56 -169
-15 -141
13 -203
-88 -472
-80 -190
-90 -41
-40 13
-47 30
-5 134
14 60
-4 132
-11 29
-10 62
-43 61
-11 -162
6 -95
11 -33
-20 -46
-43 33
-17 32
-12 77
-48 106
-41 -49
-32 -134
-11 -117
-46 -50
-71 251
-92 53
-54 63
-13 86
38 155
-10 170
-85 393
-42 64
9 48
-7 67
-28 64
9 43
1 63
-74 95
-20 100
13 105
12 72
-24 54
-65 -64
-23 27
12 104
1 112
-15 71
-41 55
-58 -48
-31 -54
-70 27
-21 69
-12 81
32 378
-95 232
9 -78
36 -101
13 -106
-11 -80
-39 -41
-61 -48
-37 53
-14 62
-74 63
-117 -71
-56 -2
-55 33
-125 138
-170 134
-165 395
-23 79
-2 74
-14 93
-58 14
-48 -4
-280 32
-119 38
-33 24
-32 10
28 -82
2 -96
-57 14
-28 26
-148 289
-70 90
-83 58
-295 92
-39 59
-50 34
46 -86
46 -57
221 -76
67 -59
76 -116
75 -139
-189 -68
-182 -40
-494 -56
20 25
39 20
38 47
-74 76
-28 -94
-102 -75
-540 -100
-456 -139
-126 -146
-31 -163
-6 -35
-56 -162
-23 -206
6 -140
85 -270
41 -268
-14 -73
-68 -98
80 -372
59 -106
8 -81
-41 -169
21 -115
-36 -126
-48 -298
1 -210
86 -582
51 -211
29 -350
63 -181
-50 -233
9 -144
-25 -252
13 -141
-6 -284
-32 -160
41 -201
101 -137
44 -105
-13 -91
38 -103
-58 -155
-13 -152
-65 -132
-49 -120
-40 -32
-43 37
-58 3
-42 -106
-11 -67
-49 -115
-20 -129
17 -208
-95 -151
-25 -71
-40 -82
-138 -58
-59 1
-66 56
-46 52
-51 85
-15 115
-32 -10
-105 -98
-68 2
-8 45
54 176
-40 12
-38 -10
-92 -2
-35 36
-23 46
-54 -39
-24 -41
-49 -6
2 87
-13 38
-63 -81
-106 -115
-158 9
-20 26
14 75
-109 -101
-67 -10
-60 42
-7 91
-46 -56
-92 5
-275 68
-131 63
-68 15
-57 4
-112 -18
-164 -11
-102 -47
-45 -40
-347 -101
-80 -14
-27 36
-36 13
-295 -166
-278 -144
-117 -103
-35 -69
-53 -55
-54 18
-36 4
-136 -61
-152 -17
-107 -44
-54 -5
-68 6
-23 64
-10 53
15 105
30 116
92 45
181 137
50 87
12 75
-80 -146
-95 -62
-100 23
-56 -44
-50 -72
-9 -85
-31 -72
-118 47
-91 -10
-10 26
17 91
57 181
-2 53
8 63
-36 65
-58 66
23 -213
-147 70
-116 9
-225 -77
-87 56
-139 31
-141 -27
-161 5
-265 -112
-134 -72
-16 63
60 87
-1 109
46 141
-21 114
-23 347
-72 197
1 106
162 340
11 88
30 231
-11 200
17 46
64 65
-30 5
-55 -26
-239 393
-123 96
76 75
6 104
-15 -42
-51 -69
-119 -84
-92 28
-40 115
-32 11
-38 -8
-101 40
-92 56
-146 129
-6 80
-94 153
-62 183
13 74
35 89
77 18
8 37
-25 25
1 21
101 31
138 99
50 60
78 236
4 261
123 172
71 67
18 68
38 539
-16 249
-32 148
48 172
2 110
-15 247
-28 114
33 117
58 75
25 143
-11 147
-75 118
32 76
169 173
287 141
154 157
174 313
10 390
10 116
15 50
35 50
81 -101
58 8
80 62
36 11
106 59
160 36
51 96
114 30
119 140
150 328
111 189
62 66
66 -47
66 -189
78 -100
94 -71
354 -124
103 2
356 252
138 118
93 115
212 206
296 232
7 31
-9 33
17 61
56 138
36 32
82 -95
19 -81
69 102
170 216
36 173
98 361
91 516
34 63
146 165
300 694
94 142
83 101
138 -10
29 -13
25 -50
26 -25
94 16
4 53
29 88
55 -19
24 -48
63 -29
30 -13
130 -107
247 -48
77 9
166 111
112 96
269 526
54 77
47 49
30 142
-11 22
-19 38
-59 50
-24 61
-24 152
-9 34
-60 219
-14 83
6 77
22 -2
4 21
-11 36
18 30
15 38
0 64
18 84
-39 1
-39 12
-18 47
3 80
-7 120
-116 87
-51 265
-80 137
3 222
-29 85
67 189
30 189
30 76
63 87
73 30
39 30
64 148
221 316
37 81
36 116
18 61
17 54
36 240
74 272
42 77
218 210
209 260
76 214
-14 164
-85 266
-4 93
-218 442
-81 317
-72 140
-96 58
-339 75
-142 127
-167 73
-64 11
-75 -15
-97 -2
-14 75
3 55
-21 63
-36 29
-55 28
-41 38
-65 135
-204 230
-78 17
-13 -43
-27 -39
-27 38
3 48
23 61
7 46
-60 202
-75 139
-206 170
-141 268
-128 131
-343 425
-61 218
-108 175
-35 17
-22 48
34 94
11 64
-10 115
-47 193
22 115
-18 63
-106 127
-260 188
-58 -4
-18 32
33 26
-6 45
-8 162
-54 119
-30 33
-130 -121
1 43
33 76
-7 98
19 54
23 155
-38 74
-74 67
-87 41
-92 38
-67 -57
-45 -2
-26 24
-169 344
-18 96
1 194
-63 108
-120 71
-243 90
-273 170
-215 47
-115 36
-83 103
-182 -13
-23 -131
-23 -94
-41 -45
-58 -48
-131 26
-180 -83
-41 -122
-87 -57
-141 3
-95 79
3 332
77 53
67 34
164 138
159 264
85 28
221 -15
85 58
90 138
50 196
-21 148
79 76
139 -52
244 -8
101 -116
96 -175
61 -226
109 -76
112 8
277 140
189 137
132 121
55 103
-10 149
-17 35
-48 34
-39 9
-59 138
-25 80
-35 389
-343 213
-84 141
-32 125
83 49
83 30
118 63
116 -25
150 -133
194 -292
90 -81
186 -481
134 -199
87 -172
170 -551
203 -539
77 -113
109 14
80 120
57 117
56 38
82 -24
32 -103
11 -98
-26 -559
21 -236
119 -303
191 -325
262 -358
184 -173
162 -85
328 -120
210 -112
181 -129
41 -56
74 -213
235 -388
74 -216
139 -204
90 -91
205 -91
294 -57
109 31
1 40
-35 65
47 80
54 34
69 25
72 -131
168 -106
34 -60
127 23
77 25
46 80
54 138
-1 44
-77 -104
-6 66
35 114
47 149
67 142
27 127
60 90
49 37
24 49
-61 259
61 93
0 70
-144 155
-39 -63
-52 -83
-19 -59
-35 -61
-251 86
-68 10
-55 16
-116 113
-155 119
-8 39
7 66
91 76
71 49
162 145
123 33
55 44
4 73
-44 164
-75 82
-142 223
-110 52
-153 -22
-111 10
-104 86
-220 289
-55 111
-56 90
17 -101
0 -86
-18 -53
2 -46
-16 -62
-85 63
-263 313
-98 157
-75 165
-79 121
-50 7
-38 -6
-49 43
-14 60
0 85
25 138
12 125
-79 206
-72 303
-181 226
-96 201
-153 207
-24 48
-41 83
-46 56
175 -504
0 -94
-11 -81
-47 213
-131 327
-40 239
-163 337
-106 172
-95 184
-4 37
15 38
-1 54
-20 -13
-25 -14
-20 14
-129 261
-189 228
-111 64
-80 156
-13 126
-68 110
-148 -2
-43 -30
-34 -49
-138 -56
-104 12
-85 27
-130 -24
-173 5
-142 -77
-127 -46
-42 7
-152 94
-65 20
-29 -18
18 -46
15 -36
-2 -37
-59 38
-63 38
-75 87
-166 367
-172 113
-71 31
-92 5
-68 98
-95 92
-219 110
-72 167
-107 104
-81 119
-32 22
-26 67
28 143
-11 111
6 35
-2 49
-51 27
-57 7
-26 -40
-11 -38
56 -181
-13 -116
-54 -8
-66 8
-32 96
-122 119
-151 68
-118 53
-39 70
28 120
50 27
63 1
-12 24
-67 35
-87 83
13 95
20 82
1 67
12 88
45 160
-59 262
4 93
29 65
53 37
-94 161
-55 171
-28 30
-27 50
-33 99
14 62
-14 39
-6 60
-20 55
-42 34
-38 -30
-23 -31
2 -167
-24 -62
-44 24
-49 3
10 -74
13 -46
66 -88
66 -156
76 -312
132 -291
7 -128
-54 -77
-99 -90
-10 -109
40 -98
-8 -47
-170 -96
-108 -163
-27 -20
-38 13
-25 67
-54 83
-106 41
-29 87
-99 155
-154 108
-78 13
-109 -113
-119 4
-218 155
-126 154
67 42
88 6
98 16
27 56
12 68
-65 54
-61 31
-20 66
-181 145
-56 5
-132 -6
-38 53
-29 61
121 0
212 119
14 109
-8 63
-99 52
-159 151
-41 78
-35 46
-4 53
100 -48
97 -71
130 33
79 -14
162 -65
275 -144
102 -86
149 -40
43 50
-53 76
-15 90
-35 74
-41 81
-77 4
-30 62
15 41
28 50
63 236
24 2
33 -33
45 -49
38 -13
18 -48
-3 -85
25 -65
96 -51
79 0
58 -61
25 -50
25 11
10 40
46 107
33 226
43 82
-2 35
-22 43
-127 153
-106 144
-101 95
1 48
32 35
65 7
43 -1
137 -28
185 -8
87 -20
48 -38
50 -131
27 -152
137 -114
37 -201
135 -116
7 -115
74 -118
58 -246
49 -86
2 -54
16 -65
24 28
8 80
3 126
46 127
90 137
-7 -101
81 -27
58 -53
89 -47
47 82
25 72
-73 169
-48 7
-77 -50
-32 36
3 63
71 110
114 -40
69 -55
134 -130
72 -124
65 -60
172 -83
236 -244
82 -23
157 36
91 38
62 -18
67 4
40 113
43 69
12 111
-67 -29
-33 -42
-91 45
-96 202
-88 214
-126 16
-100 68
-66 231
10 31
25 16
115 -207
41 -34
107 -47
42 40
-40 239
-202 170
-56 112
28 35
31 19
90 -34
40 -49
50 -95
81 -102
44 7
38 95
-9 90
-55 143
-24 103
-65 73
-67 111
94 -51
86 -79
81 -182
-3 -99
13 -65
63 -35
62 47
84 -100
49 -36
71 20
0 183
-24 136
62 152
127 150
35 93
-12 80
-67 122
-11 114
110 212
27 99
-62 146
10 75
-55 172
-44 359
-75 155
-42 28
-44 29
-72 37
7 119
-12 137
19 217
2 214
-83 -72
-99 -273
-55 -92
-75 -101
-67 -2
-46 8
-60 -34
-67 -23
22 69
26 58
138 138
237 304
66 203
123 283
153 172
133 69
40 248
-22 178
70 161
20 86
-10 123
-97 485
34 176
53 40
79 36
90 25
18 -110
218 -601
88 -148
175 -148
126 -63
114 27
78 -31
161 -162
142 -113
51 -68
67 -155
239 269
10 64
33 71
271 7
165 33
45 50
37 56
128 99
31 186
-38 145
112 97
241 23
55 6
187 68
312 -14
78 54
132 153
69 36
-10 -81
37 7
35 32
79 3
34 21
60 56
109 -34
47 39
27 50
-18 114
-49 -47
-55 21
-72 12
-41 -33
85 510
72 47
65 30
172 44
41 10
67 17
83 21
198 -57
59 -69
83 1
39 26
33 57
-23 136
20 81
46 105
52 177
17 35
223 274
15 19
162 145
37 15
62 50
107 51
79 23
72 341
-12 183
17 83
109 94
39 66
-112 -31
-23 125
-10 123
18 93
72 29
204 11
77 -47
84 -29
126 -78
-56 79
-62 27
-113 75
-127 24
-71 -19
-75 29
-67 70
-45 83
-32 227
51 224
-24 -25
-74 -134
-43 -58
34 -230
13 -253
33 -162
-1 -161
-44 69
-38 90
-10 142
-32 152
-43 5
-23 -21
-15 -76
-3 -73
-21 -63
-43 51
5 94
-26 111
-131 294
-46 147
47 320
-7 145
52 260
-50 61
-68 167
21 69
17 95
-63 43
-86 28
-109 -199
-73 -186
-16 -138
-156 -314
-189 -320
-54 44
-22 59
31 162
-11 146
-153 268
-24 75
17 130
-90 163
-117 46
-73 11
-227 -82
-62 -39
-22 -28
-43 -12
-121 205
-34 100
-11 154
36 164
114 208
184 188
85 247
17 171
-21 200
93 67
82 203
120 115
21 97
-17 108
-31 81
-31 45
-35 66
26 185
-5 175
39 163
88 35
79 23
72 63
90 61
39 -148
24 -137
-4 -119
-29 -94
-52 -64
30 -180
-13 -82
-78 -193
5 -100
38 -84
93 -114
254 -237
178 -116
108 -50
87 -13
116 6
52 120
25 94
174 166
-70 62
-57 -1
-35 -11
-47 -62
-126 -203
-2 40
22 77
43 72
35 53
177 143
243 427
43 198
-21 170
13 84
74 153
30 127
1 130
-50 106
111 137
51 116
41 171
0 121
158 203
21 286
-16 349
11 36
85 271
63 92
23 185
-26 -26
-24 -92
-62 -92
-6 116
32 260
96 96
-3 172
-69 49
-94 48
-35 -4
-27 -18
-21 -144
-117 -326
-33 -170
-60 -192
-81 49
-68 13
14 -158
23 -113
-10 -71
-73 -191
16 -101
2 -100
-104 43
-126 104
-23 64
11 100
-152 237
-151 177
-11 -92
15 -88
0 -128
-92 -51
-68 -53
35 -10
47 4
31 -60
-46 -81
-202 -92
-146 -172
-89 -57
-65 -2
-14 24
2 38
-58 1
-53 -26
-66 -383
-39 -50
31 -110
81 -126
43 -112
-17 -72
-38 -74
-24 42
-8 49
-50 130
-38 -68
-67 -254
-34 9
-25 23
-56 293
-98 261
-67 79
-117 68
-53 59
-40 84
-24 77
-10 133
38 146
-279 330
-46 131
-56 324
-30 81
-391 612
-169 188
-255 357
-53 104
-108 213
-166 271
-25 62
-58 313
-132 225
-103 67
-90 290
-79 70
-261 89
-251 85
-177 100
-85 -2
-68 -2
-112 -57
-188 -192
-93 -96
-163 -330
-49 -125
-22 -139
-83 -132
-146 -423
-18 -137
34 -128
-11 -89
17 -103
123 -382
-88 -574
-81 -295
-12 -176
77 -471
77 -144
35 -335
70 -365
91 -74
88 -214
-10 -131
-26 -60
-65 -77
13 -105
61 -127
91 -99
256 -127
22 -74
9 -58
-80 -362
95 -260
65 -89
97 -87
66 -8
33 27
38 14
35 -149
-106 -256
7 -557
54 -812
-13 -96
-113 -338
-86 -405
-76 -236
-141 -220
-269 -628
-162 -111
-50 -92
-23 -445
112 -465
-46 -426
77 -597
-7 -174
-44 -54
-75 -27
-94 -21
-45 36
-25 32
-91 146
-38 105
-49 436
0 48
-22 -4
-30 -337
-59 -454
-18 -96
-97 -170
-31 53
-21 54
-15 79
-43 81
-34 -48
1 -268
-15 -109
27 -341
-33 -326
10 -34
55 35
32 31
22 -5
24 -115
-3 -106
-29 -37
-99 117
-31 -60
-22 -61
-9 -252
56 -143
39 -19
41 -29
-4 -163
-56 -110
4 -274
-203 -263
-172 -162
-35 -132
-117 -31
-216 5
-88 -54
-48 -5
-54 17
17 238
37 133
42 343
-13 72
-33 12
-98 -98
-79 -102
-48 -29
-31 37
-145 135
-59 -5
-43 -41
-53 7
-38 51
11 54
-15 50
-32 44
-111 -105
-40 -119
-26 -26
-50 24
-34 7
-68 43
-76 69
-34 63
4 174
-36 -45
-43 -238
15 -91
31 -43
-14 -31
-69 -22
16 -33
67 -46
68 15
70 -23
72 -73
12 -73
-17 -63
-62 -6
-121 58
-73 -14
2 -72
-93 -53
-35 42
-28 95
-52 97
-13 57
27 39
22 62
-60 124
-83 72
8 65
-76 215
-8 73
-97 23
-157 -31
-37 -146
-30 -10
-54 80
-113 56
-102 15
-40 71
-8 86
-34 25
-58 119
-85 15
-42 -167
5 -68
-48 -50
-102 13
5 48
38 38
-13 319
22 466
0 108
-33 -18
-76 -141
-88 -78
-23 -71
-22 -303
-28 -76
-13 -88
-34 -13
-28 86
-9 116
61 148
15 280
-81 -70
-36 5
12 93
40 84
126 108
-8 180
-103 234
-26 99
-1 79
41 74
-22 68
-55 20
-48 8
-70 50
-123 27
-73 81
-65 124
-102 341
11 100
81 294
58 149
-19 63
-45 92
27 59
40 38
141 22
75 52
271 24
69 62
-17 306
-27 291
-21 112
-188 425
-78 244
-86 109
-181 153
-84 94
-83 156
-65 261
60 134
7 171
50 342
-9 81
38 172
113 260
46 68
263 277
180 301
33 103
-18 107
-73 132
-91 233
-60 217
22 144
56 89
71 35
40 73
14 68
70 103
63 144
-59 86
-45 45
-64 8
-84 0
-136 -156
-117 -149
-96 -72
-151 76
-161 70
-81 -64
-68 -53
-277 -76
-151 138
-70 14
-51 2
-76 25
-164 -53
-111 -2
-97 11
-223 77
-82 2
-54 -57
-56 -117
-189 -156
-216 -36
-152 -101
-377 -175
-110 -85
-134 -47
-99 -49
-76 -46
-117 -32
-140 -71
-213 -84
-418 -118
-300 -126
-304 -194
-7 -7
-101 -90
-161 -189
-19 -22
-123 -273
-51 -236
1 -289
-46 -184
41 -37
42 -27
-57 -228
7 -48
-44 -169
-5 -82
32 -70
155 -209
39 -73
-1 -35
-47 27
-46 39
-82 -75
-26 -105
60 -36
68 -58
19 -106
53 -131
121 105
68 16
-138 184
-3 60
161 -172
39 -75
-15 -50
-70 -232
2 -83
130 -330
15 -111
-11 -31
-84 -21
-45 -29
-23 -161
-36 -141
13 -137
105 321
45 40
-94 -353
-15 -176
-55 -51
-46 -32
-40 -50
-59 -39
-2 -95
9 -79
-38 -119
-215 -338
-85 -163
-60 -150
-32 -119
-5 -88
27 -99
86 -166
107 -292
47 -547
98 -138
-3 -210
21 -80
165 -292
92 -479
42 -312
109 -564
-108 -511
21 -157
121 -75
57 -35
171 -90
71 -74
30 -72
32 -195
-19 -204
12 -350
28 -91
90 -141
32 -100
55 -512
117 -180
66 4
51 20
171 -39
68 -174
54 -163
53 -231
86 -182
38 -154
-9 -348
33 -118
-5 -85
-138 -211
-21 -106
-2 -257
-196 -441
-149 -250
-212 -250
-111 -90
-109 -58
-181 -47
-262 35
-145 59
-110 84
-105 37
-117 10
-115 -39
-163 -99
-313 -300
-74 -123
-126 -298
-22 -168
24 -188
126 -266
361 -480
75 -241
76 -119
153 -481
134 -567
12 -331
37 -328
97 -291
65 -126
105 -110
126 -100
177 -82
137 -51
189 -4
152 -92
79 -90
120 -664
39 -89
131 -187
29 -81
82 -321
7 -187
25 -112
91 -253
-18 -145
-96 -384
28 -327
30 -147
235 -467
25 -156
63 -152
43 -104
-16 -63
25 -104
15 -31
23 29
14 38
23 -13
60 -107
194 -65
63 -127
-92 -60
-15 -70
-5 -105
96 -19
79 9
-27 -259
66 -149
122 -146
206 -110
84 -9
72 25
68 53
66 82
199 335
133 156
206 175
150 90
206 164
95 -77
119 -11
98 -31
82 3
138 -220
28 -95
87 -98
145 -85
143 -29
80 11
68 38
97 116
73 156
250 169
98 90
33 70
93 -50
106 -23
-14 -103
-129 -185
-51 -195
-88 -53
-59 -106
49 -119
84 41
169 -145
172 7
45 -109
7 -99
-4 -112
-41 3
-31 17
-47 -66
76 -46
44 32
54 22
21 -79
10 -71
-145 -546
-39 -83
-158 -235
-61 -247
-27 -450
-54 -217
24 -118
120 -184
59 -176
33 -228
-123 34
-26 -95
-24 -215
84 -352
83 -89
-40 -159
-108 -79
-74 -184
-64 -340
-125 -300
-27 -130
29 -99
131 -201
54 -117
34 -120
0 -979
-101 -258
-11 -548
-45 -127
-138 -253
9 -250
-42 -368
-48 -718
-76 -285
-87 -181
-95 -276
-100 -203
-99 -160
-162 -104
-68 -96
-14 -141
44 -162
-1 -75
-194 -491
-89 -171
-83 -117
-132 -131
-61 -148
-120 -190
-89 -239
-9 -105
19 -202
19 -204
-10 -213
22 -94
-7 -109
45 -30
114 -56
28 -28
48 -4
44 -14
-90 -91
-78 -143
-27 -189
16 -196
52 -102
-35 -95
-2 -194
-82 -348
45 -298
75 -209
187 -268
147 -148
130 -85
112 0
46 60
27 -119
-68 -125
-33 -101
-13 -125
-30 -177
-105 -33
-905 -395
-643 -403
-164 -145
-139 -244
-190 -417
-266 -739
-122 -212
-65 -83
-267 -240
-348 -410
-86 -3
-245 -38
-155 -60
-375 -328
-286 -134
-355 -24
-223 1
-129 -43
-73 21
-42 81
-155 120
-95 29
-244 -43
-151 -76
-149 -110
-168 -157
-261 -191
-315 -285
-126 -188
-225 -407
-188 -218
-144 -131
-72 -123
-181 -433
-120 -483
-31 -325
-64 -155
-144 -92
-114 -135
-221 -80
-288 -154
-274 -86
-138 -80
-92 -120
-154 -256
-74 -216
-118 -144
-43 -102
-91 -57
-238 -52
-116 -79
-261 -105
-144 -88
-184 -48
-348 -13
-152 -48
-171 -135
-70 -150
-406 -397
-120 -192
-109 -121
-103 -54
-71 -28
58 68
72 58
42 53
-49 13
-43 -17
-197 -137
-128 -54
-197 -117
-130 -96
-66 40
-87 -32
-110 -102
-240 -55
-262 -155
-59 -170
-114 -109
-260 -138
-523 -79
-520 -89
-51 51
234 50
36 27
39 43
-29 52
-280 148
-172 105
-30 60
50 28
56 5
-20 51
-38 49
-236 96
-188 124
-87 -31
-140 8
-214 -50
-314 -162
40 140
-103 -66
-19 -104
-29 -39
-77 38
-131 170
-151 93
-285 63
-197 65
-298 38
-335 17
-342 -49
-353 -128
-267 -140
-324 -117
-148 -17
-167 -55
-449 1
-104 -36
-440 -272
-372 -304
-130 -265
-37 -124
-103 91
71 27
6 72
-28 85
-60 93
-158 89
-80 105
-195 93
-115 83
-89 6
2 50
30 75
5 49
-34 -22
-46 -94
-56 -33
-65 22
-69 97
-81 60
-103 26
-129 32
-105 89
-10 89
105 217
12 285
40 280
-17 132
-15 11
-9 -44
1 -147
-35 -186
-16 -182
-25 -172
-58 -30
-43 3
11 -87
-24 -141
33 -143
54 -42
78 -17
40 -54
-50 -81
-84 -75
-193 56
-84 6
-84 6
-97 -12
-181 10
-32 -19
-42 10
-43 24
18 43
19 28
63 35
30 40
-51 49
-39 94
-16 12
-28 -7
1 -38
23 -65
-45 -125
-34 -82
-53 -25
-73 39
-45 34
-151 275
39 125
-6 67
-31 -10
-62 -64
-92 -9
-74 54
-61 136
43 179
-22 39
-18 17
-133 -39
-24 123
55 168
100 138
26 78
-17 247
43 76
-1 34
-22 6
-33 -30
-7 -31
-36 -78
1 -205
-29 -51
-65 -33
-54 -2
-109 89
8 53
46 43
18 87
-25 108
-64 49
-17 -91
-8 -89
-74 -176
-89 -50
-20 30
11 50
-5 44
-18 7
-44 -47
-68 -6
-49 8
-65 76
9 54
-5 46
-125 -5
3 41
106 84
2 42
-131 -39
-71 51
-105 -8
-31 39
-1 37
142 50
23 38
-5 50
-31 61
-70 19
-121 64
-52 16
78 83
-32 7
-117 -27
-68 4
-302 183
-119 257
-2 84
14 41
-26 15
-67 8
-79 67
-82 135
-17 66
53 41
5 23
-77 -10
-75 41
-137 2
-103 -34
7 123
-123 132
-59 30
-47 10
-95 100
-48 27
-93 -34
-29 10
-62 21
-89 118
-17 95
-25 -12
-13 -136
-77 -19
-70 -2
-119 46
12 60
37 34
-11 135
41 49
-26 10
-48 -19
-56 -81
-101 -91
17 -73
42 -45
4 -58
-58 -12
-94 71
-121 53
-14 128
-56 64
-90 32
-198 44
-38 30
-28 69
-75 84
-15 128
52 60
0 30
-87 -30
-121 77
-103 -48
-56 -5
-44 139
-158 418
-95 196
-142 185
-40 40
-219 216
-131 287
-92 156
-155 63
-52 78
-47 111
-44 179
-89 142
-559 622
-278 279
-186 243
-465 873
-81 261
-142 338
-16 115
25 119
110 195
59 173
93 135
33 78
91 297
191 486
58 148
78 349
42 503
31 -43
-2 -161
-9 -102
41 33
18 53
-6 258
-56 54
-10 70
35 238
57 625
27 -25
5 -53
-26 -494
44 56
21 196
9 237
-17 136
-72 113
-90 523
30 36
174 74
19 38
-6 49
-145 -18
-45 105
-7 38
-20 7
-3 -68
19 -128
-33 -31
-25 132
-7 32
-36 117
-32 242
-85 324
-55 133
-110 176
-2 88
118 225
101 139
57 136
145 438
44 266
92 129
75 184
107 136
67 222
189 387
3 412
0 77
50 201
96 58
88 42
57 56
38 81
58 124
70 312
44 195
67 469
41 419
7 66
21 564
128 94
6 73
67 214
-14 35
-107 -206
-20 -56
-30 -39
-18 36
2 639
-62 305
-132 203
-191 227
-228 181
-31 51
-39 13
-86 6
-39 61
39 103
52 29
14 22
-60 -2
-25 25
2 68
-13 39
-37 -63
2 -105
-5 -73
-38 -17
-50 33
-82 154
72 164
-48 -18
-47 -31
-14 -62
-27 -71
-79 -4
-64 6
-21 18
-20 88
-27 -24
15 -49
-13 -20
-183 65
-107 45
-106 61
-86 34
-191 211
-68 107
-49 65
-48 106
-14 96
15 33
93 9
47 56
-60 4
-38 -19
-25 8
-5 36
29 162
-1 38
9 55
135 25
-21 22
-79 15
-36 16
2 82
2 42
29 103
96 -67
124 -1
59 -6
73 -18
0 20
-80 37
-122 14
-82 29
-50 55
6 90
117 142
102 9
70 -77
30 -10
-32 67
-72 63
-64 77
7 176
40 49
50 8
10 14
-94 35
-36 78
-3 157
33 228
3 264
98 35
251 -94
17 19
-99 89
-11 52
-68 37
-21 84
33 29
-3 12
-3 15
-146 -38
-34 7
-46 34
-10 82
34 34
121 -30
-25 48
-66 54
-7 45
6 49
-6 33
-19 29
-119 -15
-77 11
-68 18
-60 45
-138 23
-51 114
-43 135
-25 48
-33 14
-14 51
-4 63
21 37
58 39
65 -17
-5 28
-33 39
-1 49
50 70
-21 19
-48 -40
-43 -9
-85 96
-27 4
17 -112
-56 -35
-16 -37
-102 60
-84 26
12 124
-86 -94
-228 204
-70 39
-161 33
-162 -63
-182 -17
-196 -46
-235 -21
-236 -21
-141 27
-138 -88
-171 -71
-52 -16
-26 -48
-105 -90
-139 -60
-157 -48
-18 59
-6 65
-61 89
-22 -8
-41 -16
-212 51
-147 -1
-55 -7
-9 -17
26 -44
65 -18
6 -44
-54 -165
-59 -5
-65 74
-125 71
-66 76
-104 231
28 167
-25 57
-69 -188
-82 -16
41 -59
64 -164
11 -106
40 -57
46 -25
61 -10
37 -21
-55 -53
-173 23
-174 14
-293 -42
-222 -160
-51 -55
-13 -44
2 -43
-54 -49
-19 -125
93 -64
24 -54
-323 141
-32 33
-79 32
-46 33
-227 123
-84 139
8 56
13 37
28 21
8 29
-157 -67
-33 16
-20 35
5 66
21 51
-46 53
-43 22
-37 -117
-3 -49
6 -38
323 -283
-70 17
-149 105
-198 100
-53 -10
-46 18
-4 76
-66 141
-40 12
-27 -12
68 -141
-9 -43
-72 72
-53 31
-136 131
-66 41
-63 17
-74 34
-49 51
3 93
-30 92
-47 98
-60 103
-26 -28
-12 -32
114 -238
6 -42
-51 37
-229 247
-265 342
-265 237
-120 56
-163 208
-101 98
-164 85
-90 98
-215 234
-69 30
-234 274
-132 110
-111 3
-28 20
-50 20
-111 72
-88 74
-28 36
-22 15
-31 22
-162 71
-128 66
-143 30
-71 -27
-94 -25
-99 44
-27 15
-48 26
-88 75
-91 97
-14 41
-4 62
43 166
83 111
24 69
18 142
-29 65
-43 -58
-96 -219
-42 -237
-38 -174
-9 -77
-31 -20
-63 51
-166 68
-237 119
-365 302
-277 39
-548 229
-590 288
-99 -13
-86 2
-70 10
-62 -19
-320 -305
32 -7
41 30
34 16
-22 -46
-69 -48
-57 0
-182 77
-160 80
-161 41
-152 12
-124 79
-172 44
-258 163
-164 44
-91 94
-122 88
-123 18
-173 95
-124 13
-434 -63
-325 1
-311 -99
-162 -88
-234 -181
-132 -254
-124 -180
-252 -85
-410 -348
-317 -46
-284 -125
-599 -99
-610 -207
-266 -57
-120 -48
-86 -68
-48 -50
-64 -99
-83 18
-71 28
-518 23
-200 -1
-167 -39
-378 -37
-218 -21
-284 11
-251 43
-269 175
-200 90
-70 55
-210 233
-176 129
-1101 584
-157 126
-339 116
-393 167
-556 388
-134 49
-161 85
-422 349
-259 141
-254 63
-102 -6
-116 -24
13 -37
27 -21
-87 -35
-111 21
-202 50
-196 -2
-166 25
-407 -14
-152 19
-346 126
-240 140
-245 69
-213 -18
-113 4
-175 41
-192 -19
-232 86
-360 37
-108 129
-82 42
-92 24
-68 -39
-120 9
-207 83
-280 72
-112 54
-579 377
-187 172
-79 116
-305 328
-81 113
-24 33
-367 258
-394 211
-697 239
-345 158
-574 330
-364 262
-272 225
-87 47
-380 100
-148 19
-235 -5
-147 -74
-97 -126
-26 -88
66 -72
-41 -70
-77 -44
-135 27
-84 80
-106 35
-55 82
-152 81
-63 105
-92 48
-203 124
-79 23
-92 9
-51 -111
-135 -21
-114 19
-108 58
-51 52
179 0
59 38
23 34
9 71
5 104
-11 43
-25 57
-80 17
-66 5
-42 -6
-68 6
3 71
17 50
-6 146
-67 51
5 96
-25 34
-55 52
-79 -8
-44 -25
9 94
-147 243
-4 215
-18 76
-11 95
277 414
46 95
23 245
53 107
20 108
2 70
-42 189
-1 101
35 203
0 236
304 457
15 168
44 140
0 182
-53 190
-18 342
12 82
84 236
-8 112
-69 485
-113 413
6 231
109 79
86 97
13 167
-67 307
-7 97
24 64
161 14
113 154
26 184
-49 439
53 185
186 463
160 287
265 398
42 99
285 353
144 235
331 407
291 272
328 355
205 252
46 95
102 141
352 318
255 183
281 192
363 214
170 145
310 147
213 165
441 443
25 114
28 63
44 72
219 259
123 89
298 160
593 122
165 49
362 143
231 37
19 3
578 45
168 21
-3 -39
-43 -22
-138 -45
27 -45
38 -34
45 -66
66 -57
88 -57
102 66
81 67
177 69
154 169
229 386
72 183
121 306
247 771
170 385
110 164
111 99
259 183
105 52
242 52
39 -20
1 -37
-67 -23
13 -63
40 -29
90 7
523 117
222 81
191 -69
114 -16
281 52
74 -2
55 -10
58 -25
65 -11
9 -38
-62 -37
-138 -18
-87 7
-52 -25
58 -67
137 10
223 3
275 -56
111 -5
256 -140
200 -10
389 -136
135 -105
109 -112
89 -60
69 -7
313 52
162 -5
107 11
55 -43
66 -64
-9 72
-111 131
-1 39
9 57
319 417
330 286
171 203
81 126
70 145
-29 58
10 53
141 27
-73 64
23 77
77 8
117 86
58 42
211 216
178 144
49 19
87 20
58 61
26 51
169 194
169 267
178 327
72 209
45 39
33 58
73 236
92 252
28 37
4 43
-9 45
13 127
37 71
32 128
131 98
49 60
214 383
111 140
32 80
141 -54
43 69
27 124
160 115
40 10
46 0
112 99
103 106
291 245
212 92
68 2
77 -35
34 24
17 52
53 -7
82 14
88 75
50 59
73 10
84 -24
66 6
33 -15
68 6
47 -43
0 -48
-118 -81
87 -10
62 4
99 73
77 3
15 -66
32 -47
44 -7
278 -5
225 -31
89 -2
68 -13
89 38
80 -31
71 18
108 -6
57 9
73 -4
2 -132
47 -2
31 13
80 105
67 19
122 9
109 -33
35 -61
99 36
80 -14
194 -8
114 31
65 -22
96 -16
187 -61
208 32
117 -62
66 18
87 70
113 54
41 -18
27 -21
68 10
99 81
66 -110
49 68
54 57
95 -95
103 -53
21 -11
33 -17
56 -47
113 -173
38 -78
46 -54
-3 -100
68 -39
70 -81
22 -139
85 59
78 -9
112 -47
147 -31
169 -72
217 16
249 -190
37 29
44 8
141 -111
277 -73
93 5
108 31
231 101
199 -13
66 -98
-41 -43
270 1
177 65
134 80
83 86
100 27
145 -74
64 -185
130 -59
129 -103
57 -58
44 -86
124 -107
126 -19
135 -50
192 14
252 92
107 67
287 80
67 30
100 31
85 4
204 79
84 20
26 6
57 60
-16 89
147 114
325 146
34 21
51 29
75 45
38 14
42 15
127 58
209 42
41 35
94 41
91 55
100 123
78 13
154 67
200 -15
131 42
59 57
73 125
17 240
147 169
56 7
66 78
76 24
56 -16
114 -16
-18 27
-14 35
64 19
41 25
-24 63
-7 48
37 160
78 120
172 146
116 99
149 100
227 114
52 42
95 38
83 54
117 126
118 113
228 180
53 67
136 95
70 73
75 78
798 756
236 250
248 315
285 300
419 587
500 906
165 225
811 828
682 632
529 464
456 259
541 415
680 400
234 44
369 142
214 114
306 221
173 101
190 90
303 91
237 251
309 183
111 35
225 109
264 208
132 47
187 140
282 8
214 41
329 24
83 32
49 106
46 173
-28 59
-16 117
36 5
52 -21
24 -73
56 -103
-25 -7
-50 2
-46 -125
11 -31
27 19
17 43
47 11
60 26
61 10
420 -19
259 -38
169 52
153 82
87 14
86 23
11 -64
142 -399
-40 -156
-121 -108
-95 -62
-199 -356
-78 -468
-108 -254
-72 -326
-13 -123
-3 -36
68 -229
-2 -101
-31 -134
-151 -420
-27 -307
63 -238
-1 -69
-74 -175
-175 -257
-179 -408
-12 -105
47 -206
13 -229
42 -208
-32 -121
-154 -358
-213 -395
-7 -556
42 -108
79 -121
233 -305
251 -222
311 -190
154 -195
66 -84
22 -119
-1 -131
-25 -122
-52 -137
-13 -69
7 -44
68 -18
-12 118
179 159
90 249
141 224
57 65
64 43
99 30
177 -56
97 -55
196 -168
49 -14
116 -34
75 -84
-92 -29
56 -174
155 -62
202 -211
-8 -124
185 -53
190 -101
395 -587
261 -178
376 -304
123 -377
140 -165
51 -88
30 -109
10 -132
40 -101
138 -120
65 -26
118 -17
58 -63
77 -114
-56 -51
-95 -23
-74 26
-44 3
-76 -33
89 -65
239 -90
70 -52
9 -72
255 -85
134 -123
273 -76
535 -80
357 -109
341 -122
578 -303
68 -35
146 -241
68 -50
-23 -31
-15 -50
84 -74
77 -54
146 -152
138 -192
23 -131
36 -67
67 -61
272 -109
490 -114
210 15
329 -70
274 -5
162 40
175 -55
163 -16
87 -16
122 10
-26 66
-39 40
34 6
36 -4
77 -47
140 -131
261 -154
182 -44
228 -12
19 -1
82 -40
296 -415
235 -185
111 -317
46 -67
63 -49
97 -99
325 -134
172 -41
336 -19
64 11
78 26
22 53
7 38
-12 152
128 -159
89 -147
115 -81
205 -203
665 -341
303 -174
248 -114
333 -236
527 -279
98 -91
400 -66
136 -44
83 -47
73 -105
90 -40
176 -107
94 9
197 -12
76 -52
77 -123
157 -170
234 -179
123 -125
66 -41
72 -28
84 -45
141 -125
64 -27
190 6
140 -39
64 -34
148 -168
97 -37
118 49
103 80
73 -16
49 93
-176 81
-276 74
-72 46
-50 45
-114 59
-213 205
-95 54
-200 74
-82 -2
-128 46
-178 168
-134 178
-208 166
-219 285
-65 175
125 99
127 81
90 27
251 19
401 171
513 119
161 113
45 55
78 69
-71 9
-130 -31
-633 -152
-214 -19
-243 -97
-116 -67
-83 9
66 97
-22 106
-22 250
-52 102
-301 244
-302 157
-173 182
-189 89
-189 180
-115 62
-171 156
-490 269
-66 156
-136 28
-152 60
-59 97
-51 61
-350 228
-140 69
-78 25
-113 23
-87 -46
-53 -39
-204 157
-157 93
-167 112
-14 95
-4 75
-86 108
-3 99
-60 58
-67 121
-147 190
-199 175
-154 78
-252 164
-112 51
-145 40
-60 39
-107 105
0 -58
-77 56
-35 68
-71 -6
-107 61
-199 34
-99 -26
-91 -36
-170 -13
-151 -33
-106 42
-112 61
-145 56
-86 4
-123 -57
-336 182
-237 215
-219 123
-128 114
-97 156
-27 197
-273 401
-171 134
-67 143
-38 18
-71 15
-91 56
-65 65
-408 203
-93 28
-118 47
-106 30
-87 8
-226 203
-196 76
-248 150
-122 92
-217 302
-234 242
-178 38
-135 51
-72 92
-90 69
-92 9
-67 94
-64 52
-84 27
-83 5
-118 59
-80 9
-340 41
-377 -123
-283 83
-46 -1
-60 -11
28 -52
32 -38
-93 -40
-100 198
-127 41
-67 39
-41 1
-35 -24
-46 9
-44 25
-218 74
-34 -2
-38 -13
-141 39
-138 48
-193 -4
-152 145
-166 48
-53 1
-373 -51
-428 243
-140 13
45 146
-70 201
-57 95
-9 76
31 106
6 148
24 98
148 260
-53 137
20 135
32 149
123 71
59 54
69 230
166 140
106 123
55 263
30 283
-8 299
17 161
33 126
81 187
62 267
53 165
196 225
99 222
56 61
35 74
-50 288
8 171
40 145
4 74
74 112
143 149
88 76
101 43
44 55
138 247
84 199
106 357
23 261
76 172
111 188
103 488
85 307
111 282
42 78
61 67
19 82
77 135
50 121
70 130
105 5
196 -48
214 63
123 91
97 120
79 133
178 505
75 212
37 312
96 165
62 179
88 114
28 309
-3 190
-22 98
-44 107
74 292
119 110
163 101
61 21
64 -15
59 -43
81 17
257 224
43 135
49 384
16 272
37 113
178 168
421 104
167 171
74 131
75 220
41 251
14 248
19 62
40 74
129 -22
107 -26
179 -3
175 -46
71 -1
126 27
151 61
163 42
126 18
100 85
226 156
20 66
9 76
-92 -13
-83 -23
-29 57
-8 83
20 125
97 60
303 156
306 206
176 173
146 235
64 67
283 147
169 135
103 28
166 119
85 24
116 14
88 -15
37 -127
33 -161
82 -106
132 -118
179 -116
159 -165
104 -47
99 -71
63 -82
120 -57
126 -195
3 -78
-28 -107
6 -68
93 -205
42 -295
45 -214
119 -391
58 -97
169 -211
185 -138
135 -133
246 -151
263 -102
39 -15
551 -10
82 -65
58 9
43 22
53 45
304 42
99 2
119 12
24 -17
5 -34
-42 -33
-79 -40
-15 -78
9 -31
-22 -33
-144 -84
-10 -5
-137 -50
-122 -84
-296 -418
-104 -90
-94 -111
-63 -18
-195 -206
-232 -351
-94 -88
-95 -35
-57 -44
-33 -45
-68 -36
-105 -41
-80 -61
-24 -93
-83 -156
-94 -255
-8 -91
29 -472
49 -304
8 -378
-43 -137
-117 -260
-24 -132
14 -213
26 -63
64 -51
179 -24
9 -33
-13 -70
51 -42
37 -18
-52 -37
0 -33
22 -58
11 -82
21 -85
137 60
54 48
40 -7
-7 -73
43 -70
38 128
23 32
223 105
74 54
88 22
95 -7
136 -41
106 -41
62 -10
73 -25
157 42
99 45
121 -29
109 -154
142 -127
-72 -154
-100 -105
-257 -99
-111 -35
-116 -66
-52 -40
-46 -8
-222 22
-288 70
-39 -11
-61 -32
80 -78
95 -59
123 -109
220 -50
118 -53
141 -174
57 -42
133 -49
91 -60
114 -49
150 -49
12 22
-4 42
-18 39
0 20
207 59
97 -29
51 -74
71 -84
82 -16
70 -3
20 18
-23 61
-16 48
3 15
166 -164
127 -269
196 -179
29 -133
129 -123
128 -107
55 63
35 -80
21 -71
80 -181
95 -109
41 10
36 26
95 -24
63 -35
174 -148
222 -103
94 -24
94 -57
89 -52
60 -19
71 -32
138 -86
78 -69
232 -84
64 -14
80 -35
31 -53
-19 -63
-1 -90
27 -122
24 2
70 92
130 153
-19 78
-19 41
-7 54
46 -7
98 -59
120 -71
110 -32
37 5
28 4
32 90
-2 69
-84 213
-19 99
24 92
13 50
53 75
7 161
27 38
59 49
120 -10
87 -18
69 26
53 120
57 -35
2 128
-37 95
-60 22
-37 -57
32 -94
-10 -47
-23 -47
-41 26
-26 26
-177 376
-101 125
180 428
-10 89
-151 57
-127 40
-48 61
-194 157
-131 157
-128 106
-80 18
-128 -22
-65 29
-30 121
-54 80
-59 0
-76 -33
-58 24
-88 154
-56 41
-214 32
-77 34
-216 148
-88 3
-221 240
-46 70
-19 77
3 176
-24 189
-107 161
-100 284
-124 127
-101 35
-69 54
-181 291
-138 359
-61 113
-91 52
-126 199
-18 117
24 246
-35 178
-108 275
-80 123
-4 114
52 137
168 259
61 139
-15 130
59 95
102 73
46 58
60 291
105 177
48 166
9 72
-72 372
-38 85
-95 97
-90 72
-104 54
-121 36
-309 32
-212 97
-122 5
-118 55
-127 74
-67 398
-72 63
39 141
-51 85
-49 181
-11 111
11 217
-37 267
-138 248
11 181
53 229
-78 160
-2 202
-39 79
22 128
-72 375
125 111
-23 77
-84 27
-48 49
-98 445
-42 134
-40 169
52 78
42 43
-58 211
-7 164
24 181
52 63
18 47
-28 50
-62 66
18 76
44 54
58 127
10 93
-40 350
30 155
-27 116
-17 205
87 5
55 61
33 164
-43 215
8 51
52 72
-29 66
-41 27
-96 392
-31 50
-22 65
123 118
4 284
63 345
-19 274
65 204
44 351
2 93
-19 75
-2 65
40 -61
22 -51
-14 -225
61 31
36 57
12 105
-27 105
-91 105
-105 36
-153 129
-115 11
-182 -28
-68 21
-69 398
-36 70
-388 118
-105 15
-88 5
-83 56
-27 63
-25 26
-22 23
-78 27
-58 59
38 83
-53 4
-56 18
17 151
75 41
-74 91
-3 50
22 36
-30 31
-65 48
44 33
60 16
-128 27
-132 43
20 108
89 82
42 72
60 145
44 135
-98 -150
-125 -173
-58 -37
-207 112
-174 112
-136 176
-205 419
-90 429
16 75
81 110
91 268
19 74
5 59
-31 88
33 29
57 28
47 39
13 54
-50 20
-38 4
-32 -73
-154 -112
-243 -151
-19 -93
-6 -78
-96 -187
13 -91
-61 -73
4 -106
-123 -272
15 -38
36 -45
80 -63
21 -79
-52 -69
-95 -13
-93 39
-205 183
-152 193
-161 157
-173 206
-327 286
-84 93
-255 358
-100 234
-25 161
24 145
131 371
101 175
185 444
68 62
307 177
130 3
67 -47
46 -39
21 -68
28 -66
40 39
57 18
65 68
43 82
62 30
99 32
56 -63
25 -60
0 150
-22 123
30 134
-14 112
-31 107
-26 -100
-7 -81
-40 -75
-184 -31
-14 95
10 83
-34 -56
-60 -52
-181 -49
-10 297
18 139
45 133
-50 -90
-80 -211
-69 -93
-89 -105
-6 55
15 67
-35 -48
-64 -63
-194 68
-49 60
-12 62
-33 10
-132 17
-123 38
-156 15
-110 -13
-485 -172
-247 -41
-33 8
-41 21
-179 30
-58 72
-69 -43
-38 8
-50 24
-86 199
22 -175
-47 -17
-33 8
-140 0
-103 32
39 66
138 71
-132 34
-94 -29
-148 -78
-96 -28
-40 4
-67 42
-210 26
-107 29
-161 22
-191 53
-285 109
-95 -7
-328 90
-739 99
-308 116
-98 22
-183 132
-162 72
-52 53
2 100
-86 -61
-34 42
-57 38
-85 80
0 -131
-91 83
-231 65
-126 92
-47 48
-193 134
-59 57
-75 55
-80 47
-88 15
-190 70
-48 0
-123 32
-196 109
-182 63
-84 11
-77 0
-430 89
-100 32
-132 65
-280 78
-507 251
-35 33
-65 85
-146 108
-109 102
-235 121
-106 78
-304 121
-274 78
-382 173
-75 27
-126 78
-37 -8
-78 3
-62 27
-6 26
-96 97
-386 113
-16 -39
20 -44
167 -4
120 -29
83 -58
17 -43
-251 50
-224 33
-215 78
-29 16
-19 33
-28 20
-70 11
-188 70
-56 64
-440 350
-91 99
-171 235
-67 217
52 69
60 183
195 290
126 66
152 10
228 56
99 83
115 146
164 559
-13 233
-64 198
60 -55
33 -81
24 -168
24 -87
61 -67
59 -34
113 21
117 56
352 262
140 -4
82 61
49 76
24 141
-18 57
-12 78
4 90
19 81
446 12
428 -1
72 -14
70 -36
-26 -106
58 56
76 44
128 -39
115 17
299 87
246 124
61 56
156 105
238 86
671 113
76 -52
92 -176
77 -52
108 94
-108 77
-85 33
-36 41
201 -61
87 -2
85 -20
201 -80
153 -32
75 24
62 34
129 9
100 -14
220 -66
276 -46
250 48
387 192
82 92
102 262
-7 61
-21 74
-101 44
16 39
-22 53
-2 61
51 14
72 37
81 102
302 107
73 47
28 116
-31 310
-5 50
156 380
75 117
104 68
43 12
76 21
42 -10
54 -43
57 -25
42 5
118 73
178 233
188 384
147 221
178 190
217 184
66 82
223 450
108 78
289 281
194 146
81 82
85 59
75 21
383 455
119 216
30 -5
22 -66
-78 -142
-6 -48
26 -18
137 86
138 211
-8 44
-21 51
-114 5
-26 -49
-30 -14
-4 78
99 278
104 363
23 63
26 24
43 9
65 -67
1 49
-47 83
82 69
83 53
141 251
43 19
63 -7
115 74
86 89
80 50
45 -36
221 -43
140 -54
131 18
128 94
136 147
44 100
109 477
73 146
98 124
176 103
46 53
75 55
61 -76
30 -72
42 -49
119 -21
-108 53
-48 93
-78 109
-107 -15
-239 -82
-100 -42
-58 65
-14 132
75 25
61 9
-35 17
-109 141
46 139
54 15
118 -33
290 75
-55 18
-11 48
-20 22
-31 10
-272 -49
-71 4
-40 18
-38 32
77 89
84 24
-92 49
-12 60
13 85
105 -10
75 -22
104 -71
-1 79
156 23
-78 31
-142 12
-89 73
-62 67
-15 45
14 75
100 98
93 49
118 2
181 -34
63 14
-292 64
-123 20
-94 2
47 59
64 40
41 89
64 55
108 41
82 13
116 -13
99 29
78 103
-158 -91
-105 0
-87 24
-93 36
75 115
40 74
19 67
-140 -122
-57 -18
-73 1
-40 60
-30 28
13 72
69 57
149 68
131 138
39 59
40 36
104 27
74 -20
103 -64
50 -45
46 11
50 -17
67 -46
76 2
54 25
23 90
82 -74
67 -12
31 62
49 67
70 4
62 -8
80 -68
21 -131
89 -123
-24 139
-10 148
52 12
63 -6
41 11
13 31
-59 12
-90 0
-169 40
-179 -22
-69 22
-304 171
-124 119
17 205
28 65
93 98
62 96
88 70
-88 2
-89 48
-203 163
-98 41
-110 63
46 48
7 18
-33 -5
-88 -33
-72 25
-274 63
-198 95
-169 3
-341 45
-191 139
-100 53
-94 60
2 16
-74 54
-248 230
-174 115
157 10
111 -24
-1 27
-94 51
-54 64
-75 40
-38 -19
-19 -28
-72 -53
-33 37
-26 54
136 109
58 28
60 16
-28 32
-193 -52
4 53
-8 28
-51 -56
-55 -38
-217 127
-7 62
47 8
143 -42
29 93
-12 112
-20 48
-29 29
-99 143
2 125
-58 -47
-78 -48
-44 57
-35 71
-49 21
-38 9
-76 70
-30 48
-22 73
-41 37
-112 -36
-57 -76
-34 -61
29 -97
134 -149
-3 -48
-29 -38
-181 105
-161 107
-66 95
-61 129
58 32
37 7
151 -27
36 61
87 20
18 23
-141 -6
-253 31
-44 21
-108 155
-9 -75
-123 81
-102 14
-305 165
-377 63
-126 66
-130 29
-260 -25
-142 -70
-32 -21
-181 -21
-86 -52
-228 -47
-68 -26
-55 -56
-390 -57
-111 10
-8 75
86 143
92 54
103 92
20 50
27 27
90 14
86 24
-60 14
-53 3
-157 -43
-109 4
-68 -30
-76 5
-85 6
67 136
62 50
69 12
81 33
-42 5
-53 -16
-50 10
-59 -1
-161 52
21 135
-13 99
51 49
156 107
65 14
-113 18
-105 -57
-124 -7
-27 47
-6 42
115 166
139 123
96 32
96 52
85 249
31 20
55 11
13 38
-10 54
67 158
34 31
123 -87
64 1
137 -49
13 31
-16 29
-106 13
-63 20
-75 82
-16 67
9 76
50 115
146 143
68 46
143 47
110 51
172 -58
102 59
37 -32
59 -27
-84 119
-110 105
-42 25
-70 100
-33 -22
-169 34
-150 55
-71 64
-149 45
2 129
12 115
15 48
17 58
-49 -61
-62 -31
-204 7
-110 -32
-124 -25
-144 126
-445 64
-124 -30
-122 56
-326 12
-120 57
25 68
-111 82
43 -90
-43 -19
-192 67
-126 21
-173 102
-176 -27
-88 25
-185 13
-65 39
332 50
-46 39
-94 9
-107 -3
-249 176
-191 66
-131 89
-176 19
-138 42
-77 -1
-109 27
-122 2
-99 -41
-93 55
-48 -60
-55 -19
-20 31
0 65
-98 -32
-80 22
-90 3
-47 -44
-41 -6
-68 -14
-63 11
-20 58
61 111
-40 35
-19 36
-55 -85
-73 -50
-71 5
-86 -13
-105 -3
-90 15
-107 -62
-146 -7
-123 -77
-123 -63
-22 -35
-43 -36
-323 58
-170 -26
-76 24
-72 42
144 95
11 45
-352 -141
-277 -69
-68 -50
-202 -72
-322 -45
-201 -84
-224 -15
-121 11
-197 67
-39 56
-9 60
69 53
71 26
26 79
-39 57
-48 68
-197 85
-36 83
-61 102
-75 77
-122 -8
-48 35
0 105
-99 81
-58 36
-189 59
-38 76
-5 94
27 68
-137 -44
-64 49
-4 66
-45 52
-229 -24
-127 173
-308 250
-118 39
-141 105
-199 80
-206 31
-190 -21
-544 120
-392 142
-279 0
-147 46
-129 99
-74 36
-21 -39
-36 -42
-102 67
-87 69
-152 174
-153 90
-219 185
-111 30
-131 24
-126 -58
-46 55
-26 56
-129 113
-110 261
-125 109
-201 256
-206 402
-186 179
-64 170
-246 460
-48 43
-68 27
-101 53
4 70
117 145
27 122
-30 98
8 77
95 -1
74 -10
-45 35
-49 60
-42 25
-42 -7
-34 21
-47 61
24 74
27 30
65 8
242 -69
538 -251
247 -136
72 -20
195 -275
62 -52
96 -46
328 6
118 -16
142 25
150 -81
98 -11
208 59
416 48
276 -15
181 -38
412 -219
146 -100
117 -115
39 -83
81 -109
218 -256
309 -194
31 -66
39 -173
233 -302
279 -185
111 -116
35 -97
8 -99
-33 -148
-14 -136
134 -225
87 -91
94 -116
-15 -96
27 -66
92 -53
221 -166
98 -44
129 -3
47 99
-59 60
-72 7
-60 -44
-32 4
1 59
-11 37
-78 31
-183 28
-54 106
110 -41
105 -50
827 -175
156 -50
83 -66
-34 -4
-31 -5
-15 -25
83 -73
78 -66
82 -29
442 -56
82 -27
93 -42
26 -112
-100 -330
11 -59
40 -81
88 11
62 23
212 -97
107 -30
200 8
241 26
91 -5
54 -25
68 72
181 48
321 202
211 27
114 47
248 66
199 98
87 74
188 38
110 93
124 59
184 17
335 -42
81 18
275 108
125 -39
72 -60
110 26
87 105
44 114
30 300
54 67
-47 53
-59 251
-30 56
-74 -16
-55 -21
-116 20
-152 -42
-217 -8
-103 -33
-61 35
-33 56
53 136
-55 355
70 279
-49 112
-47 53
-29 56
-32 89
-89 100
-111 96
29 18
33 11
-141 84
-74 91
-70 106
49 35
45 19
-54 61
-137 108
-123 29
-116 92
-69 28
3 22
35 -2
31 17
-62 55
-122 7
-128 114
-93 -18
-157 -16
-137 15
-160 47
-5 119
13 82
55 57
107 56
63 65
-39 63
-49 59
-169 68
-131 -41
-38 -89
-52 -52
-64 -8
-53 55
-43 75
72 179
74 30
-11 31
-57 35
-46 325
-130 164
-71 90
-73 78
-59 19
-38 50
29 85
4 54
-88 71
-14 93
-34 62
-71 56
-51 11
-44 -2
-32 -106
-53 -84
-210 -58
-421 -30
-383 4
-55 77
-149 -126
-15 122
46 222
82 77
90 131
161 79
131 100
304 667
51 25
54 13
92 -47
80 -47
327 -281
-39 95
-287 278
-119 174
3 106
45 55
37 33
75 -8
105 -57
321 -323
80 -48
-282 313
-72 108
-8 39
41 61
48 1
42 1
69 55
56 71
35 0
42 -56
39 -127
66 -138
6 28
-15 152
7 113
43 19
37 2
68 -37
18 -43
-6 -55
9 -37
71 121
-103 86
-50 89
17 45
41 19
177 18
43 23
-30 14
-75 15
-58 52
-26 106
-52 41
-22 27
61 122
27 86
69 94
145 281
20 156
177 94
23 81
14 96
107 147
115 132
43 149
116 121
21 166
132 31
125 22
8 93
64 40
60 26
48 -6
64 -35
75 9
60 33
27 -1
11 16
-51 5
-50 27
46 12
38 -3
80 -40
342 -9
-24 98
255 -86
63 55
43 62
-81 45
-71 64
119 -25
237 4
69 -47
194 -67
60 -38
172 16
140 -36
264 -5
-90 41
91 15
197 -58
44 -21
57 -17
116 -16
114 -54
169 -50
163 -2
87 -63
198 -82
180 -42
197 -77
49 -78
57 -69
101 -96
178 -131
109 -52
117 -109
40 -12
61 -7
11 -26
-10 -32
73 -39
79 -82
88 -59
6 -38
-8 -55
-19 -54
12 -48
81 -31
85 -79
80 -131
41 -52
34 8
151 -194
104 -175
158 -60
165 -194
146 -190
296 -219
84 -146
18 -15
-45 123
154 -20
72 40
107 -87
168 -172
38 -95
57 -79
186 -178
72 -49
72 -31
100 -64
33 -12
187 -110
91 17
71 77
166 75
85 -6
88 27
120 2
352 170
48 78
5 104
214 230
83 122
103 55
135 -22
208 202
71 -16
154 -62
40 8
0 42
-9 35
-33 61
-8 65
24 50
-3 45
20 38
8 56
-39 37
-11 53
106 189
73 19
66 3
91 34
51 117
32 110
38 70
91 102
2 117
9 47
18 94
39 79
-7 100
64 56
72 23
3 30
-18 28
-72 61
26 58
38 24
68 -33
90 -12
76 -1
-4 114
-32 22
-53 -27
-46 27
-45 59
-74 69
-21 28
4 74
-10 76
3 109
-37 71
-46 31
-57 -35
-47 -16
-14 67
17 71
11 127
25 89
59 108
155 -23
-2 45
-19 28
-147 93
3 56
32 16
-76 71
-3 101
-105 -10
-39 -141
-109 -20
-96 -79
-79 23
-136 -41
-43 22
-35 41
-58 41
-70 38
-89 -13
-108 69
-40 85
-26 22
-45 16
-4 -52
14 -46
-49 -3
-69 55
-31 185
31 222
60 105
72 37
33 31
58 -6
154 -199
48 13
32 45
39 17
47 -23
21 -185
86 -26
93 40
93 137
41 44
76 22
90 14
-11 24
-96 23
-24 46
7 63
65 85
108 119
9 107
34 119
82 20
-1 44
-26 40
-3 43
12 77
-8 98
49 73
24 211
49 79
47 30
64 64
-9 49
7 48
59 53
74 18
-7 81
-37 92
-43 76
-21 112
26 51
33 34
116 -13
61 -17
3 36
-23 33
-31 10
-46 -18
-63 74
-41 91
43 48
39 27
43 64
43 84
-64 95
26 50
31 30
181 24
89 81
-133 60
14 117
56 62
20 39
13 49
24 83
21 49
74 28
53 13
54 -38
190 2
98 -68
34 -35
63 -18
76 -87
24 -7
23 -7
29 111
55 18
59 -15
47 75
25 101
-50 -29
-57 -6
-51 17
-108 17
-59 41
-68 93
-127 74
-76 103
-19 84
-28 -8
-56 -111
-32 7
-31 34
11 96
-28 106
-52 129
29 20
49 3
22 44
41 -10
21 -40
41 6
42 -25
52 75
-10 79
-56 76
2 58
92 -10
33 28
44 21
57 59
-16 59
-113 39
-9 104
23 42
45 18
24 98
73 80
35 104
-41 94
-57 93
0 115
46 37
60 26
28 79
-29 116
-22 96
77 211
8 94
32 49
31 16
31 30
-40 94
5 125
61 49
173 18
38 48
10 83
50 30
49 -17
27 -53
6 83
23 48
70 101
194 50
-24 122
-44 50
20 65
48 77
67 66
-5 40
-73 16
-47 21
32 49
115 45
35 -2
21 -27
49 33
16 113
-20 49
102 40
76 74
-3 97
94 65
140 152
81 -5
53 -27
16 -145
36 -31
42 -5
6 54
-6 38
8 71
78 8
67 73
-1 108
-53 100
28 117
-21 148
41 97
125 62
36 -27
27 -52
27 -3
14 71
61 114
18 87
76 47
122 -42
82 64
14 47
-17 211
26 50
75 -42
49 -75
58 -23
36 34
18 83
-22 81
14 78
-51 77
-41 94
23 29
46 -3
154 -80
108 14
124 64
96 31
85 -29
5 -118
-55 -83
-5 -86
26 -68
147 -125
-18 93
-41 81
-9 57
1 93
72 104
109 126
64 104
34 84
37 -5
43 -36
36 -9
97 -46
62 -59
12 -88
55 -14
54 -34
55 -2
-38 64
-18 58
46 57
56 22
15 35
-48 -9
-61 6
-48 21
-6 37
-73 3
-24 86
48 75
38 44
109 10
105 42
211 140
59 106
100 84
62 71
94 68
70 21
99 -41
58 77
49 -4
57 24
146 148
47 0
39 -70
33 -15
3 65
-9 79
33 67
120 76
134 63
36 48
19 71
-124 55
8 83
94 155
-32 100
75 -8
154 -64
120 -63
73 44
21 71
33 40
83 32
81 -122
-16 101
37 39
58 -15
107 -144
13 -73
62 39
44 47
-1 122
20 61
-30 74
-97 63
6 64
356 50
115 -27
22 -53
-23 -66
-94 -132
-26 -184
52 69
47 102
196 229
90 177
18 -66
6 -73
58 -132
27 -134
248 -245
55 -92
22 -83
-2 -99
-141 -255
-28 -271
170 -138
-56 -142
16 -92
-13 -32
-9 -34
43 51
104 204
3 180
-36 191
38 76
77 41
88 60
142 312
90 109
51 109
23 147
6 94
47 109
145 -44
101 -48
157 -125
165 -310
143 -146
91 -150
31 -117
70 -150
103 -36
61 -36
36 -219
-68 -150
-46 -155
30 -156
24 38
16 25
-10 85
140 336
-25 141
-49 131
-163 182
-27 172
21 120
-4 86
-147 329
-12 83
4 102
112 -10
84 -24
93 -81
58 -77
70 -183
32 -40
53 -47
166 -3
53 -59
32 -49
110 -303
94 -137
103 0
79 44
174 -26
220 -137
254 -118
147 -111
78 -5
150 -74
303 -103
105 -56
52 -66
122 -237
48 -194
86 -187
132 -156
35 -76
-1 -150
101 -36
163 51
102 137
187 77
58 96
111 82
119 112
29 91
26 55
49 46
47 67
59 48
62 28
74 164
49 66
23 -20
10 -84
102 -87
31 23
52 66
24 87
2 58
-39 15
-79 -13
-31 18
-25 45
55 126
21 119
38 43
173 1
72 30
43 64
-30 71
18 49
41 9
54 -22
68 -86
26 14
2 68
-37 111
13 64
49 90
78 269
98 257
123 263
12 117
-12 112
-32 41
-47 17
-30 22
-16 32
-2 67
83 116
32 63
56 3
19 -36
46 -40
70 69
43 71
137 -14
85 94
23 -65
-18 -109
-3 -155
51 -169
66 -59
7 -53
-33 -47
-51 -45
12 -149
3 -176
55 -135
64 -117
21 -168
125 -171
109 -299
-133 -380
-9 -85
-13 -28
-23 30
-33 25
-128 -156
-144 -273
-55 -3
-43 8
-98 -127
-30 -311
13 -163
63 -175
76 -114
54 -45
163 2
147 36
20 42
40 56
48 -19
28 -32
32 -2
95 -8
139 -88
84 -140
-1 -133
-31 -124
88 -528
129 -248
112 -111
201 -98
66 -4
162 63
281 168
57 81
36 175
-32 107
-128 150
51 174
59 154
-17 126
12 74
-6 86
17 65
39 63
186 185
153 36
101 61
90 69
151 200
84 259
217 519
27 110
358 292
60 70
34 81
66 81
93 83
59 89
-23 362
-35 62
3 130
30 37
93 43
5 26
-132 24
-154 281
-85 39
-61 96
-42 -11
-104 -61
-38 -12
-222 -208
-90 -114
-95 -68
-106 -284
-90 -43
-70 40
-46 4
1 -48
-19 -64
-76 -139
-26 19
-67 14
-67 -25
-8 81
-2 156
26 273
-14 33
-39 -60
-79 -93
-49 -37
-111 52
-149 -417
-13 -75
-26 -81
-108 15
-81 42
12 43
23 29
41 84
23 197
34 133
27 20
63 -37
48 44
7 68
-19 60
5 59
41 59
16 59
41 66
58 73
115 104
99 110
235 505
19 121
54 71
13 195
40 42
36 79
5 142
18 91
55 30
41 40
-60 109
19 346
83 161
88 83
-8 12
-8 13
-89 -26
-41 55
-75 153
-74 51
-102 30
17 61
20 33
90 7
16 36
-56 93
-112 232
-7 80
-56 181
-99 13
-102 39
-38 -3
-416 -253
-66 12
-63 130
4 125
-19 65
-42 65
-10 -62
4 -77
-15 -105
-108 -243
-77 -93
-138 -93
-47 2
-62 -8
-104 -184
-27 88
11 128
-35 88
16 168
-12 44
-25 40
-19 -54
-107 -204
-8 38
-41 75
-38 209
-96 54
-23 -7
-6 49
11 42
85 133
103 94
45 19
22 74
-111 173
-4 108
-127 67
21 44
65 42
49 167
-81 203
-7 50
-8 11
-27 -13
-10 -43
-28 -15
-63 17
-37 28
-66 49
-104 -7
-36 46
-116 95
-101 -45
-36 30
-55 11
-127 82
-18 91
-19 17
-33 -19
-44 -79
-38 -7
22 -33
102 -55
12 -97
60 -109
-13 -91
-38 -58
-11 -77
-87 -135
-99 -56
-80 20
-3 50
-38 158
27 44
16 55
-108 19
-108 41
-48 4
-89 -8
-105 13
-70 -17
-61 57
-67 85
-24 11
-39 -29
-53 -17
-24 73
-26 33
-103 -36
-55 -115
-45 -60
-22 -54
-41 -1
-16 78
-19 49
-37 -32
-33 -89
-45 -33
-142 -64
-97 -35
-63 -70
-109 36
-112 71
-110 23
-13 58
27 69
-13 45
-45 -54
-23 -66
-18 32
-40 20
-3 -99
25 -125
-47 -37
-83 69
-96 149
-66 24
-77 2
-37 23
4 53
86 27
108 144
-18 41
-43 30
-12 71
168 134
148 216
-35 22
-58 -8
-57 -66
-59 -22
-83 152
38 56
52 20
72 78
63 -56
55 -33
80 14
21 73
-4 47
-74 41
-76 67
31 83
62 27
60 -80
47 -23
36 20
29 56
11 158
53 104
3 59
-88 59
-18 57
-5 124
-36 112
-5 56
62 4
84 -29
53 39
32 53
19 132
-26 153
8 184
21 97
59 137
151 115
165 90
189 66
261 77
103 11
-13 -63
-32 -52
13 -32
33 -22
86 -2
64 -11
121 2
62 34
86 18
166 -12
105 40
184 -47
133 -8
216 -83
403 -283
209 -200
289 -233
447 -244
58 -46
64 -80
41 -87
30 -39
82 -151
186 -186
41 -87
18 -118
36 -84
29 -102
88 -12
78 39
27 35
-24 66
84 26
102 -2
133 -20
86 41
114 299
100 100
37 139
3 198
53 89
41 118
68 100
120 90
40 142
70 102
63 165
170 135
65 96
131 368
75 33
192 -30
180 54
88 -7
102 -77
101 4
117 70
94 120
91 52
94 79
55 61
51 112
86 56
31 79
88 143
-10 111
-17 68
28 50
23 43
197 104
133 -125
17 47
-39 190
11 79
-19 133
71 87
75 47
50 101
174 123
207 206
52 73
47 144
-6 37
-16 37
-109 -115
-76 -31
0 80
24 82
126 204
69 77
-75 24
-356 -30
27 177
-38 95
4 133
-82 155
11 60
3 73
-85 62
-26 101
67 169
64 258
2 122
117 301
95 146
249 536
136 225
99 214
159 129
150 223
64 6
72 44
403 342
66 112
49 155
73 67
105 42
155 209
156 144
102 133
91 67
223 343
246 278
178 260
111 84
322 337
212 104
80 127
202 55
145 108
86 30
81 57
326 414
252 166
252 206
88 148
115 155
91 85
143 237
99 115
101 58
249 53
191 154
31 -44
59 -25
66 17
39 23
62 15
69 35
41 32
265 86
166 -6
64 -46
85 -2
122 122
21 28
28 12
25 -61
24 -29
415 -59
254 45
187 125
64 25
181 17
182 151
206 94
108 196
133 129
60 109
136 19
122 99
55 -76
37 -79
97 -160
68 -38
114 113
103 21
187 -10
58 -169
142 -212
48 -35
4 47
-77 294
82 147
87 74
109 -28
41 -156
120 -203
41 -9
101 -318
217 -341
188 -105
51 -63
153 -321
51 -62
21 -89
-84 -387
25 -215
102 -409
-22 -39
-75 59
-75 -11
-104 17
-174 -23
-125 -38
-175 -150
-33 -60
-14 -131
1 -70
68 42
82 115
145 162
128 -1
13 -40
0 -34
-51 -115
-183 -126
-122 -303
-44 -212
-21 -410
7 -74
33 -33
53 93
75 203
159 128
37 141
44 49
23 -212
58 -147
73 -137
23 64
6 48
26 62
127 153
8 -141
-9 -147
-100 -236
-53 -46
-72 76
-32 86
-203 -103
26 -136
-9 -133
-57 -83
22 -84
127 -36
130 46
292 41
99 50
109 4
60 -27
3 -82
-10 -135
0 -342
-30 -386
108 -414
15 -113
24 -67
110 -46
62 23
40 27
171 279
47 210
191 424
158 176
67 109
117 334
101 218
97 178
83 194
137 189
27 119
294 382
66 67
90 39
40 38
337 444
122 304
174 216
68 262
28 63
98 112
58 184
35 59
139 140
126 445
51 48
347 190
91 105
114 198
111 359
121 256
96 152
255 270
153 305
87 250
130 612
-26 332
67 345
-3 254
-32 360
38 1072
-40 201
-44 73
-132 103
-27 118
50 223
209 171
27 93
-84 267
-7 236
-97 474
22 174
97 187
26 382
-152 234
-4 236
25 187
86 51
31 -75
-26 -146
75 -35
83 88
-57 128
6 208
7 72
39 -30
32 -47
72 -63
97 225
33 135
9 218
-119 560
-12 123
-48 131
-35 210
-31 -127
-31 -56
13 131
-38 114
-8 94
14 40
48 49
48 71
15 51
-3 136
-22 178
-37 138
-201 312
-39 144
7 162
-13 66
-54 91
-64 -271
-13 -257
17 -228
-81 -384
-208 206
-8 378
43 383
87 77
34 155
-5 81
-72 175
-28 242
13 64
143 196
12 118
-3 77
124 88
10 334
-111 197
-38 119
33 236
79 129
29 82
-76 246
47 120
8 193
-6 143
80 -7
90 14
90 -196
90 -388
-59 -225
-6 -86
8 -59
46 -63
71 59
58 60
72 -2
103 26
44 97
7 51
211 137
282 393
173 457
132 288
95 137
219 203
159 288
51 139
66 147
209 50
49 111
35 101
111 192
71 287
52 98
-4 330
-41 271
11 82
61 182
-15 213
39 277
72 253
7 112
-15 106
-106 128
-27 73
-62 56
39 170
145 461
1 55
-10 71
-55 12
-46 -4
-145 -70
-110 -84
-214 -232
-32 -48
-58 31
-105 35
-115 -114
-57 -45
-14 93
64 121
41 180
-3 97
-20 98
-193 -153
-102 -25
-39 -24
-53 -3
29 113
42 81
31 114
13 285
140 148
70 122
578 1151
121 205
8 113
-20 102
3 91
42 19
16 34
-6 104
-107 66
-54 72
10 53
17 38
40 54
34 59
54 60
38 -50
55 -199
99 9
159 113
103 -13
107 45
53 50
24 45
36 44
82 -58
56 43
40 45
146 924
8 162
-30 149
-104 225
-54 252
-23 353
-47 20
16 -137
-15 -66
-42 12
-32 -18
38 -84
20 -236
42 -217
-3 -73
-124 -310
-55 -81
-247 -133
-171 -6
-163 -48
-71 -137
-82 -46
-97 -33
-41 169
-32 19
-44 13
-104 -112
-129 -273
-27 -31
-58 -35
-109 156
-40 -125
-27 -119
-50 -114
-17 -379
-124 -260
-122 -447
-71 -198
-46 -64
-188 -158
-80 -92
-125 -305
-181 -230
-219 -364
-25 -144
-55 -164
-153 -197
-267 -503
-323 -255
-108 -139
-85 -145
-92 -97
-95 -174
-143 -350
-118 -238
-80 -128
-74 -46
16 -65
-39 -235
34 -309
-221 -216
-22 -233
53 -231
-26 -114
-24 -42
-32 -38
-71 108
-61 48
-55 16
-95 13
-176 -128
-138 -121
-131 -199
-239 -462
-30 -42
-57 -42
-623 -266
-278 -74
-446 -88
-149 9
-334 56
-344 86
-593 199
-184 45
-738 149
-140 11
-119 44
-121 75
-117 136
-142 12
-454 113
-438 10
-95 21
-68 22
-85 128
-103 42
-77 11
-78 24
38 99
206 355
196 288
71 41
55 98
70 194
205 281
281 228
214 131
78 30
77 7
167 -19
61 53
186 75
48 -49
35 -128
75 40
18 93
-35 75
-80 44
-26 61
139 207
69 184
121 450
-8 186
-105 175
5 78
145 -23
106 -104
67 1
104 57
69 -42
52 -43
111 -27
224 78
123 88
58 64
99 215
143 228
110 256
37 163
20 194
-77 164
-5 331
17 101
156 241
63 139
134 -26
112 -84
141 -172
66 -39
153 -56
138 -5
159 52
185 148
250 161
38 61
60 188
47 127
26 67
138 -39
56 100
35 82
-14 207
32 66
14 94
-73 -63
-50 -82
-68 -180
-99 -85
-166 212
-32 132
11 75
92 142
37 72
59 75
215 -42
117 -51
123 14
37 -92
16 -119
-18 -124
34 -72
54 -47
64 -12
148 24
80 -7
141 -46
40 0
74 17
119 178
88 152
72 79
50 26
103 12
47 -81
109 -427
2 -64
-44 -132
-138 -55
-49 -76
28 1
33 19
51 -214
46 -99
43 -58
63 -38
96 -42
196 89
174 93
262 311
91 190
139 204
25 88
22 35
34 34
94 -64
23 35
11 35
-17 75
172 188
217 -4
185 52
76 44
54 45
52 84
27 80
64 116
50 54
13 36
-4 133
-20 105
-33 117
-86 -22
76 139
84 125
15 63
-12 85
-64 145
-123 109
-33 75
3 100
17 65
85 55
153 11
26 108
10 92
70 131
31 167
121 359
123 238
5 172
-71 -44
-68 -16
-168 -62
-89 -62
-110 -32
-57 13
-73 38
7 86
16 59
75 121
360 511
99 263
63 399
40 120
65 392
18 325
-29 207
1 118
32 439
-39 49
-119 342
-173 197
-15 39
-32 33
-70 11
-44 29
-37 56
-81 171
-20 197
44 45
38 27
212 89
83 77
51 1
41 18
61 191
27 150
203 541
117 239
-6 102
27 87
37 80
15 69
82 146
64 180
55 -31
50 34
19 101
4 88
59 112
46 -7
19 41
-3 58
-18 79
19 40
64 -70
60 -31
33 50
-63 198
1 77
150 259
159 232
-37 199
116 317
23 146
6 229
44 97
80 104
-9 83
95 394
68 76
19 98
7 76
56 172
162 714
65 109
95 266
30 204
25 252
31 31
35 -182
32 -43
34 -2
29 27
55 34
13 67
-40 82
0 86
34 39
-3 41
-44 21
-52 -44
-41 -20
-45 -3
-12 58
-4 312
-36 356
-192 945
-31 81
-4 76
76 13
73 43
41 112
103 188
75 94
85 0
90 -60
21 -130
56 -79
68 -42
50 69
20 76
69 -16
43 -57
92 -304
63 -107
55 -2
140 -126
-30 -18
-68 12
-47 -43
7 -65
38 -10
82 37
35 -52
17 -188
32 -26
45 186
0 55
16 50
175 -39
123 -42
11 -114
35 -85
78 24
39 2
133 -96
53 -68
50 -84
-55 -65
-74 -33
-15 -86
2 -92
83 -265
139 -255
129 -23
164 57
26 -40
11 -39
-55 -338
-85 -207
-9 -112
57 -223
-96 -367
56 78
22 64
41 68
79 -50
59 -54
42 -78
20 -112
-40 -111
-40 -87
-43 -181
-35 -347
0 -234
-66 -398
3 -150
93 549
7 298
60 385
117 280
-106 368
-15 128
9 274
-62 238
18 79
57 75
85 -100
53 -86
16 -97
-9 -294
18 -194
22 -111
24 72
-33 212
44 256
-68 298
-60 73
-23 85
-153 245
-61 167
-45 536
-69 235
28 178
151 452
40 298
99 203
113 176
33 173
> 43426 145944
19 -3
12 -10
-2 -17
0 -18
5 -14
-2 -13
-8 0
-6 13
-11 5
-13 7
2 13
4 24
0 13
> 43647 146333
5 -23
-13 -26
-9 -10
-5 14
-5 44
5 27
19 -9
3 -17
> 43449 146089
-15 -40
-14 -21
-13 4
2 14
12 24
8 16
11 15
9 -12
> -21186 -159811
-14 -21
-29 -10
-9 2
-4 27
-8 40
1 32
8 4
33 -3
20 -28
2 -43
> -8559 -172494
11 -5
2 2
-10 10
-11 6
-14 2
-2 -5
11 -4
13 -6
> -9345 -171200
12 -4
0 2
-6 8
-8 5
-8 3
-3 -3
6 -4
7 -7
> -4503 -172215
3 11
0 7
5 1
3 -2
-2 -14
-13 -16
-17 13
2 26
7 8
-1 -13
-2 -14
7 -7
8 0
> -2856 -171647
0 19
9 0
36 -12
25 -25
20 -33
5 -21
-7 -6
-6 -3
-7 3
2 7
6 12
-6 18
-9 15
-11 13
-30 20
-18 1
7 -16
15 -23
3 -20
-4 2
-4 9
-14 16
-12 24
> -3125 -171092
10 4
-5 7
-15 -4
-8 -5
6 -7
12 5
> -4442 -171252
-2 13
-10 7
-9 -1
-5 -10
1 -12
7 -7
11 0
7 10
> -4688 -174501
13 -12
16 -18
2 -10
-5 0
-3 8
-9 10
-12 12
-1 -6
5 -12
-8 5
-4 17
-1 6
7 0
> -4048 -155015
-7 0
-16 20
-15 24
-8 12
6 3
32 6
14 7
11 -8
-8 -36
-9 -28
> -11392 -151813
-17 -6
-22 3
-20 9
-6 16
16 8
27 -8
21 -12
1 -10
> -5609 -155911
1 -8
0 -10
-11 1
-13 14
0 27
5 23
8 2
8 -10
2 -39
> -19125 -178576
6 13
6 6
4 -11
-10 -21
-18 -10
-14 3
-14 22
-10 28
9 11
9 -6
3 -16
11 -17
18 -2
> -18978 -179867
-21 2
-4 14
12 2
20 3
9 7
6 9
-12 18
-2 14
30 -2
16 -31
-19 -25
-21 -7
-14 -4
> -20667 -178723
7 -6
7 -2
8 3
-1 3
-6 6
-8 5
-8 2
-3 2
1 -5
3 -8
> -33585 -78838
7 -21
3 -18
-1 -11
-38 -50
-30 -41
-18 -10
-6 6
22 179
4 29
15 6
17 -16
25 -53
> -7883 -14384
-23 -15
-38 -16
-23 6
-9 10
2 35
18 47
21 14
22 -26
27 -31
3 -24
> 11216 72788
-14 -8
-6 -7
18 -1
29 10
20 11
-3 3
-18 -3
-26 -5
> 8257 73053
-5 -14
2 -10
12 -6
9 3
-10 13
10 17
31 19
11 4
-6 5
-18 -4
-24 -13
-12 -14
> 3231 73417
-2 -22
17 -13
25 3
18 17
1 26
-16 15
-24 -8
-19 -18
> 4187 73519
-22 -7
-10 -17
4 -16
12 -6
17 8
22 14
25 9
13 14
-5 10
-13 -1
-19 -5
-24 -3
> 3039 131137
-14 -2
-3 15
4 22
16 14
14 2
5 -16
-7 -20
-15 -15
> 7379 151593
-4 15
-18 -4
-6 -29
-5 -5
-8 8
-5 61
13 9
17 2
16 -7
11 -14
-1 -23
-10 -13
> 7467 151882
-1 -17
-9 -5
-25 -4
-5 8
5 17
22 32
6 -2
7 -29
> 11169 166888
-3 -29
-13 -14
-7 19
7 26
12 9
4 -11
> -12482 177118
5 -50
-11 -42
-3 -20
-16 13
-9 63
11 39
12 6
11 -9
> -21702 174593
22 -6
13 17
-9 24
-19 2
-11 -8
4 -29
> -8535 179201
11 13
9 3
27 -5
22 -9
-4 -4
-19 -1
-23 3
-23 -5
0 5
> -7458 178667
-5 10
-11 13
-9 5
-12 -2
1 -6
14 -13
22 -7
> -8032 178387
-15 -8
-14 -8
-7 6
22 13
14 -3
> -866 169523
13 3
6 13
-10 16
-17 -4
-2 -9
10 -19
> -24323 -128330
-17 -20
-31 8
-29 21
-13 21
16 10
32 -1
31 -13
11 -26
> 28217 -177354
4 -17
-12 -18
-13 -1
4 19
7 9
10 8
> 24545 -81784
9 44
21 1
2 -29
-19 -43
-16 2
3 25
> 21264 -86727
16 -12
-1 -14
-46 17
-36 22
-6 18
48 -18
25 -13
> 66328 -165822
-50 -211
-41 -113
-15 -3
5 39
51 168
39 112
11 8
> 24471 54427
35 -29
-1 -19
-34 -44
-28 23
-18 70
-2 29
20 8
28 -38
> 37947 124740
8 14
15 1
11 -10
8 -28
-16 -56
8 -25
-36 -11
-20 31
-5 41
13 20
